priority,stewardPath,brandName,parentCompany,censusRecordId,censusName,country,city,website,propertyId,blankFieldsJoined,instruction
1,browser_save_property_page,Ascend Hotel Collection,Choice Hotels International,recbl4EWE8dzSS0lO,Amberes 64 Ascend Hotel Collection,Mexico,Mexico City,https://www.choicehotels.com/mexico/mexico-city/ascend-hotels/mx228,MX228,Amenities; Hotel Description,Open Website in browser → save complete HTML → extract Amenities/Description from official page only (no invent).
1,browser_save_property_page,Ascend Hotel Collection,Choice Hotels International,recZI5mQ4c0lNhns5,Ascend Collection Roxborough,Trinidad and Tobago,Roxborough,https://www.choicehotels.com/trinidad-and-tobago/roxborough/ascend-hotels/tt006,TT006,Amenities; Hotel Description,Open Website in browser → save complete HTML → extract Amenities/Description from official page only (no invent).
1,browser_save_property_page,Ascend Hotel Collection,Choice Hotels International,recHJi993HTEUWJFV,Ascend Hotel Collection Mas Na at the Groves,Puerto Rico,Salinas,https://www.choicehotels.com/puerto-rico/salinas/ascend-hotels/pr029,PR029,Amenities; Hotel Description,Open Website in browser → save complete HTML → extract Amenities/Description from official page only (no invent).
1,browser_save_property_page,Ascend Hotel Collection,Choice Hotels International,reclMDaf12SrNMDS9,El Cid Castilla Beach Hotel,Mexico,Mazatlan,https://www.choicehotels.com/sinaloa/mazatlan/ascend-hotels/mx164,MX164,Amenities; Hotel Description,Open Website in browser → save complete HTML → extract Amenities/Description from official page only (no invent).
1,browser_save_property_page,Ascend Hotel Collection,Choice Hotels International,recljXyUE3I8sCoxc,El Cid El Moro Beach Hotel,Mexico,Mazatlan,https://www.choicehotels.com/sinaloa/mazatlan/ascend-hotels/mx165,MX165,Amenities; Hotel Description,Open Website in browser → save complete HTML → extract Amenities/Description from official page only (no invent).
1,browser_save_property_page,Ascend Hotel Collection,Choice Hotels International,recl3N6lOAzypuVzl,El Cid Granada Hotel,Mexico,Mazatlan,https://www.choicehotels.com/sinaloa/mazatlan/ascend-hotels/mx163,MX163,Hotel Description,Open Website in browser → save complete HTML → extract Amenities/Description from official page only (no invent).
1,browser_save_property_page,Ascend Hotel Collection,Choice Hotels International,rec1nxUTdoAJ3Am8N,El Cid La Ceiba Beach Hotel,Mexico,Cozumel,https://www.choicehotels.com/quintana-roo/cozumel/ascend-hotels/mx169,MX169,Hotel Description,Open Website in browser → save complete HTML → extract Amenities/Description from official page only (no invent).
1,browser_save_property_page,Ascend Hotel Collection,Choice Hotels International,recDRdpfwuFTi4hJt,El Cid Marina Beach Hotel,Mexico,Mazatlan,https://www.choicehotels.com/sinaloa/mazatlan/ascend-hotels/mx166,MX166,Amenities; Hotel Description,Open Website in browser → save complete HTML → extract Amenities/Description from official page only (no invent).
1,browser_save_property_page,Ascend Hotel Collection,Choice Hotels International,reckaUB0TwG0Cb6wW,Manta Lodge Resort An Ascend Hotel Collection Member,Trinidad and Tobago,Speyside,https://www.choicehotels.com/trinidad-and-tobago/speyside/ascend-hotels/tt008,TT008,Amenities; Hotel Description,Open Website in browser → save complete HTML → extract Amenities/Description from official page only (no invent).
1,browser_save_property_page,Autograph Collection,"Marriott International, Inc.",reclp8HjjAigR49b7,Crystal Cove by Elegant Hotels - All Inclusive,Barbados,St James,https://www.marriott.com/en-us/hotels/bgity-crystal-cove-barbados-a-tribute-portfolio-all-inclusive-resort/overview,BGITY,Hotel Description,Open Website in browser → save complete HTML → extract Amenities/Description from official page only (no invent).
1,browser_save_property_page,Autograph Collection,"Marriott International, Inc.",recW10E0i7zkc34B7,"Hato Rey, Autograph Collection",Puerto Rico,San Juan,https://www.marriott.com/en-us/hotels/sjuao-alma-san-juan-puerto-rico-autograph-collection/overview,SJUAO,Hotel Description,Open Website in browser → save complete HTML → extract Amenities/Description from official page only (no invent).
1,browser_save_property_page,Autograph Collection,"Marriott International, Inc.",recm600FJhAgyHoZV,"Hato Rey, Autograph Collection",Puerto Rico,San Juan,https://www.marriott.com/en-us/hotels/sjuao-alma-san-juan-puerto-rico-autograph-collection/overview,SJUAO,Hotel Description,Open Website in browser → save complete HTML → extract Amenities/Description from official page only (no invent).
1,browser_save_property_page,Autograph Collection,"Marriott International, Inc.",reclS7kOOqfedBjW4,Tamarind By Elegant Hotels - All-Inclusive,Barbados,St James,https://www.marriott.com/en-us/hotels/bgiau-turtle-beach-by-elegant-hotels-all-inclusive/overview,BGIAU,Amenities,Open Website in browser → save complete HTML → extract Amenities/Description from official page only (no invent).
1,browser_save_property_page,Autograph Collection,"Marriott International, Inc.",recSPeSdU95cHl1fH,"The Pyrmont Curaçao, An Autograph Collection All-Inclusive Resort",Curaçao,Willemstad,https://www.marriott.com/en-us/hotels/curak-the-pyrmont-curacao-an-autograph-collection-all-inclusive-resort-adults-only/overview,CURAK,Hotel Description,Open Website in browser → save complete HTML → extract Amenities/Description from official page only (no invent).
1,browser_save_property_page,Autograph Collection,"Marriott International, Inc.",recux8RLiVjzFEVLc,Turtle Beach by Elegant Hotels - All Inclusive,Barbados,Christ Church,https://www.marriott.com/en-us/hotels/bgiau-turtle-beach-by-elegant-hotels-all-inclusive/overview,BGIAU,Amenities,Open Website in browser → save complete HTML → extract Amenities/Description from official page only (no invent).
1,browser_save_property_page,BW Premier Collection,BWH Hotels,recXf5GhpPsCFLGD0,Best Western Premier Maceio,Brazil,Maceio,https://www.bestwestern.com/en_US/book/hotels-in-maceio/best-western-premier-maceio/propertyCode.77119.html,77119,Amenities; Hotel Description,Open Website in browser → save complete HTML → extract Amenities/Description from official page only (no invent).
1,browser_save_property_page,BW Premier Collection,BWH Hotels,recyDjmbVP2V1ZSo6,Best Western Premier Marina Las Condes,Chile,Santiago,https://www.bestwestern.com/en_US/book/santiago/hotel-rooms/best-western-premier-marina-las-condes/propertyCode.76068.html,76068,Amenities; Hotel Description,Open Website in browser → save complete HTML → extract Amenities/Description from official page only (no invent).
1,browser_save_property_page,BW Premier Collection,BWH Hotels,rec5kNnEy5ixge3bG,Best Western Premier Monterrey Aeropuerto,Mexico,Apodaca,https://www.bestwestern.com/en_US/book/hotels-in-apodaca/best-western-premier-monterrey-aeropuerto/propertyCode.70262.html,70262,Amenities; Hotel Description,Open Website in browser → save complete HTML → extract Amenities/Description from official page only (no invent).
1,browser_save_property_page,BW Premier Collection,BWH Hotels,recUF12aRBJxaDdIU,Terra Nova BW Premier Collection,Jamaica,Kingston,https://www.terranovajamaica.com/,71034,Amenities; Hotel Description,Open Website in browser → save complete HTML → extract Amenities/Description from official page only (no invent).
1,browser_save_property_page,BW Signature Collection,BWH Hotels,rec4fyhNXf6c62GCd,Aruba Boutique & Art Hotel BW Signature Collection,Aruba,Noord,https://www.bestwestern.com/en_US/book/noord/hotel-rooms/aruba-boutique-art-hotel-bw-signature-collection/propertyCode.71032.html,71032,Amenities; Hotel Description,Open Website in browser → save complete HTML → extract Amenities/Description from official page only (no invent).
1,browser_save_property_page,BW Signature Collection,BWH Hotels,rec27vAk9TzI8tLei,Brion City Hotel BW Signature Collection,Curaçao,Willemstad,https://www.bestwestern.com/en_US/book/hotels-in-willemstad/brion-city-hotel-bw-signature-collection/propertyCode.71029.html,71029,Amenities; Hotel Description,Open Website in browser → save complete HTML → extract Amenities/Description from official page only (no invent).
1,browser_save_property_page,BW Signature Collection,BWH Hotels,recKQOevm0r59mVku,BW Signature Collection Hotel Rincon De Puembo,Ecuador,Quito,https://www.bestwestern.com/en_US/book/hotels-in-quito/hotel-rincon-de-puembo-bw-signature-collection/propertyCode.70209.html,70209,Amenities; Hotel Description,Open Website in browser → save complete HTML → extract Amenities/Description from official page only (no invent).
1,browser_save_property_page,BW Signature Collection,BWH Hotels,recXEYsh3VzxIZ7Rl,BW Signature Collection Libre Hotel,Peru,Lima,https://www.bestwestern.com/en_US/book/hotels-in-lima/libre-hotel-bw-signature-collection/propertyCode.76413.html,76413,Amenities; Hotel Description,Open Website in browser → save complete HTML → extract Amenities/Description from official page only (no invent).
1,browser_save_property_page,BW Signature Collection,BWH Hotels,recBaQzP4Pu3BI0CO,Mayaguez Plaza Hotel BW Signature Collection,Puerto Rico,Mayaguez,https://www.bestwestern.com/en_US/book/hotels-in-mayaguez/hotel-mayaguez-plaza-bw-signature-collection/propertyCode.55105.html,55105,Amenities; Hotel Description,Open Website in browser → save complete HTML → extract Amenities/Description from official page only (no invent).
1,browser_save_property_page,BW Signature Collection,BWH Hotels,recJwP4KLra5DnmTZ,"Wanderlust Experience Hotel, BW Signature Collection",Brazil,Campos de Jordao,https://www.bestwestern.com/en_US/book/hotels-in-campos-do-jordao/wanderlust-experience-hotel-bw-signature-collection/propertyCode.77124.html,77124,Amenities; Hotel Description,Open Website in browser → save complete HTML → extract Amenities/Description from official page only (no invent).
1,browser_save_property_page,Comfort Inn & Suites,Choice Hotels International,reckVsfRC9Uu7gUUH,Comfort Hotel Bauru,Brazil,Bauru,https://www.choicehotels.com/sao-paulo/bauru/comfort-inn-hotels/br114,BR114,Amenities; Hotel Description,Open Website in browser → save complete HTML → extract Amenities/Description from official page only (no invent).
1,browser_save_property_page,Comfort Inn & Suites,Choice Hotels International,recUQrkSxWLn01s92,Comfort Hotel Fortaleza,Brazil,Fortaleza,https://www.choicehotels.com/ceara/fortaleza/comfort-inn-hotels/br010,BR010,Amenities; Hotel Description,Open Website in browser → save complete HTML → extract Amenities/Description from official page only (no invent).
1,browser_save_property_page,Comfort Inn & Suites,Choice Hotels International,rec6mRuB2thYBcO4L,Comfort Hotel Goiania,Brazil,Goiania,https://www.choicehotels.com/goias/goiania/comfort-inn-hotels/br089,BR089,Amenities; Hotel Description,Open Website in browser → save complete HTML → extract Amenities/Description from official page only (no invent).
1,browser_save_property_page,Comfort Inn & Suites,Choice Hotels International,recLfJf5Y3l37uaMD,Comfort Hotel Guarulhos Airport,Brazil,Guarulhos,https://www.choicehotels.com/sao-paulo/guarulhos/comfort-inn-hotels/br152,BR152,Amenities; Hotel Description,Open Website in browser → save complete HTML → extract Amenities/Description from official page only (no invent).
1,browser_save_property_page,Comfort Inn & Suites,Choice Hotels International,recVCFNAE867smKyT,Comfort Hotel Ibirapuera,Brazil,Sao Paulo,https://www.choicehotels.com/sao-paulo/sao-paulo/comfort-inn-hotels/br050,BR050,Amenities; Hotel Description,Open Website in browser → save complete HTML → extract Amenities/Description from official page only (no invent).
1,browser_save_property_page,Comfort Inn & Suites,Choice Hotels International,recFuwaeV12nr5j64,Comfort Hotel Manaus,Brazil,Manaus,https://www.choicehotels.com/amazonas/manaus/comfort-inn-hotels/br083,BR083,Amenities; Hotel Description,Open Website in browser → save complete HTML → extract Amenities/Description from official page only (no invent).
1,browser_save_property_page,Comfort Inn & Suites,Choice Hotels International,rec0EpqT5eOpSeqle,Comfort Hotel Sao Caetano,Brazil,Sao Caetano do Sul,https://www.choicehotels.com/sao-paulo/sao-caetano-do-sul/comfort-inn-hotels/br126,BR126,Amenities; Hotel Description,Open Website in browser → save complete HTML → extract Amenities/Description from official page only (no invent).
1,browser_save_property_page,Comfort Inn & Suites,Choice Hotels International,recBqjM7mQgCZIpqh,Comfort Hotel Taguatinga,Brazil,Taguatinga,https://www.choicehotels.com/distrito-federal/taguatinga/comfort-inn-hotels/br073,BR073,Amenities; Hotel Description,Open Website in browser → save complete HTML → extract Amenities/Description from official page only (no invent).
1,browser_save_property_page,Comfort Inn & Suites,Choice Hotels International,recJG39v9OTcwihy8,Comfort Inn & Suites Levittown,Puerto Rico,Toa Baja,https://www.choicehotels.com/puerto-rico/levittown/comfort-inn-hotels/pr006,PR006,Amenities; Hotel Description,Open Website in browser → save complete HTML → extract Amenities/Description from official page only (no invent).
1,browser_save_property_page,Comfort Inn & Suites,Choice Hotels International,rec4gTiLtqAToexR2,Comfort Inn Ciudad Juarez,Mexico,Ciudad Juárez,https://www.choicehotels.com/chihuahua/ciudad-juarez/comfort-inn-hotels/mx109,MX109,Amenities; Hotel Description,Open Website in browser → save complete HTML → extract Amenities/Description from official page only (no invent).
1,browser_save_property_page,Comfort Inn & Suites,Choice Hotels International,recwrzq0Sq9wUqx42,Comfort Inn Ciudad Juarez,Mexico,Ciudad Juarez,https://www.choicehotels.com/chihuahua/ciudad-juarez/comfort-inn-hotels/mx109,MX109,Amenities; Hotel Description,Open Website in browser → save complete HTML → extract Amenities/Description from official page only (no invent).
1,browser_save_property_page,Comfort Inn & Suites,Choice Hotels International,recCdbhX9YK5Lfo6g,Comfort Inn Delicias,Mexico,Ciudad Delicias,https://www.choicehotels.com/chihuahua/ciudad-delicias/comfort-inn-hotels/mx159,MX159,Hotel Description,Open Website in browser → save complete HTML → extract Amenities/Description from official page only (no invent).
1,browser_save_property_page,Comfort Inn & Suites,Choice Hotels International,reco6dhOREJ8JyAfa,Comfort Inn Joinville,Brazil,Joinville,https://www.choicehotels.com/santa-catarina/joinville/comfort-inn-hotels/br080,BR080,Amenities; Hotel Description,Open Website in browser → save complete HTML → extract Amenities/Description from official page only (no invent).
1,browser_save_property_page,Comfort Inn & Suites,Choice Hotels International,recEVAyuUgQqrsAa6,Comfort Inn Monterrey Valle,Mexico,Monterrey,https://www.choicehotels.com/nuevo-leon/monterrey/comfort-inn-hotels/mx051,MX051,Amenities; Hotel Description,Open Website in browser → save complete HTML → extract Amenities/Description from official page only (no invent).
1,browser_save_property_page,Comfort Inn & Suites,Choice Hotels International,recyL5evuY45rEV6E,Comfort Inn San Luis Potosi,Mexico,San Luis Potosi,https://www.choicehotels.com/san-luis-potosi/san-luis-potosi/comfort-inn-hotels/mx089,MX089,Amenities; Hotel Description,Open Website in browser → save complete HTML → extract Amenities/Description from official page only (no invent).
1,browser_save_property_page,Comfort Inn & Suites,Choice Hotels International,recqjKt6MSUdEoo0t,Comfort Serra da Canastra,Brazil,Sao Joao Batista do Gloria,https://www.choicehotels.com/minas-gerais/sao-joao-batista-do-gloria/comfort-inn-hotels/br179,BR179,Amenities; Hotel Description,Open Website in browser → save complete HTML → extract Amenities/Description from official page only (no invent).
1,browser_save_property_page,Comfort Inn & Suites,Choice Hotels International,recguCs8MkHILsbxx,Comfort Suites Alphaville,Brazil,Barueri,https://www.choicehotels.com/sao-paulo/barueri/comfort-suites-hotels/br024,BR024,Amenities; Hotel Description,Open Website in browser → save complete HTML → extract Amenities/Description from official page only (no invent).
1,browser_save_property_page,Comfort Inn & Suites,Choice Hotels International,recsyaMGAIQQuvOI3,Comfort Suites Vitoria,Brazil,Vitoria,https://www.choicehotels.com/espirito-santo/vitoria/comfort-suites-hotels/br115,BR115,Amenities; Hotel Description,Open Website in browser → save complete HTML → extract Amenities/Description from official page only (no invent).
1,browser_save_property_page,Comfort Inn & Suites,Choice Hotels International,recchbmgK8qZTKQz3,Former Comfort Suites Macae,Brazil,Macae,https://www.choicehotels.com/rio-de-janeiro/macae/comfort-suites-hotels/br075,BR075,Amenities; Hotel Description,Open Website in browser → save complete HTML → extract Amenities/Description from official page only (no invent).
1,browser_save_property_page,Country Inn & Suites by Choice,Choice Hotels International,recexALRJCnOkTBt1,Country Inn & Suites By Radisson San Jose Aeropuerto Costa Rica,Costa Rica,San Jose,https://www.choicehotels.com/costa-rica/san-jose-heredia/country-hotels/cr022,CR022,Amenities; Hotel Description,Open Website in browser → save complete HTML → extract Amenities/Description from official page only (no invent).
1,browser_save_property_page,Dazzler by Wyndham,Wyndham Hotels & Resorts,rec2TKlMhwraaTSDJ,Dazzler by Wyndham Buenos Aires Maipu,Argentina,Buenos Aires,https://www.wyndhamhotels.com/en-ca/dazzler/buenos-aires-argentina/dazzler-maipu/overview,BUENOS-AIRES-ARGENTI,Amenities,Open Website in browser → save complete HTML → extract Amenities/Description from official page only (no invent).
1,browser_save_property_page,Dazzler by Wyndham,Wyndham Hotels & Resorts,recJDRE02ELNAJDgd,Dazzler by Wyndham Buenos Aires Palermo,Argentina,Buenos Aires,https://www.wyndhamhotels.com/dazzler/buenos-aires-argentina/dazzler-palermo-buenos-aires/overview,DAZZLER-PALERMO-BUEN,Amenities,Open Website in browser → save complete HTML → extract Amenities/Description from official page only (no invent).
1,browser_save_property_page,Dazzler by Wyndham,Wyndham Hotels & Resorts,rec5K8EARkAC4OR90,Dazzler by Wyndham Buenos Aires Polo,Argentina,Buenos Aires,https://www.wyndhamhotels.com/dazzler/buenos-aires-argentina/dazzler-polo-hotel-buenos-aires/overview,DAZZLER-POLO-HOTEL-B,Amenities,Open Website in browser → save complete HTML → extract Amenities/Description from official page only (no invent).
1,browser_save_property_page,Dazzler by Wyndham,Wyndham Hotels & Resorts,rechQ3OmDQACgbZCy,Dazzler by Wyndham Buenos Aires Recoleta,Argentina,Buenos Aires,https://www.wyndhamhotels.com/en-ca/dazzler/buenos-aires-argentina/dazzler-recoleta/overview,BUENOS-AIRES-ARGENTI,Amenities,Open Website in browser → save complete HTML → extract Amenities/Description from official page only (no invent).
1,browser_save_property_page,Dazzler by Wyndham,Wyndham Hotels & Resorts,recRvqKBSqXrWQPD5,Dazzler by Wyndham Buenos Aires San Martin,Argentina,Buenos Aires,https://www.wyndhamhotels.com/en-ca/dazzler/buenos-aires-argentina/dazzler-san-martin/overview,BUENOS-AIRES-ARGENTI,Amenities,Open Website in browser → save complete HTML → extract Amenities/Description from official page only (no invent).
1,browser_save_property_page,Dazzler by Wyndham,Wyndham Hotels & Resorts,recUr4fd0ZbHGnYwN,Dazzler by Wyndham Lima Miraflores,Peru,Lima,https://www.wyndhamhotels.com/dazzler/lima-peru/dazzler-hotel-lima-miraflores/overview,DAZZLER-HOTEL-LIMA-M,Amenities,Open Website in browser → save complete HTML → extract Amenities/Description from official page only (no invent).
1,browser_save_property_page,Dazzler by Wyndham,Wyndham Hotels & Resorts,recmo6pJST2sCK0W5,Dazzler by Wyndham Lima San Isidro,Peru,Lima,https://www.wyndhamhotels.com/dazzler/lima-peru/dazzler-lima-san-isidro/overview,DAZZLER-LIMA-SAN-ISI,Amenities,Open Website in browser → save complete HTML → extract Amenities/Description from official page only (no invent).
1,browser_save_property_page,Dazzler by Wyndham,Wyndham Hotels & Resorts,recMMKOFgIUQ8NVcV,Dazzler by Wyndham Montevideo,Uruguay,Montevideo,https://www.wyndhamhotels.com/dazzler/montevideo-uruguay/dazzler-hotel-montevideo/overview,DAZZLER-HOTEL-MONTEV,Amenities,Open Website in browser → save complete HTML → extract Amenities/Description from official page only (no invent).
1,browser_save_property_page,Design Hotels,"Marriott International, Inc.",recPtyDuFADdczVA3,Circulo Mexicano,Mexico,Ciudad de México,https://www.designhotels.com/hotels/mexico/mexico-city/circulo-mexicano/,MEXUL,Hotel Description,Open Website in browser → save complete HTML → extract Amenities/Description from official page only (no invent).
1,browser_save_property_page,Hotel Indigo,InterContinental Hotels Group,recpu1fwK7CtoOIEq,Hotel Indigo La Paz Puerta Cortes,Mexico,La Paz,https://www.ihg.com/hotelindigo/hotels/us/en/la-paz/lapgo/hoteldetail,LAPGO,Amenities,Open Website in browser → save complete HTML → extract Amenities/Description from official page only (no invent).
1,browser_save_property_page,Kimpton Hotels,InterContinental Hotels Group,recBo7N3KaFfQ4RY6,Kimpton Las Mercedes-Santo Domingo,Dominican Republic,Colonial City,https://www.ihg.com/kimptonhotels/hotels/us/en/las-mercedes-santo-domingo/sdqlm/hoteldetail,SDQLM,Amenities,Open Website in browser → save complete HTML → extract Amenities/Description from official page only (no invent).
1,browser_save_property_page,Quality Inn,Choice Hotels International,rec2hRrU0bZxd1AD4,Quality Hotel & Suites Natal,Brazil,Natal,https://www.choicehotels.com/rio-grande-do-sul/natal/quality-inn-hotels/br058,BR058,Amenities; Hotel Description,Open Website in browser → save complete HTML → extract Amenities/Description from official page only (no invent).
1,browser_save_property_page,Quality Inn,Choice Hotels International,recCZqZoIfrf7MKAZ,Quality Hotel Aracaju,Brazil,Aracaju,https://www.choicehotels.com/sergipe/aracaju/quality-inn-hotels/br069,BR069,Amenities; Hotel Description,Open Website in browser → save complete HTML → extract Amenities/Description from official page only (no invent).
1,browser_save_property_page,Quality Inn,Choice Hotels International,receraO6a2LBlAFS9,Quality Hotel Blumenau,Brazil,Blumenau,https://www.choicehotels.com/santa-catarina/blumenau/quality-inn-hotels/br145,BR145,Hotel Description,Open Website in browser → save complete HTML → extract Amenities/Description from official page only (no invent).
1,browser_save_property_page,Quality Inn,Choice Hotels International,rec1WblO8rnicymJF,Quality Hotel Pampulha,Brazil,Belo Horizonte,https://www.choicehotels.com/minas-gerais/belo-horizonte/quality-inn-hotels/br110,BR110,Amenities; Hotel Description,Open Website in browser → save complete HTML → extract Amenities/Description from official page only (no invent).
1,browser_save_property_page,Quality Inn,Choice Hotels International,reccUca5e2ucKq8gs,Quality Hotel Paulista Sao Paulo,Brazil,Sao Paulo,https://www.choicehotels.com/sao-paulo/sao-paulo/quality-inn-hotels/br147,BR147,Amenities; Hotel Description,Open Website in browser → save complete HTML → extract Amenities/Description from official page only (no invent).
1,browser_save_property_page,Quality Inn,Choice Hotels International,recrq5oWLlU3I3Wdg,Quality Hotel Porto Alegre,Brazil,Porto Alegre,https://www.choicehotels.com/rio-grande-do-sul/porto-alegre/quality-inn-hotels/br084,BR084,Amenities; Hotel Description,Open Website in browser → save complete HTML → extract Amenities/Description from official page only (no invent).
1,browser_save_property_page,Quality Inn,Choice Hotels International,recssgUodOjS9owNf,Quality Hotel Rio de Janeiro - Barra da Tijuca,Brazil,Rio de Janeiro,https://www.choicehotels.com/rio-de-janeiro/rio-de-janeiro/quality-inn-hotels/br121,BR121,Amenities; Hotel Description,Open Website in browser → save complete HTML → extract Amenities/Description from official page only (no invent).
1,browser_save_property_page,Quality Inn,Choice Hotels International,recvyJN4aD5Gh4yXJ,Quality Hotel Sao Caetano,Brazil,Sao Caetano do Sul,https://www.choicehotels.com/sao-paulo/sao-caetano-do-sul/quality-inn-hotels/br125,BR125,Amenities; Hotel Description,Open Website in browser → save complete HTML → extract Amenities/Description from official page only (no invent).
1,browser_save_property_page,Quality Inn,Choice Hotels International,recC9ZIeByrNob1dw,Quality Hotel St Paul Rio Preto,Brazil,São José do Rio Preto,https://www.choicehotels.com/sao-paulo/sao-jose-do-rio-preto/quality-inn-hotels/br090,BR090,Amenities; Hotel Description,Open Website in browser → save complete HTML → extract Amenities/Description from official page only (no invent).
1,browser_save_property_page,Quality Inn,Choice Hotels International,rec6w6h6tfQUrn2uO,Quality Hotel Vitoria,Brazil,Vitoria,https://www.choicehotels.com/espirito-santo/vitoria/quality-inn-hotels/br105,BR105,Amenities; Hotel Description,Open Website in browser → save complete HTML → extract Amenities/Description from official page only (no invent).
1,browser_save_property_page,Quality Inn,Choice Hotels International,recBId5NOA64PCIBO,Quality Inn & Suites Saltillo Eurotel,Mexico,Saltillo,https://www.choicehotels.com/coahuila/saltillo/quality-inn-hotels/mx070,MX070,Amenities; Hotel Description,Open Website in browser → save complete HTML → extract Amenities/Description from official page only (no invent).
1,browser_save_property_page,Quality Inn,Choice Hotels International,recuPczqHC2srskUK,Quality Suites Alphaville,Brazil,Barueri,https://www.choicehotels.com/sao-paulo/barueri/quality-inn-hotels/br008,BR008,Amenities; Hotel Description,Open Website in browser → save complete HTML → extract Amenities/Description from official page only (no invent).
1,browser_save_property_page,Quality Inn,Choice Hotels International,recfJwzEQpnITOiLm,Quality Suites Vila Olimpia,Brazil,Sao Paulo,https://www.choicehotels.com/sao-paulo/sao-paulo/quality-inn-hotels/br025,BR025,Amenities; Hotel Description,Open Website in browser → save complete HTML → extract Amenities/Description from official page only (no invent).
1,browser_save_property_page,Quality Inn,Choice Hotels International,recak8mGBPSSEBswK,Quality Suites Vila Velha,Brazil,Vila Velha,https://www.choicehotels.com/espirito-santo/vila-velha/quality-inn-hotels/br036,BR036,Amenities; Hotel Description,Open Website in browser → save complete HTML → extract Amenities/Description from official page only (no invent).
1,browser_save_property_page,Radisson Blu by Choice,Choice Hotels International,recnKqXBuizbOkD7D,Radisson Blu Plaza El Bosque Santiago,Chile,Santiago,https://www.choicehotels.com/chile/santiago/radisson-blu-hotels/cl012,CL012,Amenities; Hotel Description,Open Website in browser → save complete HTML → extract Amenities/Description from official page only (no invent).
1,browser_save_property_page,Radisson Blu by Choice,Choice Hotels International,recQ33UuRCjytmL54,Radisson Blu Sao Paulo,Brazil,Sao Paulo,https://www.choicehotels.com/sao-paulo/sao-paulo/radisson-blu-hotels/br167,BR167,Amenities; Hotel Description,Open Website in browser → save complete HTML → extract Amenities/Description from official page only (no invent).
1,browser_save_property_page,Radisson by Choice,Choice Hotels International,rech8GkDM3tYQfXph,Radisson by Choice Saltillo,Mexico,Saltillo,https://www.choicehotels.com/mexico/saltillo/radisson-hotels/mx183,MX183,Amenities; Hotel Description,Open Website in browser → save complete HTML → extract Amenities/Description from official page only (no invent).
1,browser_save_property_page,Radisson by Choice,Choice Hotels International,recQVxeHdrKdQlQNF,Radisson Grenada Beach Resort,Grenada,St George's,https://www.choicehotels.com/grenada/st-georges/radisson-hotels/gd002,GD002,Amenities; Hotel Description,Open Website in browser → save complete HTML → extract Amenities/Description from official page only (no invent).
1,browser_save_property_page,Radisson by Choice,Choice Hotels International,rec99PlN1Z4j0pSZj,Radisson Hotel & Convention Center Toluca,Mexico,Toluca,https://www.choicehotels.com/mexico/toluca/radisson-hotels/mx185,MX185,Amenities; Hotel Description,Open Website in browser → save complete HTML → extract Amenities/Description from official page only (no invent).
1,browser_save_property_page,Radisson by Choice,Choice Hotels International,recDLgo6qnMMm44Kr,Radisson Hotel Barra Rio De Janeiro,Brazil,Rio de Janeiro,https://www.choicehotels.com/rio-de-janeiro/barra-de-tijuca/radisson-hotels/br153,BR153,Amenities; Hotel Description,Open Website in browser → save complete HTML → extract Amenities/Description from official page only (no invent).
1,browser_save_property_page,Radisson by Choice,Choice Hotels International,recoJUXtur0QtOKhH,Radisson Hotel Colonia Del Sacramento,Uruguay,Colonia Del Sacramento,https://www.choicehotels.com/uruguay/colonia-del-sacramento/radisson-hotels/uy003,UY003,Amenities; Hotel Description,Open Website in browser → save complete HTML → extract Amenities/Description from official page only (no invent).
1,browser_save_property_page,Radisson by Choice,Choice Hotels International,recnOOi1m9szzaCZO,Radisson Hotel Decapolis Miraflores,Peru,Miraflores,https://www.choicehotels.com/peru/miraflores/radisson-hotels/pe004,PE004,Amenities; Hotel Description,Open Website in browser → save complete HTML → extract Amenities/Description from official page only (no invent).
1,browser_save_property_page,Radisson by Choice,Choice Hotels International,reclz7kJwj8ingYtd,Radisson Hotel Guayaquil,Ecuador,Guayaquil,https://www.choicehotels.com/ecuador/guayaquil/radisson-hotels/ec003,EC003,Amenities; Hotel Description,Open Website in browser → save complete HTML → extract Amenities/Description from official page only (no invent).
1,browser_save_property_page,Radisson by Choice,Choice Hotels International,recrPx45Dd2EMY3TH,Radisson Hotel Maiorana Belem,Brazil,Belem,https://www.choicehotels.com/para/belem/radisson-hotels/br155,BR155,Amenities; Hotel Description,Open Website in browser → save complete HTML → extract Amenities/Description from official page only (no invent).
1,browser_save_property_page,Radisson by Choice,Choice Hotels International,recKsMXA0bk9sxztJ,Radisson Hotel Monterrey San Jeronimo,Mexico,Monterrey,https://www.choicehotels.com/nuevo-leon/monterrey/radisson-hotels/mx182,MX182,Amenities; Hotel Description,Open Website in browser → save complete HTML → extract Amenities/Description from official page only (no invent).
1,browser_save_property_page,Radisson by Choice,Choice Hotels International,rec8VbiatJup4g2ZI,Radisson Hotel Puerto Varas,Chile,Puerto Varas,https://www.choicehotels.com/chile/puerto-varas/radisson-hotels/cl013,CL013,Amenities; Hotel Description,Open Website in browser → save complete HTML → extract Amenities/Description from official page only (no invent).
1,browser_save_property_page,Radisson by Choice,Choice Hotels International,recB0sjy8eQbw7IkO,"Radisson Hotel Sao Paulo, Pinheiros",Brazil,São Paulo,https://www.choicehotels.com/sao-paulo/sao-paulo/radisson-hotels/br183,BR183,Amenities; Hotel Description,Open Website in browser → save complete HTML → extract Amenities/Description from official page only (no invent).
1,browser_save_property_page,Radisson by Choice,Choice Hotels International,recwGtRq733LfHvaH,Radisson Montevideo Victoria Plaza Hotel,Uruguay,Montevideo,https://www.choicehotels.com/uruguay/montevideo/radisson-hotels/uy004,UY004,Amenities; Hotel Description,Open Website in browser → save complete HTML → extract Amenities/Description from official page only (no invent).
1,browser_save_property_page,Radisson by Choice,Choice Hotels International,recwmqTUKqPmsjElm,Radisson San Jose-Costa Rica,Costa Rica,San Jose,https://www.choicehotels.com/costa-rica/san-jose/radisson-hotels/cr025,CR025,Amenities; Hotel Description,Open Website in browser → save complete HTML → extract Amenities/Description from official page only (no invent).
1,browser_save_property_page,Radisson Individuals by Choice,Choice Hotels International,recW9oKmmNs3gswgb,Hotel Faranda Bolivar Cucuta A Member Of Radisson Individuals,Colombia,Cucuta,https://www.choicehotels.com/colombia/cucuta/radisson-individuals-hotels/cb010,CB010,Amenities; Hotel Description,Open Website in browser → save complete HTML → extract Amenities/Description from official page only (no invent).
1,browser_save_property_page,Radisson RED by Choice,Choice Hotels International,recywhDndKbSG8pjY,Radisson RED Funes,Argentina,Funes,https://www.choicehotels.com/argentina/rosario/radisson-red-hotels/aa024,aa024,Amenities; Hotel Description,Open Website in browser → save complete HTML → extract Amenities/Description from official page only (no invent).
1,browser_save_property_page,Radisson RED by Choice,Choice Hotels International,rec5CiGXwcQVyFsVM,Radisson RED Ibirapuera,Brazil,Sao Paulo,https://www.choicehotels.com/sao-paulo/sao-paulo/radisson-red-hotels/br185,br185,Hotel Description,Open Website in browser → save complete HTML → extract Amenities/Description from official page only (no invent).
1,browser_save_property_page,Small Luxury Hotels of the World,Small Luxury Hotels of the World,recuOos2XRhZw3svY,M/Y Kontiki Wayra,Costa Rica,Quepos,https://slh.com/hotels/my-kontiki-wayra,46065,Amenities,Open Website in browser → save complete HTML → extract Amenities/Description from official page only (no invent).
1,browser_save_property_page,Tapestry Collection by Hilton,Hilton Worldwide,recnV6adKBfss0VfR,"Elephant Tree Resort and Villas Tobago, Tapestry Collection by Hilton",Trinidad and Tobago,Roxborough,https://www.elephanttreebeachclub.com/,,Property ID; Amenities; Hotel Description,Open Website in browser → save complete HTML → extract Amenities/Description from official page only (no invent).
1,browser_save_property_page,Tapestry Collection by Hilton,Hilton Worldwide,recgeikvPO8zuKTyJ,"ONE True Blue Beach Hotel & Residences, Tapestry Collection by Hilton",Grenada,St George's,https://1truebluebeach.com/,,Property ID; Amenities; Hotel Description,Open Website in browser → save complete HTML → extract Amenities/Description from official page only (no invent).
1,browser_save_property_page,Trademark Collection by Wyndham,Wyndham Hotels & Resorts,recZNErMGc19WkqIU,Acanto Playa del Carmen Trademark Collection by Wyndham,Mexico,Playa Del Carmen,https://www.wyndhamhotels.com/trademark/playa-del-carmen-mexico/acanto-playa-del-carmen/overview,ACANTO-PLAYA-DEL-CAR,Amenities,Open Website in browser → save complete HTML → extract Amenities/Description from official page only (no invent).
1,browser_save_property_page,Trademark Collection by Wyndham,Wyndham Hotels & Resorts,rec6K2UCVqRXOAkid,CHN Hotel Monterrey Aeropuerto Trademark by Wyndham,Mexico,Apodaca,https://www.wyndhamhotels.com/trademark/monterrey-mexico/chn-hotel-monterrey-aeropuerto-trademark/overview,CHN-HOTEL-MONTERREY-,Amenities,Open Website in browser → save complete HTML → extract Amenities/Description from official page only (no invent).
1,browser_save_property_page,Trademark Collection by Wyndham,Wyndham Hotels & Resorts,recsE1OMt5fekFiI5,CHN Hotel Monterrey Centro Trademark Collection by Wyndham,Mexico,Monterrey,https://www.wyndhamhotels.com/trademark/monterrey-mexico/chn-hotel-monterrey-centro-trademark/overview,CHN-HOTEL-MONTERREY-,Amenities,Open Website in browser → save complete HTML → extract Amenities/Description from official page only (no invent).
1,browser_save_property_page,Trademark Collection by Wyndham,Wyndham Hotels & Resorts,recAmMsu2AiE1kKo2,CHN Hotel Monterrey Norte Trademark Collection by Wyndham,Mexico,Monterrey,https://www.wyndhamhotels.com/trademark/monterrey-mexico/chn-hotel-monterrey-norte/overview,CHN-HOTEL-MONTERREY-,Amenities,Open Website in browser → save complete HTML → extract Amenities/Description from official page only (no invent).
1,browser_save_property_page,Trademark Collection by Wyndham,Wyndham Hotels & Resorts,recR0UaYgSuPRBNaE,Gran Hotel Europa Santo Domingo Trademark by Wyndham,Dominican Republic,Santo Domingo,https://www.wyndhamhotels.com/trademark/santo-domingo-dominican-republic/gran-hotel-europa-santo-domingo-trademark/overview,GRAN-HOTEL-EUROPA-SA,Amenities,Open Website in browser → save complete HTML → extract Amenities/Description from official page only (no invent).
1,browser_save_property_page,Trademark Collection by Wyndham,Wyndham Hotels & Resorts,recx9i5munGZbC4ff,Kunuku Resort All Inclusive Curacao Trademark by Wyndham,Curaçao,Kashutuin,https://www.wyndhamhotels.com/trademark/willemstad-curacao/kunuku-resort-all-inclusive-curacao/overview,KUNUKU-RESORT-ALL-IN,Amenities,Open Website in browser → save complete HTML → extract Amenities/Description from official page only (no invent).
1,browser_save_property_page,Trademark Collection by Wyndham,Wyndham Hotels & Resorts,recE18aN7Fq9ZNtV5,Los Cabos Golf Resort Trademark Collection by Wyndham,Mexico,Cabo San Lucas,https://www.wyndhamhotels.com/trademark/cabo-san-lucas-mexico/los-cabos-golf-resort-trademark-collection/overview,LOS-CABOS-GOLF-RESOR,Amenities,Open Website in browser → save complete HTML → extract Amenities/Description from official page only (no invent).
1,browser_save_property_page,Trademark Collection by Wyndham,Wyndham Hotels & Resorts,recQf1SJuvQMCecbY,Trademark Collection by Wyndham Viva Maya,Mexico,Playa Del Carmen,https://www.wyndhamhotels.com/trademark/playa-del-carmen-mexico/viva-maya-a-trademark-all-inclusive-resort/overview,VIVA-MAYA-A-TRADEMAR,Amenities,Open Website in browser → save complete HTML → extract Amenities/Description from official page only (no invent).
1,browser_save_property_page,Trademark Collection by Wyndham,Wyndham Hotels & Resorts,rec2RN8C6ITLhqlmz,"Viva Azteca by Wyndham, A Trademark All Inclusive Resort",Mexico,Playa Del Carmen,https://www.wyndhamhotels.com/en-ca/trademark/playa-del-carmen-mexico/viva-azteca-a-trademark-all-inclusive-resort/overview,PLAYA-DEL-CARMEN-MEX,Amenities,Open Website in browser → save complete HTML → extract Amenities/Description from official page only (no invent).
1,browser_save_property_page,Tribute Portfolio,"Marriott International, Inc.",recYsXAHYbLBPAj3c,Arelauquen Lodge a Tribute Portfolio Hotel San Carlos de Bariloch,Argentina,San Carlos de Bariloche,https://www.marriott.com/en-us/hotels/brctx-arelauquen-lodge-a-tribute-portfolio-hotel-san-carlos-de-bariloche/overview,BRCTX,Amenities,Open Website in browser → save complete HTML → extract Amenities/Description from official page only (no invent).
1,browser_save_property_page,Tribute Portfolio,"Marriott International, Inc.",recD9GyVRgnr8kZcl,Auberge du Vin a Tribute Portfolio Hotel Tupungato,Argentina,Tupungato,https://www.marriott.com/en-us/hotels/mdzav-auberge-du-vin-a-tribute-portfolio-hotel-tupungato/overview,MDZAV,Amenities,Open Website in browser → save complete HTML → extract Amenities/Description from official page only (no invent).
1,browser_save_property_page,Tribute Portfolio,"Marriott International, Inc.",recOIzFTFK8vTDTJp,"Tulum, a Tribute Portfolio Hotel",Mexico,Tulum,https://www.marriott.com/en-us/hotels/tqoxt-xela-tulum-a-member-of-design-hotels/overview,TQOXT,Hotel Description,Open Website in browser → save complete HTML → extract Amenities/Description from official page only (no invent).
1,browser_save_property_page,Vignette Collection,InterContinental Hotels Group,recrmwxQMhxkCYT05,Vignette Collection Casas del XVI,Dominican Republic,Santo Domingo,https://www.ihg.com/vignettecollection/hotels/us/en/santo-domingo/sdqcd/hoteldetail,SDQCD,Amenities,Open Website in browser → save complete HTML → extract Amenities/Description from official page only (no invent).
1,browser_save_property_page,Vignette Collection,InterContinental Hotels Group,recjsU593pZbIEQjd,Vignette Collection SOUMA Hotel,Peru,Lima,https://www.ihg.com/vignettecollection/hotels/us/en/lima/limmp/hoteldetail,LIMMP,Amenities,Open Website in browser → save complete HTML → extract Amenities/Description from official page only (no invent).
2,extract_id_from_url,Hotel Indigo,InterContinental Hotels Group,recL3YWf9gpYYeqYy,Hotel Indigo Grand Cayman,Cayman Islands,Grand Cayman,https://www.ihg.com/hotelindigo/hotels/us/en/grand-cayman/gcmsm/hoteldetail,,Property ID,Confirm Property ID from official URL/path (slug or brand code); fill-blank only.
2,extract_id_from_url,Kimpton Hotels,InterContinental Hotels Group,recv0hUqXSWVmBBaD,Kimpton Virgilio,Mexico,Mexico City,https://www.ihg.com/kimptonhotels/hotels/us/en/virgilio-mexico-city/mexpl/hoteldetail,,Property ID,Confirm Property ID from official URL/path (slug or brand code); fill-blank only.
3,directory_research,Autograph Collection,"Marriott International, Inc.",recPs2seUgXXeGzNi,"Anichi Resort & Spa, Autograph Collection",Dominica,Roseau,,,Website; Property ID; Amenities; Hotel Description,Find official open listing on brand directory; do not invent Pipeline IDs or URLs.
3,directory_research,Autograph Collection,"Marriott International, Inc.",rec7qgPfujkhQSvTd,Autograph Collection Marina Golfito,Costa Rica,Golfito,,,Website; Property ID; Amenities; Hotel Description,Find official open listing on brand directory; do not invent Pipeline IDs or URLs.
3,directory_research,Autograph Collection,"Marriott International, Inc.",recsn48RbhQGS0TB5,"Casa Francia, Autograph Collection",Mexico,Mexico City,,,Website; Property ID; Amenities; Hotel Description,Find official open listing on brand directory; do not invent Pipeline IDs or URLs.
3,directory_research,Autograph Collection,"Marriott International, Inc.",recM0YDyiyuP9TlRu,"Hotel Dos Santos, Autograph Collection",Mexico,Playa del Carmen,,,Website; Property ID; Amenities; Hotel Description,Find official open listing on brand directory; do not invent Pipeline IDs or URLs.
3,directory_research,Autograph Collection,"Marriott International, Inc.",rec5hNGXNBzhfWXFQ,"Hotel Vetta, Autograph Collection",Mexico,Chihuahua,,,Website; Property ID,Find official open listing on brand directory; do not invent Pipeline IDs or URLs.
3,directory_research,Autograph Collection,"Marriott International, Inc.",recX6L3pi26O0Rou0,"Punta Islita, Autograph Collection",Costa Rica,Punta Islita,,,Website; Property ID; Amenities; Hotel Description,Find official open listing on brand directory; do not invent Pipeline IDs or URLs.
3,directory_research,BW Premier Collection,BWH Hotels,recKWu1bOro2W96Im,Best Western Premier St. Mary's Court,Antigua and Barbuda,St Mary's,,,Website; Property ID; Amenities; Hotel Description,Find official open listing on brand directory; do not invent Pipeline IDs or URLs.
3,directory_research,BW Premier Collection,BWH Hotels,recYrJJQuxljzM7rS,La Estancia Hotel BW Premier Collection,Dominican Republic,La Romana,,,Website; Property ID; Amenities; Hotel Description,Find official open listing on brand directory; do not invent Pipeline IDs or URLs.
3,directory_research,Comfort Inn & Suites,Choice Hotels International,recTkv8cbk8MZW9pt,Comfort Hotel & Suites Natal,Brazil,Natal,,,Website; Property ID; Amenities; Hotel Description,Find official open listing on brand directory; do not invent Pipeline IDs or URLs.
3,directory_research,Curio Collection by Hilton,Hilton Worldwide,rec1X6pphTLTJMsHw,"Atolon Hotel Cartagena Tierra Bomba, Curio Collection by Hilton",Colombia,Cartagena,,,Website; Property ID; Amenities; Hotel Description,Find official open listing on brand directory; do not invent Pipeline IDs or URLs.
3,directory_research,Curio Collection by Hilton,Hilton Worldwide,rec98VJxLKvtDtVll,"Botanika Osa Peninsula, Curio Collection by Hilton",Costa Rica,Puerto Jimenez,,,Website; Property ID; Amenities,Find official open listing on brand directory; do not invent Pipeline IDs or URLs.
3,directory_research,Curio Collection by Hilton,Hilton Worldwide,recZDon2IJp4CUuGi,"EOS Tulum, Curio Collection by Hilton",Mexico,Tulum,,,Website; Property ID; Amenities; Hotel Description,Find official open listing on brand directory; do not invent Pipeline IDs or URLs.
3,directory_research,Curio Collection by Hilton,Hilton Worldwide,recKLvUHJCL77N3RJ,"Garcha Palace Santiago, Curio Collection by Hilton",Chile,Santiago,,,Website; Property ID; Amenities; Hotel Description,Find official open listing on brand directory; do not invent Pipeline IDs or URLs.
3,directory_research,Curio Collection by Hilton,Hilton Worldwide,recJVheMdCGoKM0Eg,"Hotel Koti Gramado, Curio Collection by Hilton",Brazil,Gramado,,,Website; Property ID; Amenities; Hotel Description,Find official open listing on brand directory; do not invent Pipeline IDs or URLs.
3,directory_research,Curio Collection by Hilton,Hilton Worldwide,recNRwEkGwEFm2Fyu,Jean Hotel Polanco Curio Collection by Hilton,Mexico,Mexico City,,,Website; Property ID; Amenities; Hotel Description,Find official open listing on brand directory; do not invent Pipeline IDs or URLs.
3,directory_research,Curio Collection by Hilton,Hilton Worldwide,recgcOVunMPjXkJIH,"Kailani Grand Cayman, Curio Collection by Hilton",Cayman Islands,George Town,,,Website; Property ID; Amenities; Hotel Description,Find official open listing on brand directory; do not invent Pipeline IDs or URLs.
3,directory_research,Curio Collection by Hilton,Hilton Worldwide,recBYT2thdlopl8Wr,Tranquility Beach Resort Dominica,Dominica,Salisbury,,,Website; Property ID; Amenities; Hotel Description,Find official open listing on brand directory; do not invent Pipeline IDs or URLs.
3,directory_research,Curio Collection by Hilton,Hilton Worldwide,rec5jtMpYE4mJAnHc,"Zacatecas Centro Historico, Curio Collection by Hilton",Mexico,Zacatecas,,,Website; Property ID; Amenities; Hotel Description,Find official open listing on brand directory; do not invent Pipeline IDs or URLs.
3,directory_research,Dazzler by Wyndham,Wyndham Hotels & Resorts,reccyaISIKTUSsUOH,"Caribbean Suites Juan Dolio, Dazzler by Wyndham",Dominican Republic,Juan Dolio,,,Website; Property ID; Amenities; Hotel Description,Find official open listing on brand directory; do not invent Pipeline IDs or URLs.
3,directory_research,Dazzler by Wyndham,Wyndham Hotels & Resorts,recLeP1XQb1YUiWzq,Dazzler by Wyndham Colonia,Uruguay,Colonia Del Sacramento,,,Website; Property ID; Amenities; Hotel Description,Find official open listing on brand directory; do not invent Pipeline IDs or URLs.
3,directory_research,Dazzler by Wyndham,Wyndham Hotels & Resorts,recbQvH39pa1pTn1C,Dazzler by Wyndham La Plata,Argentina,La Plata,,,Website; Property ID; Amenities; Hotel Description,Find official open listing on brand directory; do not invent Pipeline IDs or URLs.
3,directory_research,Dazzler by Wyndham,Wyndham Hotels & Resorts,recXjbcoRFIlUkQJL,Dazzler by Wyndham Puerto Madryn,Argentina,Puerto Madryn,,,Website; Property ID; Amenities; Hotel Description,Find official open listing on brand directory; do not invent Pipeline IDs or URLs.
3,directory_research,Dazzler by Wyndham,Wyndham Hotels & Resorts,recIB4r6qI6gWzZr7,Dazzler by Wyndham Rosario,Argentina,Rosario,,,Website; Property ID; Amenities; Hotel Description,Find official open listing on brand directory; do not invent Pipeline IDs or URLs.
3,directory_research,Design Hotels,"Marriott International, Inc.",recQbYjfuuWjrrw2P,Ahorita,Mexico,Ciudad de México,,,Website; Property ID; Amenities; Hotel Description,Find official open listing on brand directory; do not invent Pipeline IDs or URLs.
3,directory_research,Design Hotels,"Marriott International, Inc.",recSkF02UHFcGNR2A,Otro Oaxaca,Mexico,Oaxaca De Juárez,,OAXOO,Website,Find official open listing on brand directory; do not invent Pipeline IDs or URLs.
3,directory_research,Hotel Indigo,InterContinental Hotels Group,recmn5Ou1ZCM6CKbx,Hotel Indigo Guadalajara Providencia,Mexico,Guadalajara,,,Website; Property ID; Amenities; Hotel Description,Find official open listing on brand directory; do not invent Pipeline IDs or URLs.
3,directory_research,Hotel Indigo,InterContinental Hotels Group,recCz76fzl1oqVWNl,Hotel Indigo Mexico City Downtown,Mexico,Mexico City,,,Website; Property ID; Amenities; Hotel Description,Find official open listing on brand directory; do not invent Pipeline IDs or URLs.
3,directory_research,Hotel Indigo,InterContinental Hotels Group,recolsId21MYHi0rr,Hotel Indigo San Miguel de Allende,Mexico,San Miguel de Allende,,,Website; Property ID; Amenities; Hotel Description,Find official open listing on brand directory; do not invent Pipeline IDs or URLs.
3,directory_research,Hotel Indigo,InterContinental Hotels Group,reclkst8umMbWRTmk,Hotel Indigo St. Kitts,Saint Kitts and Nevis,Basseterre,,,Website; Property ID; Amenities; Hotel Description,Find official open listing on brand directory; do not invent Pipeline IDs or URLs.
3,directory_research,Hotel Indigo,InterContinental Hotels Group,recYXD5LOOKVPTFCy,Hotel Indigo Tulum,Mexico,Tulum,,,Website; Property ID; Amenities; Hotel Description,Find official open listing on brand directory; do not invent Pipeline IDs or URLs.
3,directory_research,Kimpton Hotels,InterContinental Hotels Group,recyBf7nk9LrbXfb6,Kimpton Aluna Resort Tulum,Mexico,Tulum,,,Website; Property ID; Amenities; Hotel Description,Find official open listing on brand directory; do not invent Pipeline IDs or URLs.
3,directory_research,Kimpton Hotels,InterContinental Hotels Group,reckgvzarJCy4tlxg,Kimpton East Cape Los Cabos,Mexico,Los Cabos,,,Website; Property ID; Amenities; Hotel Description,Find official open listing on brand directory; do not invent Pipeline IDs or URLs.
3,directory_research,Kimpton Hotels,InterContinental Hotels Group,rec9jrrYJYiWe0BCH,Kimpton Hotel Monterrey Rise Tower,Mexico,Monterrey,,,Website; Property ID; Amenities; Hotel Description,Find official open listing on brand directory; do not invent Pipeline IDs or URLs.
3,directory_research,Kimpton Hotels,InterContinental Hotels Group,rec2wBLvM5jklw2Fd,Kimpton Kawana Bay,Grenada,St George's,,,Website; Property ID; Amenities; Hotel Description,Find official open listing on brand directory; do not invent Pipeline IDs or URLs.
3,directory_research,MGallery Collection,AccorHotels,reczvYYy7Inhk5JND,D´Hotels Jeri MGallery Collection,Brazil,Jericoacoara,,,Website; Property ID; Amenities; Hotel Description,Find official open listing on brand directory; do not invent Pipeline IDs or URLs.
3,directory_research,MGallery Collection,AccorHotels,recGPznfyJnHRqj0a,Mayaliah Tulum - MGallery Collection,Mexico,Cancun,,,Website; Property ID; Amenities; Hotel Description,Find official open listing on brand directory; do not invent Pipeline IDs or URLs.
3,directory_research,MGallery Collection,AccorHotels,recaoXd7A67dJa5Ga,Sofitel Valle Sagrado Cusco- MGallery Collection,Peru,Cusco,,,Website; Property ID; Amenities; Hotel Description,Find official open listing on brand directory; do not invent Pipeline IDs or URLs.
3,directory_research,Quality Inn,Choice Hotels International,recqAsAbHmJ5Vg2j7,Quality Hotel Real Aeropuerto Santo Domingo,Dominican Republic,Santo Domingo,,,Website; Property ID; Amenities; Hotel Description,Find official open listing on brand directory; do not invent Pipeline IDs or URLs.
3,directory_research,Quality Inn,Choice Hotels International,recp21Xe2exhYCQLi,Quality Hotel Real San Jose,Costa Rica,San Jose,,,Website; Property ID; Amenities; Hotel Description,Find official open listing on brand directory; do not invent Pipeline IDs or URLs.
3,directory_research,Radisson Blu by Choice,Choice Hotels International,recjdH2Tyu2VzuGlu,"Radisson Blu Hotel & Residences, Punta Blanca",Ecuador,Punta Blanca,,,Website; Property ID; Amenities; Hotel Description,Find official open listing on brand directory; do not invent Pipeline IDs or URLs.
3,directory_research,Radisson Blu by Choice,Choice Hotels International,recSUnFspVNPm8Zt7,"Radisson Blu Hotel Resort & Spa, Papagayo, Costa Rica",Costa Rica,Guanacaste,,,Website; Property ID; Amenities; Hotel Description,Find official open listing on brand directory; do not invent Pipeline IDs or URLs.
3,directory_research,Radisson by Choice,Choice Hotels International,recioal2ei61BfUlU,Radisson Hotel Espirito Santo do Pinhal,Brazil,Espirito Santo Do Pinha,,,Website; Property ID; Amenities; Hotel Description,Find official open listing on brand directory; do not invent Pipeline IDs or URLs.
3,directory_research,Radisson by Choice,Choice Hotels International,recekU5u0u05pxpLd,Radisson Hotel Flecheiras,Brazil,Flecheiras,,,Website; Property ID; Amenities; Hotel Description,Find official open listing on brand directory; do not invent Pipeline IDs or URLs.
3,directory_research,Radisson by Choice,Choice Hotels International,rec3VuBaUE93xPcfE,Radisson Hotel Vale dos Vinhedos,Brazil,Monte Belo Do Sul,,,Website; Property ID; Amenities; Hotel Description,Find official open listing on brand directory; do not invent Pipeline IDs or URLs.
3,directory_research,Tapestry Collection by Hilton,Hilton Worldwide,rec2rt7LWirHlEIrZ,"Cabos Resort Fajardo, Tapestry Collection by Hilton",Puerto Rico,Fajardo,,,Website; Property ID; Amenities; Hotel Description,Find official open listing on brand directory; do not invent Pipeline IDs or URLs.
3,directory_research,Tapestry Collection by Hilton,Hilton Worldwide,rec8y62lRCjSu1e6f,"Hotel Museo de Osma Lima, Tapestry Collection by Hilton",Peru,Lima,,,Website; Property ID; Amenities; Hotel Description,Find official open listing on brand directory; do not invent Pipeline IDs or URLs.
3,directory_research,Tapestry Collection by Hilton,Hilton Worldwide,rectfLvMQpQiU459M,"Qarib Hotel Bombinhas, Tapestry Collection by Hilton",Brazil,Bombinhas,,,Website; Property ID; Amenities; Hotel Description,Find official open listing on brand directory; do not invent Pipeline IDs or URLs.
3,directory_research,Trademark Collection by Wyndham,Wyndham Hotels & Resorts,recuvEZhfVLFiU4nS,"Bel Air Business Mexico City WTC, Trademark by Wyndham",Mexico,Mexico City,,,Website; Property ID; Amenities; Hotel Description,Find official open listing on brand directory; do not invent Pipeline IDs or URLs.
3,directory_research,Trademark Collection by Wyndham,Wyndham Hotels & Resorts,recfZgiH9lFb4n5UY,Bel Air Business Salamanca Trademark Collection by Wyndham,Mexico,Salamanca,,,Website; Property ID; Amenities; Hotel Description,Find official open listing on brand directory; do not invent Pipeline IDs or URLs.
3,directory_research,Trademark Collection by Wyndham,Wyndham Hotels & Resorts,recJROJvj17XEEiZ9,"Bel Air Unique Mexico City WTC, Trademark by Wyndham",Mexico,Mexico City,,,Website; Property ID; Amenities; Hotel Description,Find official open listing on brand directory; do not invent Pipeline IDs or URLs.
3,directory_research,Trademark Collection by Wyndham,Wyndham Hotels & Resorts,recJxAzBqjxgxlnhG,"Belanova Punta Cana, Trademark Collection by Wyndham",Dominican Republic,Punta Cana,,,Website; Property ID; Amenities; Hotel Description,Find official open listing on brand directory; do not invent Pipeline IDs or URLs.
3,directory_research,Trademark Collection by Wyndham,Wyndham Hotels & Resorts,recNmhqBXKyQeg11t,"Brickell Bay Hotel Aruba, Trademark by Wyndham Only Adults",Aruba,Palm Beach,,,Website; Property ID; Amenities; Hotel Description,Find official open listing on brand directory; do not invent Pipeline IDs or URLs.
3,directory_research,Trademark Collection by Wyndham,Wyndham Hotels & Resorts,recNQMR3q9YIDmyx2,Cozumel Hotel & Resort,Mexico,Cozumel,,,Website; Property ID; Amenities; Hotel Description,Find official open listing on brand directory; do not invent Pipeline IDs or URLs.
3,directory_research,Trademark Collection by Wyndham,Wyndham Hotels & Resorts,recg8vj1jvMVTL8hN,Trademark by Wyndham Quintana Roo,Mexico,Quantana Roo,,,Website; Property ID; Amenities; Hotel Description,Find official open listing on brand directory; do not invent Pipeline IDs or URLs.
3,directory_research,Trademark Collection by Wyndham,Wyndham Hotels & Resorts,recM99B5yiOCxZUPK,Trademark Collection by Wyndham Miches,Dominican Republic,Miches,,,Website; Property ID; Amenities; Hotel Description,Find official open listing on brand directory; do not invent Pipeline IDs or URLs.
3,directory_research,Trademark Collection by Wyndham,Wyndham Hotels & Resorts,recJautrPQ0a1g2tG,"Viva Dominicus Beach by Wyndham, A Trademark All Inclusive",Dominican Republic,La Romana,,,Website; Property ID; Amenities; Hotel Description,Find official open listing on brand directory; do not invent Pipeline IDs or URLs.
3,directory_research,Trademark Collection by Wyndham,Wyndham Hotels & Resorts,recdZMomvMJtchMxI,"Viva Heavens by Wyndham, A Trademark All Inclusive",Dominican Republic,Puerto Plata,,,Website; Property ID; Amenities; Hotel Description,Find official open listing on brand directory; do not invent Pipeline IDs or URLs.
3,directory_research,Trademark Collection by Wyndham,Wyndham Hotels & Resorts,recrxVdnHZPtrIgiJ,Viva Miches by Wyndham a Trademark All Inclusive Resort,Dominican Republic,Miches,,,Website; Property ID; Amenities; Hotel Description,Find official open listing on brand directory; do not invent Pipeline IDs or URLs.
3,directory_research,Trademark Collection by Wyndham,Wyndham Hotels & Resorts,recbW2uYbCDEvXPlq,Viva Tangerine by Wyndham A Trademark All Inclusive,Dominican Republic,Cabarete,,,Website; Property ID; Amenities; Hotel Description,Find official open listing on brand directory; do not invent Pipeline IDs or URLs.
3,directory_research,Trademark Collection by Wyndham,Wyndham Hotels & Resorts,reckqsNQIpZ9jmHqJ,"Viva V Samana by Wyndham, A Trademark Adults All Inclusive",Dominican Republic,Las Terrenas,,,Website; Property ID; Amenities; Hotel Description,Find official open listing on brand directory; do not invent Pipeline IDs or URLs.
3,directory_research,Vignette Collection,InterContinental Hotels Group,recOgbpJnpceafD9x,El Gran Encomendero,Mexico,Valladolid,,,Website; Property ID; Amenities; Hotel Description,Find official open listing on brand directory; do not invent Pipeline IDs or URLs.
3,directory_research,Vignette Collection,InterContinental Hotels Group,recGWv5d1qmte2hKi,Vignette Collection Ciudad de Mexico Reforma,Mexico,Ciudad De México,,,Website; Property ID; Amenities; Hotel Description,Find official open listing on brand directory; do not invent Pipeline IDs or URLs.
3,directory_research,Vignette Collection,InterContinental Hotels Group,recOyOjGMEdJBSwZL,Vignette Collection Valladolid,Mexico,Valladolid,,,Website; Property ID; Amenities; Hotel Description,Find official open listing on brand directory; do not invent Pipeline IDs or URLs.
