baseLabel,baseId,tableName,tableId,recordCount,countExact,countMethod,countFieldUsed,protectedTable,safeCleanupCandidate,cleanupHint,error
AIRTABLE_BASE_ID_ALT,appCCUsuGsE1ifoLk,Hotel Census,tblgj2qEwxjTcg6q0,15635,yes,paginated_select_minimal_fields,name,yes,no,protected_do_not_modify,
AIRTABLE_BASE_ID_ALT,appCCUsuGsE1ifoLk,Independent Hotel Source Candidates,tblKAUKiku7eMlV0d,8429,yes,paginated_select_minimal_fields,Source Name,no,yes,staging_or_workflow_table_review_archive_export_first,
AIRTABLE_BASE_ID,appvtnDurnMSjINP6,Brand Setup - Brand Explorer Presentation,tblZyZF4JsRkNeCbU,2823,yes,paginated_select_minimal_fields,Slot Key,yes,no,protected_do_not_modify,
AIRTABLE_BASE_ID,appvtnDurnMSjINP6,MarketAlerts,tbl3wIgVFfSnoYhfa,791,yes,paginated_select_minimal_fields,Title,no,no,,
AIRTABLE_BASE_ID_ALT,appCCUsuGsE1ifoLk,Travel Infrastructure Data,tblux5Xs9o50MgpWF,714,yes,paginated_select_minimal_fields,Name,no,no,,
AIRTABLE_BASE_ID,appvtnDurnMSjINP6,Deal Interactions,tblf0iLridTeS5xEA,425,yes,paginated_select_minimal_fields,Interaction_ID,no,no,,
AIRTABLE_BASE_ID,appvtnDurnMSjINP6,FDD Terms & Obligations,tblukcKXRmsBr1w6L,321,yes,paginated_select_minimal_fields,Term / Obligation Name,no,no,,
AIRTABLE_BASE_ID_ALT,appCCUsuGsE1ifoLk,Brand Alias Mapping,tbltwiwQp74ZQtEoR,299,yes,paginated_select_minimal_fields,Canonical Brand Name,yes,no,protected_do_not_modify,
AIRTABLE_BASE_ID_ALT,appCCUsuGsE1ifoLk,Verified Independent Hotel Census,tbljBvId1z4cEyE1J,288,yes,paginated_select_minimal_fields,Verified Hotel Name,no,no,,
AIRTABLE_BASE_ID,appvtnDurnMSjINP6,Brand Setup - Brand Basics,tbl1x6S7I7JwTcRdV,253,yes,paginated_select_minimal_fields,Brand Name,yes,no,protected_do_not_modify,
AIRTABLE_BASE_ID,appvtnDurnMSjINP6,Brand Setup - Fee Structure,tblIzHQUgqrziKg10,253,yes,paginated_select_minimal_fields,User_Record_ID,yes,no,protected_do_not_modify,
AIRTABLE_BASE_ID,appvtnDurnMSjINP6,Brand Setup - Brand Footprint,tbl108u1oTAwC5XTT,252,yes,paginated_select_minimal_fields,User_Record_ID,yes,no,protected_do_not_modify,
AIRTABLE_BASE_ID,appvtnDurnMSjINP6,Brand Setup - Project Fit,tblmevxQmLlml7QIp,252,yes,paginated_select_minimal_fields,User_Record_ID,yes,no,protected_do_not_modify,
AIRTABLE_BASE_ID,appvtnDurnMSjINP6,Brand Setup - Operational Support,tblkZyvi6ELUSKWwP,252,yes,paginated_select_minimal_fields,User_Record_ID,yes,no,protected_do_not_modify,
AIRTABLE_BASE_ID,appvtnDurnMSjINP6,Brand Setup - Sustainability & ESG,tblya14bMSJC9pTHD,250,yes,paginated_select_minimal_fields,User_Record_ID,yes,no,protected_do_not_modify,
AIRTABLE_BASE_ID,appvtnDurnMSjINP6,Brand Setup - Portfolio & Performance,tbl0cP5vclzNkQuyC,250,yes,paginated_select_minimal_fields,Brand Name,yes,no,protected_do_not_modify,
AIRTABLE_BASE_ID,appvtnDurnMSjINP6,Brand Setup - Brand Standards,tbl4MdXjldw56Kkrw,250,yes,paginated_select_minimal_fields,User_Record_ID,yes,no,protected_do_not_modify,
AIRTABLE_BASE_ID,appvtnDurnMSjINP6,Brand Setup - Deal Terms,tblxJ7lFfc6NyyMQd,250,yes,paginated_select_minimal_fields,User_Record_ID,yes,no,protected_do_not_modify,
AIRTABLE_BASE_ID,appvtnDurnMSjINP6,Brand Setup - Legal Terms,tbll6FDlvS2lJL6b4,250,yes,paginated_select_minimal_fields,User_Record_ID,yes,no,protected_do_not_modify,
AIRTABLE_BASE_ID,appvtnDurnMSjINP6,Brand Setup - Loyalty & Commercial,tblbxW4AMMQyEZfPl,250,yes,paginated_select_minimal_fields,Brand Name,yes,no,protected_do_not_modify,
AIRTABLE_BASE_ID,appvtnDurnMSjINP6,Deal Activity Log,tblbjKOYNJXzfFkUY,239,yes,paginated_select_minimal_fields,Brand Name,no,no,,
AIRTABLE_BASE_ID,appvtnDurnMSjINP6,FDD Sections,tblT4otPDWJsoWSNj,238,yes,paginated_select_minimal_fields,Item Title,no,no,,
AIRTABLE_BASE_ID_ALT,appCCUsuGsE1ifoLk,Financial_Term_Library,tblbtrGzFknUbzLKv,232,yes,paginated_select_minimal_fields,Term ID,no,no,,
AIRTABLE_BASE_ID_ALT,appCCUsuGsE1ifoLk,Clause_Variables,tbltDsYa9J266USdB,166,yes,paginated_select_minimal_fields,Variable,no,no,,
AIRTABLE_BASE_ID_ALT,appCCUsuGsE1ifoLk,Clause_Library,tbl4wXAIpWLhiRP6W,139,yes,paginated_select_minimal_fields,Clause ID,no,no,,
AIRTABLE_BASE_ID,appvtnDurnMSjINP6,Deal Status History,tblxZR25GE7exKQ93,137,yes,paginated_select_minimal_fields,Status_History_ID,no,no,,
AIRTABLE_BASE_ID_ALT,appCCUsuGsE1ifoLk,Independent Hotel Source Evidence,tbl4FrVompVBs9mTw,122,yes,paginated_select_minimal_fields,Name,no,no,,
AIRTABLE_BASE_ID,appvtnDurnMSjINP6,Deal Brand Cache,tblkSGHwQV7eCB5Dy,115,yes,paginated_select_minimal_fields,Name,no,no,,
AIRTABLE_BASE_ID,appvtnDurnMSjINP6,FDD Fee Rows,tbl3pRxRSa1dyRC3n,107,yes,paginated_select_minimal_fields,Fee / Obligation Name,no,no,,
AIRTABLE_BASE_ID,appvtnDurnMSjINP6,Operator Setup - Diligence QA,tbl5kF0qGg7X6FtCr,100,yes,paginated_select_minimal_fields,category,no,no,,
AIRTABLE_BASE_ID,appvtnDurnMSjINP6,Users,tbl6shiyz2wdUqE5F,81,yes,paginated_select_minimal_fields,Unique_Webflow_ID,no,no,,
AIRTABLE_BASE_ID,appvtnDurnMSjINP6,Company Profile,tblItyfH6MlOnMKZ9,76,yes,paginated_select_minimal_fields,Company Name,no,no,,
AIRTABLE_BASE_ID,appvtnDurnMSjINP6,Operator Setup - Leadership Team Members,tbl8jX7BoOcwUIEOd,59,yes,paginated_select_minimal_fields,name,no,no,,
AIRTABLE_BASE_ID,appvtnDurnMSjINP6,User_Favorites,tblN06fOhg2kZKoeY,50,yes,paginated_select_minimal_fields,User Favorite ID,no,no,,
AIRTABLE_BASE_ID_ALT,appCCUsuGsE1ifoLk,Opportunity Radar,tblSi2YzqpU0CD5HY,45,yes,paginated_select_minimal_fields,Country,no,no,,
AIRTABLE_BASE_ID,appvtnDurnMSjINP6,Deals,tblbvSxjiIhXzW6XW,43,yes,paginated_select_minimal_fields,Property Name,no,no,,
AIRTABLE_BASE_ID,appvtnDurnMSjINP6,Location & Property,tblLw3HRrlYldDPcr,42,yes,paginated_select_minimal_fields,Full Address,no,no,,
AIRTABLE_BASE_ID,appvtnDurnMSjINP6,Market - Performance - Deal & Capital Structure,tblUoZai381vbop0L,42,yes,paginated_select_minimal_fields,Key Competitors,no,no,,
AIRTABLE_BASE_ID,appvtnDurnMSjINP6,Lease Structure,tblrsAYxgintNseDy,42,yes,paginated_select_minimal_fields,Base Rent (Annual or Structure),no,no,,
AIRTABLE_BASE_ID,appvtnDurnMSjINP6,Strategic Intent - Operational - Key Challenges,tblrHt9m8lfKrWbIC,42,yes,paginated_select_minimal_fields,Target Guest Segment Other Text,no,no,,
AIRTABLE_BASE_ID,appvtnDurnMSjINP6,Contact & Uploads,tbljY3jQyeSEv2UqE,42,yes,paginated_select_minimal_fields,Working with Broker/Advisor? Text,no,no,,
AIRTABLE_BASE_ID,appvtnDurnMSjINP6,User Management,tblQEpYKf2aYNKKjw,38,yes,paginated_select_minimal_fields,Company,no,no,,
AIRTABLE_BASE_ID,appvtnDurnMSjINP6,Target List,tblc18g3IyF4p5wRs,35,yes,paginated_select_minimal_fields,Brand Name,no,no,,
AIRTABLE_BASE_ID,appvtnDurnMSjINP6,Operator Setup - Case Studies,tblAh1X0KDK8SeYK0,33,yes,paginated_select_minimal_fields,property_name,no,no,,
AIRTABLE_BASE_ID,appvtnDurnMSjINP6,Templates,tblhhvvoyAyEh3wIb,26,yes,paginated_select_minimal_fields,template_name,no,no,,
AIRTABLE_BASE_ID,appvtnDurnMSjINP6,Deal Actions,tblAc2w3jtzFvasAG,23,yes,paginated_select_minimal_fields,Action_ID,no,no,,
AIRTABLE_BASE_ID,appvtnDurnMSjINP6,Brand Deal Requests,tblndahdDwxWMNfH9,23,yes,paginated_select_minimal_fields,Brand Name,no,no,,
AIRTABLE_BASE_ID,appvtnDurnMSjINP6,SequenceSteps,tbluoegMThuploaCu,22,yes,paginated_select_minimal_fields,step_name,no,no,,
AIRTABLE_BASE_ID,appvtnDurnMSjINP6,"Operator Setup - Governance, Delivery & Diligence",tblygTlNhFqyhU1Wu,13,yes,paginated_select_minimal_fields,company_name,no,no,,
AIRTABLE_BASE_ID,appvtnDurnMSjINP6,Operator Setup - Commercial Fit & Terms,tblkWAQHmTZRQGZES,13,yes,paginated_select_minimal_fields,company_name,no,no,,
AIRTABLE_BASE_ID,appvtnDurnMSjINP6,Messages,tblr9uWg6xbCGcLoK,12,yes,paginated_select_minimal_fields,message_label,no,no,,
AIRTABLE_BASE_ID,appvtnDurnMSjINP6,Operator Setup - Master,tbl4YPJ3XhnYLHLsD,12,yes,paginated_select_minimal_fields,company_name,no,no,,
AIRTABLE_BASE_ID,appvtnDurnMSjINP6,Operator Setup - Profile & Positioning,tblNHCPoYI7Dz23wK,12,yes,paginated_select_minimal_fields,company_name,no,no,,
AIRTABLE_BASE_ID,appvtnDurnMSjINP6,Operator Setup - Platform & Markets,tblJ9uTS6vzCZ5248,12,yes,paginated_select_minimal_fields,company_name,no,no,,
AIRTABLE_BASE_ID,appvtnDurnMSjINP6,Contacts,tbl2Flfkd3H88jHVG,11,yes,paginated_select_minimal_fields,first_name,no,no,,
AIRTABLE_BASE_ID,appvtnDurnMSjINP6,TemplatePacks,tblWZZvKLq3LdP9FH,10,yes,paginated_select_minimal_fields,pack_name,no,no,,
AIRTABLE_BASE_ID,appvtnDurnMSjINP6,Threads,tblSrpSCP80oUz3fH,10,yes,paginated_select_minimal_fields,thread_name,no,no,,
AIRTABLE_BASE_ID,appvtnDurnMSjINP6,Companies,tblDg1SWTCbkJdufh,9,yes,paginated_select_minimal_fields,company_name,no,no,,
AIRTABLE_BASE_ID,appvtnDurnMSjINP6,Communication Log,tblPiRt02uLBr4Fa3,7,yes,paginated_select_minimal_fields,Communication_Label,no,no,,
AIRTABLE_BASE_ID,appvtnDurnMSjINP6,FDD Documents,tblxy5ts9bXw2xQHV,7,yes,paginated_select_minimal_fields,Brand Name,no,no,,
AIRTABLE_BASE_ID,appvtnDurnMSjINP6,Hotel Ownership,tbl7KyDvKlwfDumE6,4,yes,paginated_select_minimal_fields,User_Webflow_ID,no,no,,
AIRTABLE_BASE_ID,appvtnDurnMSjINP6,Workspaces,tblqR6tgpXeplhgZb,4,yes,paginated_select_minimal_fields,workspace_name,no,no,,
AIRTABLE_BASE_ID,appvtnDurnMSjINP6,Sequences,tblk8UPw9rcuXwXrb,4,yes,paginated_select_minimal_fields,sequence_name,no,no,,
AIRTABLE_BASE_ID,appvtnDurnMSjINP6,Users_Outreach,tblWQzyEEaie228kM,3,yes,paginated_select_minimal_fields,full_name,no,no,,
AIRTABLE_BASE_ID,appvtnDurnMSjINP6,PlanTargets,tblrGKgJXKOe029Zq,3,yes,paginated_select_minimal_fields,target_name,no,no,,
AIRTABLE_BASE_ID,appvtnDurnMSjINP6,Activities,tblZ1h8nmmEcewbpu,3,yes,paginated_select_minimal_fields,activity_label,no,no,,
AIRTABLE_BASE_ID,appvtnDurnMSjINP6,Approvals,tbl39ggfpo5Y9LkNK,3,yes,paginated_select_minimal_fields,approval_label,no,no,,
AIRTABLE_BASE_ID,appvtnDurnMSjINP6,Permissions,tbl6QQiUmBzzYnI5t,3,yes,paginated_select_minimal_fields,permission_label,no,no,,
AIRTABLE_BASE_ID,appvtnDurnMSjINP6,FollowupSuggestions,tblOIoEfvBe129ILK,3,yes,paginated_select_minimal_fields,suggestion_label,no,no,,
AIRTABLE_BASE_ID,appvtnDurnMSjINP6,AuditLog,tblDprgixQPUuCMlr,3,yes,paginated_select_minimal_fields,audit_label,no,no,,
AIRTABLE_BASE_ID,appvtnDurnMSjINP6,ResponsivenessInteractions,tblQDyekW6iMZ7yED,3,yes,paginated_select_minimal_fields,interaction_label,no,no,,
AIRTABLE_BASE_ID,appvtnDurnMSjINP6,ResponsivenessScores,tblbjNLPaomITS14L,3,yes,paginated_select_minimal_fields,entity_label,no,no,,
AIRTABLE_BASE_ID,appvtnDurnMSjINP6,UserAlertStatus,tblkDFdCwPnIlg1lq,3,yes,paginated_select_minimal_fields,User ID,no,no,,
AIRTABLE_BASE_ID,appvtnDurnMSjINP6,Franchise Applications,tblrVrFjppZwtBV4T,3,yes,paginated_select_minimal_fields,Name,no,no,,
AIRTABLE_BASE_ID,appvtnDurnMSjINP6,OutreachPlans,tbl6ZtsJ5fjyFYCqi,2,yes,paginated_select_minimal_fields,plan_name,no,no,,
AIRTABLE_BASE_ID,appvtnDurnMSjINP6,Outreach Setup,tblpVQAVCY5i1L4jz,1,yes,paginated_select_minimal_fields,User_Webflow_ID,no,no,,
AIRTABLE_BASE_ID,appvtnDurnMSjINP6,Brand Deal Preferences,tblvQakNRBoW33Wb4,1,yes,paginated_select_minimal_fields,Preference_ID,no,no,,
AIRTABLE_BASE_ID,appvtnDurnMSjINP6,Deal Room Documents,tblq0hmhY1HPYqBRY,1,yes,paginated_select_minimal_fields,Document Name,no,no,,
AIRTABLE_BASE_ID,appvtnDurnMSjINP6,Brand Explorer Favorites,tbljrffIIQvdSLhK2,1,yes,paginated_select_minimal_fields,Name,no,no,,
