source_record_id,property_name,current_brand,city,lane,intake_class,decision,identity_confidence,human_review_required,production_writable_insert,queue_autopilot_enrichment,reasons,checks_passed
node/373851323,Hotel Europa,Independent,Sosua,independent_unaffiliated,independent_l1_promote,auto_insert,High,false,true,false,independent_gates_passed,has_name|not_hostel_or_hostal|has_country|hpc_not_duplicate|has_non_denylist_website|website_not_weak_or_corroborated|has_city|independent_quality_or_wikidata
node/3354152914,Bungalows of Las Galeras,Independent,Las Galeras,independent_unaffiliated,independent_l1_promote,auto_insert,High,false,true,false,independent_gates_passed,has_name|not_hostel_or_hostal|has_country|hpc_not_duplicate|has_non_denylist_website|website_not_weak_or_corroborated|has_city|independent_quality_or_wikidata
node/3469337532,Jarabacua River Club & Resort,Independent,Jarabacoa,independent_unaffiliated,independent_l1_promote,auto_insert,High,false,true,false,independent_gates_passed,has_name|not_hostel_or_hostal|has_country|hpc_not_duplicate|has_non_denylist_website|website_not_weak_or_corroborated|has_city|independent_quality_or_wikidata
node/3523794277,Bella Vista,Independent,Santo domingo,independent_unaffiliated,independent_l1_promote,auto_insert,High,false,true,false,independent_gates_passed,has_name|not_hostel_or_hostal|has_country|hpc_not_duplicate|has_non_denylist_website|website_not_weak_or_corroborated|has_city|independent_quality_or_wikidata
node/4214843120,El Pelicano Apart-Hotel,Independent,Las Galeras,independent_unaffiliated,independent_l1_promote,auto_insert,High,false,true,false,independent_gates_passed,has_name|not_hostel_or_hostal|has_country|hpc_not_duplicate|has_non_denylist_website|website_not_weak_or_corroborated|has_city|independent_quality_or_wikidata
node/5029505780,Santo Domingo Bed & Breakfast,Independent,Santo Domingo,independent_unaffiliated,independent_l1_promote,auto_insert,High,false,true,false,independent_gates_passed,has_name|not_hostel_or_hostal|has_country|hpc_not_duplicate|has_non_denylist_website|website_not_weak_or_corroborated|has_city|independent_quality_or_wikidata
node/5037222222,Hotel Tropicana Deluxe,Independent,Punta Cana,independent_unaffiliated,independent_l1_promote,auto_insert,High,false,true,false,independent_gates_passed,has_name|not_hostel_or_hostal|has_country|hpc_not_duplicate|has_non_denylist_website|has_city|independent_quality_or_wikidata
node/9856719770,Hotel Villa La Plantacion,Independent,Las Galeras,independent_unaffiliated,independent_l1_promote,auto_insert,High,false,true,false,independent_gates_passed,has_name|not_hostel_or_hostal|has_country|hpc_not_duplicate|has_non_denylist_website|website_not_weak_or_corroborated|has_city|independent_quality_or_wikidata
node/11035653720,Hotel Casa Coco,Independent,Boca Chica,independent_unaffiliated,independent_l1_promote,auto_insert,High,false,true,false,independent_gates_passed,has_name|not_hostel_or_hostal|has_country|hpc_not_duplicate|has_non_denylist_website|website_not_weak_or_corroborated|has_city|independent_quality_or_wikidata
node/12798112370,Hotel & Apartments Buchen,Independent,Samaná,independent_unaffiliated,independent_l1_promote,auto_insert,High,false,true,false,independent_gates_passed,has_name|not_hostel_or_hostal|has_country|hpc_not_duplicate|has_non_denylist_website|website_not_weak_or_corroborated|has_city|independent_quality_or_wikidata
node/12914358579,Leysi's Garden,Independent,Samana,independent_unaffiliated,independent_l1_promote,reject,Hold,true,false,false,official_url_denylisted_ota_or_social,has_name|not_hostel_or_hostal|has_country
node/13050362262,Hostal Shivas,Independent,"El Valle, Samana",independent_unaffiliated,independent_l1_promote,reject,Low,true,false,false,hostel_or_hostal_out_of_scope,has_name
node/13165874914,Casa Barbara Las Terrenas,Independent,Las Terrenas,independent_unaffiliated,independent_l1_promote,auto_insert,High,false,true,false,independent_gates_passed,has_name|not_hostel_or_hostal|has_country|hpc_not_duplicate|has_non_denylist_website|website_not_weak_or_corroborated|has_city|independent_quality_or_wikidata
way/379027094,Hotel BQ;Vent W&P Santo Domingo,Independent,Santo Domingo,independent_unaffiliated,independent_l1_promote,auto_insert,High,false,true,false,independent_gates_passed,has_name|not_hostel_or_hostal|has_country|hpc_not_duplicate|has_non_denylist_website|website_not_weak_or_corroborated|has_city|independent_quality_or_wikidata
way/529318923,Hostal Ganesh,Independent,"El Valle, Samana",independent_unaffiliated,independent_l1_promote,reject,Low,true,false,false,hostel_or_hostal_out_of_scope,has_name
way/630842152,Hotal San Francisco de Asis,Independent,Santo Domingo,independent_unaffiliated,independent_l1_promote,reject,Low,true,false,false,hostel_or_hostal_out_of_scope,has_name
way/1134831880,Villas CODEVI,Independent,Dajabon,independent_unaffiliated,independent_l1_promote,auto_insert,High,false,true,false,independent_gates_passed,has_name|not_hostel_or_hostal|has_country|hpc_not_duplicate|has_non_denylist_website|website_not_weak_or_corroborated|has_city|independent_quality_or_wikidata
way/1486163951,Hotel Anselmo,Independent,Boca Chica,independent_unaffiliated,independent_l1_promote,auto_insert,High,false,true,false,independent_gates_passed,has_name|not_hostel_or_hostal|has_country|hpc_not_duplicate|has_non_denylist_website|website_not_weak_or_corroborated|has_city|independent_quality_or_wikidata
node/270997923,Breezes,Breezes (SuperClubs),Unknown,known_brand_census_intake,known_chain_census_backlog_not_active_setup,steward_hold,Medium,true,false,false,missing_official_property_url,has_name|not_hostel_or_hostal|has_country|hpc_not_duplicate
node/287032841,Dreams Palm Beach Resort,Dreams (Hyatt Inclusive Collection),Unknown,known_brand_census_intake,known_chain_census_backlog_not_active_setup,steward_hold,Medium,true,false,false,missing_official_property_url,has_name|not_hostel_or_hostal|has_country|hpc_not_duplicate
node/302771731,Natura Park Beach Eco Resort & Spa,Blau Hotels,Punta Cana,known_brand_census_intake,known_chain_census_backlog_not_active_setup,auto_insert,High,true,true,false,known_chain_backlog_gates_passed_hr,has_name|not_hostel_or_hostal|has_country|hpc_not_duplicate|has_non_denylist_website|website_not_weak_or_corroborated|has_resolved_brand|known_brand_quality_ok|has_city
node/302771860,Catalonia Punta Cana,Catalonia,Unknown,known_brand_census_intake,known_chain_census_backlog_not_active_setup,auto_insert,Medium,true,true,false,known_chain_backlog_insert_city_unknown_hr,has_name|not_hostel_or_hostal|has_country|hpc_not_duplicate|has_non_denylist_website|website_not_weak_or_corroborated|has_resolved_brand|known_brand_quality_ok|city_unknown_allowed_with_hr
node/302771929,Be Live Grand Bavaro,Be Live,Unknown,known_brand_census_intake,known_chain_census_backlog_not_active_setup,steward_hold,Medium,true,false,false,missing_official_property_url,has_name|not_hostel_or_hostal|has_country|hpc_not_duplicate
node/302800763,Wyndham Alltra Punta Cana,Wyndham,Unknown,known_brand_census_intake,known_chain_census_backlog_not_active_setup,auto_insert,Medium,true,true,false,known_chain_backlog_insert_city_unknown_hr,has_name|not_hostel_or_hostal|has_country|hpc_not_duplicate|has_non_denylist_website|website_not_weak_or_corroborated|has_resolved_brand|known_brand_quality_ok|city_unknown_allowed_with_hr
node/349129742,Hotel RIU Mambo,RIU,Maimón,known_brand_census_intake,known_chain_census_backlog_not_active_setup,auto_insert,High,true,true,false,known_chain_backlog_gates_passed_hr,has_name|not_hostel_or_hostal|has_country|hpc_not_duplicate|has_non_denylist_website|website_not_weak_or_corroborated|has_resolved_brand|known_brand_quality_ok|has_city
node/354627440,Hotel RIU Merengue,RIU,Maimón,known_brand_census_intake,known_chain_census_backlog_not_active_setup,auto_insert,High,true,true,false,known_chain_backlog_gates_passed_hr,has_name|not_hostel_or_hostal|has_country|hpc_not_duplicate|has_non_denylist_website|website_not_weak_or_corroborated|has_resolved_brand|known_brand_quality_ok|has_city
node/354627549,Hotel RIU Bachata,RIU,Maimón,known_brand_census_intake,known_chain_census_backlog_not_active_setup,auto_insert,High,true,true,false,known_chain_backlog_gates_passed_hr,has_name|not_hostel_or_hostal|has_country|hpc_not_duplicate|has_non_denylist_website|website_not_weak_or_corroborated|has_resolved_brand|known_brand_quality_ok|has_city
node/431025349,Barceló Bávaro Palace Deluxe,Barceló,Unknown,known_brand_census_intake,known_chain_census_backlog_not_active_setup,auto_insert,Medium,true,true,false,known_chain_backlog_insert_city_unknown_hr,has_name|not_hostel_or_hostal|has_country|hpc_not_duplicate|has_non_denylist_website|website_not_weak_or_corroborated|has_resolved_brand|known_brand_quality_ok|city_unknown_allowed_with_hr
node/596663088,Hotel Crowne Plaza,Crowne Plaza,Santo Domingo,known_brand_census_intake,active_or_soft_brand_census_plus_autopilot,auto_insert,High,false,true,true,active_or_soft_brand_gates_passed,has_name|not_hostel_or_hostal|has_country|hpc_not_duplicate|has_non_denylist_website|website_not_weak_or_corroborated|has_resolved_brand|known_brand_quality_ok|has_city
node/597456591,Hodelpa Novus Plaza,Hodelpa,Santo Domingo,known_brand_census_intake,known_chain_census_backlog_not_active_setup,auto_insert,High,true,true,false,known_chain_backlog_gates_passed_hr,has_name|not_hostel_or_hostal|has_country|hpc_not_duplicate|has_non_denylist_website|website_not_weak_or_corroborated|has_resolved_brand|known_brand_quality_ok|has_city
node/635204441,Club Med,Club Med,Unknown,known_brand_census_intake,known_chain_census_backlog_not_active_setup,steward_hold,Medium,true,false,false,missing_official_property_url,has_name|not_hostel_or_hostal|has_country|hpc_not_duplicate
node/1207422127,Be Live Grand Marien Hotel,Be Live,Unknown,known_brand_census_intake,known_chain_census_backlog_not_active_setup,steward_hold,Medium,true,false,false,missing_official_property_url,has_name|not_hostel_or_hostal|has_country|hpc_not_duplicate
node/1234382123,Emotion By Hodelpa.,Hodelpa,Unknown,known_brand_census_intake,known_chain_census_backlog_not_active_setup,auto_insert,Medium,true,true,false,known_chain_backlog_insert_city_unknown_hr,has_name|not_hostel_or_hostal|has_country|hpc_not_duplicate|has_non_denylist_website|website_not_weak_or_corroborated|has_resolved_brand|known_brand_quality_ok|city_unknown_allowed_with_hr
node/1653013577,Secrets Royal Beach Punta Cana,Hyatt,Punta Cana,known_brand_census_intake,known_chain_census_backlog_not_active_setup,auto_insert,High,true,true,false,known_chain_backlog_gates_passed_hr,has_name|not_hostel_or_hostal|has_country|hpc_not_duplicate|has_non_denylist_website|website_not_weak_or_corroborated|has_resolved_brand|known_brand_quality_ok|has_city
node/2106184527,Hard Rock Hotel & Casino Punta Cana - All inclusive,Hard Rock Hotels,Punta Cana,known_brand_census_intake,known_chain_census_backlog_not_active_setup,auto_insert,High,true,true,false,known_chain_backlog_gates_passed_hr,has_name|not_hostel_or_hostal|has_country|hpc_not_duplicate|has_non_denylist_website|website_not_weak_or_corroborated|has_resolved_brand|known_brand_quality_ok|has_city
node/2172701438,Casa Bonita,SLH,Unknown,known_brand_census_intake,active_or_soft_brand_census_plus_autopilot,steward_hold,Medium,true,false,false,known_brand_missing_city,has_name|not_hostel_or_hostal|has_country|hpc_not_duplicate|has_non_denylist_website|website_not_weak_or_corroborated|has_resolved_brand|known_brand_quality_ok
node/2262714721,Dreams Royal Beach Punta Cana,Dreams (Hyatt Inclusive Collection),Punta Cana,known_brand_census_intake,known_chain_census_backlog_not_active_setup,auto_insert,High,true,true,false,known_chain_backlog_gates_passed_hr,has_name|not_hostel_or_hostal|has_country|hpc_not_duplicate|has_non_denylist_website|website_not_weak_or_corroborated|has_resolved_brand|known_brand_quality_ok|has_city
node/2613949124,Four Points by Sheraton,Four Points by Sheraton,Punta Cana,known_brand_census_intake,active_or_soft_brand_census_plus_autopilot,auto_insert,High,false,true,true,active_or_soft_brand_gates_passed,has_name|not_hostel_or_hostal|has_country|hpc_not_duplicate|has_non_denylist_website|website_not_weak_or_corroborated|has_resolved_brand|known_brand_quality_ok|has_city
node/2778735252,Sheraton,Sheraton,Unknown,known_brand_census_intake,active_or_soft_brand_census_plus_autopilot,steward_hold,Medium,true,false,false,missing_official_property_url,has_name|not_hostel_or_hostal|has_country|hpc_not_duplicate
node/2866813906,Sensimar Punta Cana Villas & Suites,RIU,Unknown,known_brand_census_intake,known_chain_census_backlog_not_active_setup,steward_hold,Medium,true,false,false,missing_official_property_url,has_name|not_hostel_or_hostal|has_country|hpc_not_duplicate
node/2998189889,Hotel Occidental Allegro Playa Dorada,Occidental,Unknown,known_brand_census_intake,known_chain_census_backlog_not_active_setup,steward_hold,Medium,true,false,false,missing_official_property_url,has_name|not_hostel_or_hostal|has_country|hpc_not_duplicate
node/2998191668,Barceló Puerto Plata,Barceló,Unknown,known_brand_census_intake,known_chain_census_backlog_not_active_setup,steward_hold,Medium,true,false,false,missing_official_property_url,has_name|not_hostel_or_hostal|has_country|hpc_not_duplicate
node/3015649822,Occidental Caribe (former Barcelo Punta Cana),Barceló,Unknown,known_brand_census_intake,known_chain_census_backlog_not_active_setup,auto_insert,Medium,true,true,false,known_chain_backlog_insert_city_unknown_hr,has_name|not_hostel_or_hostal|has_country|hpc_not_duplicate|has_non_denylist_website|website_not_weak_or_corroborated|has_resolved_brand|known_brand_quality_ok|city_unknown_allowed_with_hr
node/3145204521,Occidental Caribe (former Barcelo Punta Cana),Barceló,Bavaro,known_brand_census_intake,known_chain_census_backlog_not_active_setup,auto_insert,High,true,true,false,known_chain_backlog_gates_passed_hr,has_name|not_hostel_or_hostal|has_country|hpc_not_duplicate|has_non_denylist_website|website_not_weak_or_corroborated|has_resolved_brand|known_brand_quality_ok|has_city
node/3145252104,Grand Bahia Principe Punta Cana,Bahía Príncipe,Unknown,known_brand_census_intake,known_chain_census_backlog_not_active_setup,auto_insert,Medium,true,true,false,known_chain_backlog_insert_city_unknown_hr,has_name|not_hostel_or_hostal|has_country|hpc_not_duplicate|has_non_denylist_website|website_not_weak_or_corroborated|has_resolved_brand|known_brand_quality_ok|city_unknown_allowed_with_hr
node/3145261362,Riu Palace Punta Cana,RIU,Punta Cana,known_brand_census_intake,known_chain_census_backlog_not_active_setup,auto_insert,High,true,true,false,known_chain_backlog_gates_passed_hr,has_name|not_hostel_or_hostal|has_country|hpc_not_duplicate|has_non_denylist_website|website_not_weak_or_corroborated|has_resolved_brand|known_brand_quality_ok|has_city
node/3154070396,Excellence Punta Cana,Excellence Resorts,Punta Cana,known_brand_census_intake,known_chain_census_backlog_not_active_setup,auto_insert,High,true,true,false,known_chain_backlog_gates_passed_hr,has_name|not_hostel_or_hostal|has_country|hpc_not_duplicate|has_non_denylist_website|website_not_weak_or_corroborated|has_resolved_brand|known_brand_quality_ok|has_city
node/3161538019,Real Intercontinental,InterContinental,"Santo Domingo , Rep Dominicana",known_brand_census_intake,known_chain_census_backlog_not_active_setup,steward_hold,Medium,true,false,false,missing_official_property_url,has_name|not_hostel_or_hostal|has_country|hpc_not_duplicate
node/3216771022,Radisson Hotel Santo Domingo,Radisson by Choice,Santo Domingo,known_brand_census_intake,active_or_soft_brand_census_plus_autopilot,auto_insert,High,false,true,true,active_or_soft_brand_gates_passed,has_name|not_hostel_or_hostal|has_country|hpc_not_duplicate|has_non_denylist_website|website_not_weak_or_corroborated|has_resolved_brand|known_brand_quality_ok|has_city
node/3287789561,Breathless Resort,Breathless (Hyatt Inclusive Collection),Playas,known_brand_census_intake,known_chain_census_backlog_not_active_setup,steward_hold,Medium,true,false,false,missing_official_property_url,has_name|not_hostel_or_hostal|has_country|hpc_not_duplicate
node/3501119758,Viva Dominicus Palace by Wyndham,Wyndham,Unknown,known_brand_census_intake,known_chain_census_backlog_not_active_setup,auto_insert,Medium,true,true,false,known_chain_backlog_insert_city_unknown_hr,has_name|not_hostel_or_hostal|has_country|hpc_not_duplicate|has_non_denylist_website|website_not_weak_or_corroborated|has_resolved_brand|known_brand_quality_ok|city_unknown_allowed_with_hr
node/3681551947,Embassy Suites by Hilton,Hilton Hotels & Resorts,Santo Domingo,known_brand_census_intake,active_or_soft_brand_census_plus_autopilot,auto_insert,High,false,true,true,active_or_soft_brand_gates_passed,has_name|not_hostel_or_hostal|has_country|hpc_not_duplicate|has_non_denylist_website|website_not_weak_or_corroborated|has_resolved_brand|known_brand_quality_ok|has_city
node/3831572259,Chaykovsky Boutique h,Chaykovsky Boutique h,Unknown,known_brand_census_intake,steward_brand_tag_review,steward_hold,Hold,true,false,false,steward_unresolved_osm_brand_tag,has_name|not_hostel_or_hostal|has_country|hpc_not_duplicate
node/4023347101,Excellence El Carmen,Excellence Resorts,Punta Cana,known_brand_census_intake,known_chain_census_backlog_not_active_setup,auto_insert,High,true,true,false,known_chain_backlog_gates_passed_hr,has_name|not_hostel_or_hostal|has_country|hpc_not_duplicate|has_non_denylist_website|website_not_weak_or_corroborated|has_resolved_brand|known_brand_quality_ok|has_city
node/4037102403,Kasablanka,LAS AHU ENAS,Unknown,known_brand_census_intake,steward_brand_tag_review,steward_hold,Hold,true,false,false,steward_unresolved_osm_brand_tag,has_name|not_hostel_or_hostal|has_country|hpc_not_duplicate
node/4214864111,Las Galeras Village,Sergio Boschetti,Las Galeras,known_brand_census_intake,steward_brand_tag_review,steward_hold,Hold,true,false,false,steward_unresolved_osm_brand_tag,has_name|not_hostel_or_hostal|has_country|hpc_not_duplicate
node/4268870091,Melia Caribe Tropical,Meliá,Unknown,known_brand_census_intake,known_chain_census_backlog_not_active_setup,steward_hold,Medium,true,false,false,missing_official_property_url,has_name|not_hostel_or_hostal|has_country|hpc_not_duplicate
node/4419741355,Villa Ibiscus,ibis,Unknown,known_brand_census_intake,known_chain_census_backlog_not_active_setup,auto_insert,Medium,true,true,false,known_chain_backlog_insert_city_unknown_hr,has_name|not_hostel_or_hostal|has_country|hpc_not_duplicate|has_non_denylist_website|website_not_weak_or_corroborated|has_resolved_brand|known_brand_quality_ok|city_unknown_allowed_with_hr
node/4576227595,fata morgana,Edit de jong,Unknown,known_brand_census_intake,steward_brand_tag_review,steward_hold,Hold,true,false,false,steward_unresolved_osm_brand_tag,has_name|not_hostel_or_hostal|has_country|hpc_not_duplicate
node/4580475290,Las Galeras Island Hostel,Jose Miguel,Unknown,known_brand_census_intake,steward_brand_tag_review,reject,Low,true,false,false,hostel_or_hostal_out_of_scope,has_name
node/4660748798,Grand Bahia Principe Bavaro,Bahía Príncipe,Unknown,known_brand_census_intake,known_chain_census_backlog_not_active_setup,steward_hold,Medium,true,false,false,missing_official_property_url,has_name|not_hostel_or_hostal|has_country|hpc_not_duplicate
node/4660748808,Grand Bahia Principe Aquamarine,Bahía Príncipe,Unknown,known_brand_census_intake,known_chain_census_backlog_not_active_setup,auto_insert,Medium,true,true,false,known_chain_backlog_insert_city_unknown_hr,has_name|not_hostel_or_hostal|has_country|hpc_not_duplicate|has_non_denylist_website|website_not_weak_or_corroborated|has_resolved_brand|known_brand_quality_ok|city_unknown_allowed_with_hr
node/4844011423,White Sands B&B,Lance & Marianna,Unknown,known_brand_census_intake,steward_brand_tag_review,steward_hold,Hold,true,false,false,steward_unresolved_osm_brand_tag,has_name|not_hostel_or_hostal|has_country|hpc_not_duplicate
node/4901959222,Hotel Riu República,RIU,Unknown,known_brand_census_intake,known_chain_census_backlog_not_active_setup,auto_insert,Medium,true,true,false,known_chain_backlog_insert_city_unknown_hr,has_name|not_hostel_or_hostal|has_country|hpc_not_duplicate|has_non_denylist_website|website_not_weak_or_corroborated|has_resolved_brand|known_brand_quality_ok|city_unknown_allowed_with_hr
node/4906431721,Hostal Casa 51,Bless Diaz,Unknown,known_brand_census_intake,steward_brand_tag_review,reject,Low,true,false,false,hostel_or_hostal_out_of_scope,has_name
node/5037222221,Los Corales Village RECEPTION,Los Corales Village - Grupo Dos,Unknown,known_brand_census_intake,steward_brand_tag_review,steward_hold,Hold,true,false,false,steward_unresolved_osm_brand_tag,has_name|not_hostel_or_hostal|has_country|hpc_not_duplicate
node/5181801658,Amhsa Marina Grand Paradise Playa Dorada,Amhsa Marina Hotels,Unknown,known_brand_census_intake,known_chain_census_backlog_not_active_setup,auto_insert,Medium,true,true,false,known_chain_backlog_insert_city_unknown_hr,has_name|not_hostel_or_hostal|has_country|hpc_not_duplicate|has_non_denylist_website|website_not_weak_or_corroborated|has_resolved_brand|known_brand_quality_ok|city_unknown_allowed_with_hr
node/5207508821,Villa los Gorgones,Hans De Schryver,Unknown,known_brand_census_intake,steward_brand_tag_review,steward_hold,Hold,true,false,false,steward_unresolved_osm_brand_tag,has_name|not_hostel_or_hostal|has_country|hpc_not_duplicate
node/5249076522,Casa Cayuco,Elodie Prader,Unknown,known_brand_census_intake,steward_brand_tag_review,steward_hold,Hold,true,false,false,steward_unresolved_osm_brand_tag,has_name|not_hostel_or_hostal|has_country|hpc_not_duplicate
node/5280875644,Hostal Rural Backpackers,Vicente Sempere,Polo,known_brand_census_intake,steward_brand_tag_review,reject,Low,true,false,false,hostel_or_hostal_out_of_scope,has_name
node/5688089045,"Lopesan Costa Bávaro Resort, Spa & Casino",Lopesan,Punta Cana,known_brand_census_intake,known_chain_census_backlog_not_active_setup,auto_insert,High,true,true,false,known_chain_backlog_gates_passed_hr,has_name|not_hostel_or_hostal|has_country|hpc_not_duplicate|has_non_denylist_website|website_not_weak_or_corroborated|has_resolved_brand|known_brand_quality_ok|has_city
node/6020419629,The Circle by Meliá,Meliá,Unknown,known_brand_census_intake,known_chain_census_backlog_not_active_setup,reject,Hold,true,false,false,official_url_denylisted_ota_or_social,has_name|not_hostel_or_hostal|has_country
node/6186383052,Casa Gio Las Terrenas,Affitta camere,Las Terrenas,known_brand_census_intake,steward_brand_tag_review,steward_hold,Hold,true,false,false,steward_unresolved_osm_brand_tag,has_name|not_hostel_or_hostal|has_country|hpc_not_duplicate
node/6314999313,Catalonia Bavaro Royal,Catalonia,Unknown,known_brand_census_intake,known_chain_census_backlog_not_active_setup,steward_hold,Medium,true,false,false,missing_official_property_url,has_name|not_hostel_or_hostal|has_country|hpc_not_duplicate
node/6468314516,Hotel Emotions by Hodelpa,Hodelpa,Unknown,known_brand_census_intake,known_chain_census_backlog_not_active_setup,auto_insert,Medium,true,true,false,known_chain_backlog_insert_city_unknown_hr,has_name|not_hostel_or_hostal|has_country|hpc_not_duplicate|has_non_denylist_website|website_not_weak_or_corroborated|has_resolved_brand|known_brand_quality_ok|city_unknown_allowed_with_hr
node/6561542253,Cabrera Chalet,Boutique Hotel,Cabrera,known_brand_census_intake,steward_brand_tag_review,steward_hold,Hold,true,false,false,steward_unresolved_osm_brand_tag,has_name|not_hostel_or_hostal|has_country|hpc_not_duplicate
node/6604081464,Share Melvi Apartment,Barceló,Punta Cana,known_brand_census_intake,known_chain_census_backlog_not_active_setup,steward_hold,Medium,true,false,false,missing_official_property_url,has_name|not_hostel_or_hostal|has_country|hpc_not_duplicate
node/7243015035,Arena Oceanview Hotel & La Terraza Restaurant,Private,Las Galeres,known_brand_census_intake,steward_brand_tag_review,steward_hold,Hold,true,false,false,steward_unresolved_osm_brand_tag,has_name|not_hostel_or_hostal|has_country|hpc_not_duplicate
node/8026710897,Hyatt Zilara Cap Cana,Hyatt Zilara,Unknown,known_brand_census_intake,known_chain_census_backlog_not_active_setup,auto_insert,Medium,true,true,false,known_chain_backlog_insert_city_unknown_hr,has_name|not_hostel_or_hostal|has_country|hpc_not_duplicate|has_non_denylist_website|website_not_weak_or_corroborated|has_resolved_brand|known_brand_quality_ok|city_unknown_allowed_with_hr
node/8116547995,Majestic Mirage Punta Cana - All-Suite Resort,Majestic Resorts,Punta Cana,known_brand_census_intake,known_chain_census_backlog_not_active_setup,auto_insert,High,true,true,false,known_chain_backlog_gates_passed_hr,has_name|not_hostel_or_hostal|has_country|hpc_not_duplicate|has_non_denylist_website|website_not_weak_or_corroborated|has_resolved_brand|known_brand_quality_ok|has_city
node/8262599417,Casa Amelia,Meliá,Unknown,known_brand_census_intake,known_chain_census_backlog_not_active_setup,steward_hold,Medium,true,false,false,missing_official_property_url,has_name|not_hostel_or_hostal|has_country|hpc_not_duplicate
node/9051047481,Surfbreak Cabarete,Romario,Unknown,known_brand_census_intake,steward_brand_tag_review,steward_hold,Hold,true,false,false,steward_unresolved_osm_brand_tag,has_name|not_hostel_or_hostal|has_country|hpc_not_duplicate
node/9167682913,Hotel Naragua,RIU,Unknown,known_brand_census_intake,known_chain_census_backlog_not_active_setup,steward_hold,Medium,true,false,false,missing_official_property_url,has_name|not_hostel_or_hostal|has_country|hpc_not_duplicate
node/9296353657,"Radisson Blu Resort & Residence, Punta Cana",Radisson Blu by Choice,Punta Cana,known_brand_census_intake,active_or_soft_brand_census_plus_autopilot,auto_insert,High,false,true,true,active_or_soft_brand_gates_passed,has_name|not_hostel_or_hostal|has_country|hpc_not_duplicate|has_non_denylist_website|website_not_weak_or_corroborated|has_resolved_brand|known_brand_quality_ok|has_city
node/10823294756,Domescape Glamping Miches,Domescape,Unknown,known_brand_census_intake,steward_brand_tag_review,reject,Hold,true,false,false,official_url_denylisted_ota_or_social,has_name|not_hostel_or_hostal|has_country
node/11102602341,Villa Mamanita,Villa Mamanita,villa altagracia,known_brand_census_intake,steward_brand_tag_review,reject,Hold,true,false,false,official_url_denylisted_ota_or_social,has_name|not_hostel_or_hostal|has_country
node/11158547600,Los Corales Beach Village Suites,Los Corales Village - Grupo Dos,Unknown,known_brand_census_intake,steward_brand_tag_review,steward_hold,Hold,true,false,false,steward_unresolved_osm_brand_tag,has_name|not_hostel_or_hostal|has_country|hpc_not_duplicate
node/11158547601,Las Terrazas Condo Apartment,Los Corales Village - Grupo Dos,Unknown,known_brand_census_intake,steward_brand_tag_review,steward_hold,Hold,true,false,false,steward_unresolved_osm_brand_tag,has_name|not_hostel_or_hostal|has_country|hpc_not_duplicate
node/11158547602,Flor del Mar Condo Apartment,Los Corales Village - Grupo Dos,Unknown,known_brand_census_intake,steward_brand_tag_review,steward_hold,Hold,true,false,false,steward_unresolved_osm_brand_tag,has_name|not_hostel_or_hostal|has_country|hpc_not_duplicate
node/11158547603,La Piazzetta PREMIUM Suites,Los Corales Village - Grupo Dos,Unknown,known_brand_census_intake,steward_brand_tag_review,steward_hold,Hold,true,false,false,steward_unresolved_osm_brand_tag,has_name|not_hostel_or_hostal|has_country|hpc_not_duplicate
node/11216277399,"Marriott Miches Beach, An All-Inclusive Resort",Marriott,Unknown,known_brand_census_intake,known_chain_census_backlog_not_active_setup,auto_insert,Medium,true,true,false,known_chain_backlog_insert_city_unknown_hr,has_name|not_hostel_or_hostal|has_country|hpc_not_duplicate|has_non_denylist_website|website_not_weak_or_corroborated|has_resolved_brand|known_brand_quality_ok|city_unknown_allowed_with_hr
node/11628073769,Melia caribe beach resort,Meliá,Unknown,known_brand_census_intake,known_chain_census_backlog_not_active_setup,auto_insert,Medium,true,true,false,known_chain_backlog_insert_city_unknown_hr,has_name|not_hostel_or_hostal|has_country|hpc_not_duplicate|has_non_denylist_website|website_not_weak_or_corroborated|has_resolved_brand|known_brand_quality_ok|city_unknown_allowed_with_hr
node/12818363772,Holiday Inn Santo Domingo,Holiday Inn,Unknown,known_brand_census_intake,known_chain_census_backlog_not_active_setup,auto_insert,Medium,true,true,false,known_chain_backlog_insert_city_unknown_hr,has_name|not_hostel_or_hostal|has_country|hpc_not_duplicate|has_non_denylist_website|website_not_weak_or_corroborated|has_resolved_brand|known_brand_quality_ok|city_unknown_allowed_with_hr
node/13081433749,Viva Dominicus Beach by Wyndham,Wyndham,Unknown,known_brand_census_intake,known_chain_census_backlog_not_active_setup,auto_insert,Medium,true,true,false,known_chain_backlog_insert_city_unknown_hr,has_name|not_hostel_or_hostal|has_country|hpc_not_duplicate|has_non_denylist_website|website_not_weak_or_corroborated|has_resolved_brand|known_brand_quality_ok|city_unknown_allowed_with_hr
way/27956819,Iberostar Waves Punta Cana,Iberostar,Punta Cana,known_brand_census_intake,known_chain_census_backlog_not_active_setup,auto_insert,High,true,true,false,known_chain_backlog_gates_passed_hr,has_name|not_hostel_or_hostal|has_country|hpc_not_duplicate|has_non_denylist_website|website_not_weak_or_corroborated|has_resolved_brand|known_brand_quality_ok|has_city
way/27956853,Iberostar Waves Dominicana,Iberostar,Punta Cana,known_brand_census_intake,known_chain_census_backlog_not_active_setup,auto_insert,High,true,true,false,known_chain_backlog_gates_passed_hr,has_name|not_hostel_or_hostal|has_country|hpc_not_duplicate|has_non_denylist_website|website_not_weak_or_corroborated|has_resolved_brand|known_brand_quality_ok|has_city
way/27957139,Hotel Riu Palace Macao,RIU,Punta Cana,known_brand_census_intake,known_chain_census_backlog_not_active_setup,auto_insert,High,true,true,false,known_chain_backlog_gates_passed_hr,has_name|not_hostel_or_hostal|has_country|hpc_not_duplicate|has_non_denylist_website|website_not_weak_or_corroborated|has_resolved_brand|known_brand_quality_ok|has_city
way/33120922,Hotel Occidental Allegro Playa Dorada,Occidental,Unknown,known_brand_census_intake,known_chain_census_backlog_not_active_setup,steward_hold,Medium,true,false,false,missing_official_property_url,has_name|not_hostel_or_hostal|has_country|hpc_not_duplicate
way/34879211,Barcelo Punta Cana Hotel,Barceló,Unknown,known_brand_census_intake,known_chain_census_backlog_not_active_setup,steward_hold,Medium,true,false,false,missing_official_property_url,has_name|not_hostel_or_hostal|has_country|hpc_not_duplicate
way/53581002,Hotel Riu Bambu,RIU,Punta Cana,known_brand_census_intake,known_chain_census_backlog_not_active_setup,auto_insert,High,true,true,false,known_chain_backlog_gates_passed_hr,has_name|not_hostel_or_hostal|has_country|hpc_not_duplicate|has_non_denylist_website|website_not_weak_or_corroborated|has_resolved_brand|known_brand_quality_ok|has_city
way/93553072,Hotel Dominican Fiesta,Fiesta,Unknown,known_brand_census_intake,steward_brand_tag_review,steward_hold,Hold,true,false,false,steward_unresolved_osm_brand_tag,has_name|not_hostel_or_hostal|has_country|hpc_not_duplicate
way/104646167,Barceló Bávaro Beach – Adults only,Barceló,Unknown,known_brand_census_intake,known_chain_census_backlog_not_active_setup,auto_insert,Medium,true,true,false,known_chain_backlog_insert_city_unknown_hr,has_name|not_hostel_or_hostal|has_country|hpc_not_duplicate|has_non_denylist_website|website_not_weak_or_corroborated|has_resolved_brand|known_brand_quality_ok|city_unknown_allowed_with_hr
way/110955858,Iberostar Selection Bavaro Suites,Iberostar,Punta Cana,known_brand_census_intake,known_chain_census_backlog_not_active_setup,auto_insert,High,true,true,false,known_chain_backlog_gates_passed_hr,has_name|not_hostel_or_hostal|has_country|hpc_not_duplicate|has_non_denylist_website|website_not_weak_or_corroborated|has_resolved_brand|known_brand_quality_ok|has_city
way/110962847,Iberostar Selection Coral Bávaro,Iberostar,Punta Cana,known_brand_census_intake,known_chain_census_backlog_not_active_setup,auto_insert,High,true,true,false,known_chain_backlog_gates_passed_hr,has_name|not_hostel_or_hostal|has_country|hpc_not_duplicate|has_non_denylist_website|website_not_weak_or_corroborated|has_resolved_brand|known_brand_quality_ok|has_city
way/136390467,Iberostar Waves Costa Dorada,Iberostar,Marapica,known_brand_census_intake,known_chain_census_backlog_not_active_setup,auto_insert,High,true,true,false,known_chain_backlog_gates_passed_hr,has_name|not_hostel_or_hostal|has_country|hpc_not_duplicate|has_non_denylist_website|website_not_weak_or_corroborated|has_resolved_brand|known_brand_quality_ok|has_city
way/142306645,Hotel Riu Naiboa,RIU,Punta Cana,known_brand_census_intake,known_chain_census_backlog_not_active_setup,auto_insert,High,true,true,false,known_chain_backlog_gates_passed_hr,has_name|not_hostel_or_hostal|has_country|hpc_not_duplicate|has_non_denylist_website|website_not_weak_or_corroborated|has_resolved_brand|known_brand_quality_ok|has_city
way/142306646,Hotel Riu Palace Punta Cana,RIU,Punta Cana,known_brand_census_intake,known_chain_census_backlog_not_active_setup,auto_insert,High,true,true,false,known_chain_backlog_gates_passed_hr,has_name|not_hostel_or_hostal|has_country|hpc_not_duplicate|has_non_denylist_website|website_not_weak_or_corroborated|has_resolved_brand|known_brand_quality_ok|has_city
way/153864150,Hotel Barceló Santo Domingo,Barceló,Unknown,known_brand_census_intake,known_chain_census_backlog_not_active_setup,auto_insert,Medium,true,true,false,known_chain_backlog_insert_city_unknown_hr,has_name|not_hostel_or_hostal|has_country|hpc_not_duplicate|has_non_denylist_website|website_not_weak_or_corroborated|has_resolved_brand|known_brand_quality_ok|city_unknown_allowed_with_hr
way/164232205,Hodelpa Centro Plaza Hotel,Hodelpa,Santiago de los Caballeros,known_brand_census_intake,known_chain_census_backlog_not_active_setup,auto_insert,High,true,true,false,known_chain_backlog_gates_passed_hr,has_name|not_hostel_or_hostal|has_country|hpc_not_duplicate|has_non_denylist_website|website_not_weak_or_corroborated|has_resolved_brand|known_brand_quality_ok|has_city
way/175357851,Gran Bahia Principe Cayacoa,Bahía Príncipe,Unknown,known_brand_census_intake,known_chain_census_backlog_not_active_setup,steward_hold,Medium,true,false,false,missing_official_property_url,has_name|not_hostel_or_hostal|has_country|hpc_not_duplicate
way/177332376,Crowne Plaza,Crowne Plaza,Santo Domingo,known_brand_census_intake,active_or_soft_brand_census_plus_autopilot,auto_insert,High,false,true,true,active_or_soft_brand_gates_passed,has_name|not_hostel_or_hostal|has_country|hpc_not_duplicate|has_non_denylist_website|website_not_weak_or_corroborated|has_resolved_brand|known_brand_quality_ok|has_city
way/177332379,Renaissance Hotel,Renaissance Hotels,Santo Domingo,known_brand_census_intake,known_chain_census_backlog_not_active_setup,auto_insert,High,true,true,false,known_chain_backlog_gates_passed_hr,has_name|not_hostel_or_hostal|has_country|hpc_not_duplicate|has_non_denylist_website|website_not_weak_or_corroborated|has_resolved_brand|known_brand_quality_ok|has_city
way/199921835,Gran Bahia Principe El Portillo,Bahía Príncipe,Unknown,known_brand_census_intake,known_chain_census_backlog_not_active_setup,auto_insert,Medium,true,true,false,known_chain_backlog_insert_city_unknown_hr,has_name|not_hostel_or_hostal|has_country|hpc_not_duplicate|has_non_denylist_website|website_not_weak_or_corroborated|has_resolved_brand|known_brand_quality_ok|city_unknown_allowed_with_hr
way/204089278,Casa Marina Beach & Reef,Amhsa Marina Hotels,Unknown,known_brand_census_intake,known_chain_census_backlog_not_active_setup,steward_hold,Medium,true,false,false,missing_official_property_url,has_name|not_hostel_or_hostal|has_country|hpc_not_duplicate
way/233446403,Hodelpa Gran Almirante,Hodelpa,Unknown,known_brand_census_intake,known_chain_census_backlog_not_active_setup,auto_insert,Medium,true,true,false,known_chain_backlog_insert_city_unknown_hr,has_name|not_hostel_or_hostal|has_country|hpc_not_duplicate|has_non_denylist_website|website_not_weak_or_corroborated|has_resolved_brand|known_brand_quality_ok|city_unknown_allowed_with_hr
way/236000172,Luxury Bahia Principe Samana,Bahía Príncipe,Unknown,known_brand_census_intake,known_chain_census_backlog_not_active_setup,auto_insert,Medium,true,true,false,known_chain_backlog_insert_city_unknown_hr,has_name|not_hostel_or_hostal|has_country|hpc_not_duplicate|has_non_denylist_website|website_not_weak_or_corroborated|has_resolved_brand|known_brand_quality_ok|city_unknown_allowed_with_hr
way/245917690,Cabañas Monte Lola,Cesar Ureña,Unknown,known_brand_census_intake,steward_brand_tag_review,steward_hold,Hold,true,false,false,steward_unresolved_osm_brand_tag,has_name|not_hostel_or_hostal|has_country|hpc_not_duplicate
way/251860535,Quality Inn,Quality Inn,Unknown,known_brand_census_intake,active_or_soft_brand_census_plus_autopilot,steward_hold,Medium,true,false,false,missing_official_property_url,has_name|not_hostel_or_hostal|has_country|hpc_not_duplicate
way/253123206,Catalonia Royal La Romana,Catalonia,Unknown,known_brand_census_intake,known_chain_census_backlog_not_active_setup,auto_insert,Medium,true,true,false,known_chain_backlog_insert_city_unknown_hr,has_name|not_hostel_or_hostal|has_country|hpc_not_duplicate|has_non_denylist_website|website_not_weak_or_corroborated|has_resolved_brand|known_brand_quality_ok|city_unknown_allowed_with_hr
way/253125050,Hilton La Romana,Hilton Hotels & Resorts,Unknown,known_brand_census_intake,active_or_soft_brand_census_plus_autopilot,steward_hold,Medium,true,false,false,known_brand_missing_city,has_name|not_hostel_or_hostal|has_country|hpc_not_duplicate|has_non_denylist_website|website_not_weak_or_corroborated|has_resolved_brand|known_brand_quality_ok
way/255788067,Hard Rock Hotel,Hard Rock Hotels,Unknown,known_brand_census_intake,known_chain_census_backlog_not_active_setup,steward_hold,Medium,true,false,false,missing_official_property_url,has_name|not_hostel_or_hostal|has_country|hpc_not_duplicate
way/255806141,Barceló Dominican Beach,Barceló,Unknown,known_brand_census_intake,known_chain_census_backlog_not_active_setup,auto_insert,Medium,true,true,false,known_chain_backlog_insert_city_unknown_hr,has_name|not_hostel_or_hostal|has_country|hpc_not_duplicate|has_non_denylist_website|website_not_weak_or_corroborated|has_resolved_brand|known_brand_quality_ok|city_unknown_allowed_with_hr
way/272974124,Melia Santo Domingo Hotel,Meliá,Santo Domingo,known_brand_census_intake,known_chain_census_backlog_not_active_setup,steward_hold,Medium,true,false,false,missing_official_property_url,has_name|not_hostel_or_hostal|has_country|hpc_not_duplicate
way/309203833,JOIA Bávaro by Iberostar,Iberostar,Punta Cana,known_brand_census_intake,known_chain_census_backlog_not_active_setup,auto_insert,High,true,true,false,known_chain_backlog_gates_passed_hr,has_name|not_hostel_or_hostal|has_country|hpc_not_duplicate|has_non_denylist_website|website_not_weak_or_corroborated|has_resolved_brand|known_brand_quality_ok|has_city
way/309228608,Majestic Colonial Hotel,Majestic Resorts,Punta Cana,known_brand_census_intake,known_chain_census_backlog_not_active_setup,auto_insert,High,true,true,false,known_chain_backlog_gates_passed_hr,has_name|not_hostel_or_hostal|has_country|hpc_not_duplicate|has_non_denylist_website|website_not_weak_or_corroborated|has_resolved_brand|known_brand_quality_ok|has_city
way/309228614,Majestic Elegance Punta Cana,Majestic Resorts,Punta Cana,known_brand_census_intake,known_chain_census_backlog_not_active_setup,auto_insert,High,true,true,false,known_chain_backlog_gates_passed_hr,has_name|not_hostel_or_hostal|has_country|hpc_not_duplicate|has_non_denylist_website|website_not_weak_or_corroborated|has_resolved_brand|known_brand_quality_ok|has_city
way/310072877,Dreams Resort Hotel,Dreams (Hyatt Inclusive Collection),Unknown,known_brand_census_intake,known_chain_census_backlog_not_active_setup,steward_hold,Medium,true,false,false,missing_official_property_url,has_name|not_hostel_or_hostal|has_country|hpc_not_duplicate
way/310075723,Grand Sirenis Punta Cana Resort,Sirenis Hotels & Resorts,Unknown,known_brand_census_intake,known_chain_census_backlog_not_active_setup,auto_insert,Medium,true,true,false,known_chain_backlog_insert_city_unknown_hr,has_name|not_hostel_or_hostal|has_country|hpc_not_duplicate|has_non_denylist_website|website_not_weak_or_corroborated|has_resolved_brand|known_brand_quality_ok|city_unknown_allowed_with_hr
way/310076079,Excellence Punta Cana Hotel,Excellence Resorts,Unknown,known_brand_census_intake,known_chain_census_backlog_not_active_setup,auto_insert,Medium,true,true,false,known_chain_backlog_insert_city_unknown_hr,has_name|not_hostel_or_hostal|has_country|hpc_not_duplicate|has_non_denylist_website|website_not_weak_or_corroborated|has_resolved_brand|known_brand_quality_ok|city_unknown_allowed_with_hr
way/310436422,Occidental Grand Punta Cana Hotel,Occidental,Unknown,known_brand_census_intake,known_chain_census_backlog_not_active_setup,auto_insert,Medium,true,true,false,known_chain_backlog_insert_city_unknown_hr,has_name|not_hostel_or_hostal|has_country|hpc_not_duplicate|has_non_denylist_website|website_not_weak_or_corroborated|has_resolved_brand|known_brand_quality_ok|city_unknown_allowed_with_hr
way/310694392,Real Intercontinental Hotel,InterContinental,"Santo Domingo , Rep Dominicana",known_brand_census_intake,known_chain_census_backlog_not_active_setup,steward_hold,Medium,true,false,false,missing_official_property_url,has_name|not_hostel_or_hostal|has_country|hpc_not_duplicate
way/312593390,Hodelpa Garden Court Hotel,Hodelpa,Unknown,known_brand_census_intake,known_chain_census_backlog_not_active_setup,auto_insert,Medium,true,true,false,known_chain_backlog_insert_city_unknown_hr,has_name|not_hostel_or_hostal|has_country|hpc_not_duplicate|has_non_denylist_website|website_not_weak_or_corroborated|has_resolved_brand|known_brand_quality_ok|city_unknown_allowed_with_hr
way/323830323,Iberostar Hacienda Dominicus,Iberostar,Higüey,known_brand_census_intake,known_chain_census_backlog_not_active_setup,auto_insert,High,true,true,false,known_chain_backlog_gates_passed_hr,has_name|not_hostel_or_hostal|has_country|hpc_not_duplicate|has_non_denylist_website|website_not_weak_or_corroborated|has_resolved_brand|known_brand_quality_ok|has_city
way/335856652,Hotel Breathless Punta Cana,Breathless (Hyatt Inclusive Collection),Unknown,known_brand_census_intake,known_chain_census_backlog_not_active_setup,auto_insert,Medium,true,true,false,known_chain_backlog_insert_city_unknown_hr,has_name|not_hostel_or_hostal|has_country|hpc_not_duplicate|has_non_denylist_website|website_not_weak_or_corroborated|has_resolved_brand|known_brand_quality_ok|city_unknown_allowed_with_hr
way/335856784,Dreams Punta Cana Resort & Spa,Dreams (Hyatt Inclusive Collection),Punta Cana,known_brand_census_intake,known_chain_census_backlog_not_active_setup,steward_hold,Medium,true,false,false,missing_official_property_url,has_name|not_hostel_or_hostal|has_country|hpc_not_duplicate
way/342786288,Bahía Príncipe Playa Nueva La Romana,Bahía Príncipe,Unknown,known_brand_census_intake,known_chain_census_backlog_not_active_setup,steward_hold,Medium,true,false,false,missing_official_property_url,has_name|not_hostel_or_hostal|has_country|hpc_not_duplicate
way/378375761,Holiday Inn,Holiday Inn,Santo Domingo,known_brand_census_intake,known_chain_census_backlog_not_active_setup,auto_insert,High,true,true,false,known_chain_backlog_gates_passed_hr,has_name|not_hostel_or_hostal|has_country|hpc_not_duplicate|has_non_denylist_website|website_not_weak_or_corroborated|has_resolved_brand|known_brand_quality_ok|has_city
way/404174344,Westin,Westin,Unknown,known_brand_census_intake,active_or_soft_brand_census_plus_autopilot,steward_hold,Medium,true,false,false,missing_official_property_url,has_name|not_hostel_or_hostal|has_country|hpc_not_duplicate
way/404430604,Hotel Acuarium,RIU,Santo Domingo,known_brand_census_intake,known_chain_census_backlog_not_active_setup,steward_hold,Medium,true,false,false,missing_official_property_url,has_name|not_hostel_or_hostal|has_country|hpc_not_duplicate
way/406649862,Hodelpa Caribe Colonial,Hodelpa,Unknown,known_brand_census_intake,known_chain_census_backlog_not_active_setup,auto_insert,Medium,true,true,false,known_chain_backlog_insert_city_unknown_hr,has_name|not_hostel_or_hostal|has_country|hpc_not_duplicate|has_non_denylist_website|website_not_weak_or_corroborated|has_resolved_brand|known_brand_quality_ok|city_unknown_allowed_with_hr
way/408753404,Iberostar,Iberostar,Santo Domingo,known_brand_census_intake,known_chain_census_backlog_not_active_setup,steward_hold,Medium,true,false,false,missing_official_property_url,has_name|not_hostel_or_hostal|has_country|hpc_not_duplicate
way/409588717,GAVA hostel,GAVA,Bavaro - Punta Cana,known_brand_census_intake,steward_brand_tag_review,reject,Low,true,false,false,hostel_or_hostal_out_of_scope,has_name
way/471926026,Grand Bahia Principe Turquesa,Bahía Príncipe,Unknown,known_brand_census_intake,known_chain_census_backlog_not_active_setup,auto_insert,Medium,true,true,false,known_chain_backlog_insert_city_unknown_hr,has_name|not_hostel_or_hostal|has_country|hpc_not_duplicate|has_non_denylist_website|website_not_weak_or_corroborated|has_resolved_brand|known_brand_quality_ok|city_unknown_allowed_with_hr
way/476739407,Hotel Riu Republica,RIU,Punta Cana,known_brand_census_intake,known_chain_census_backlog_not_active_setup,auto_insert,High,true,true,false,known_chain_backlog_gates_passed_hr,has_name|not_hostel_or_hostal|has_country|hpc_not_duplicate|has_non_denylist_website|website_not_weak_or_corroborated|has_resolved_brand|known_brand_quality_ok|has_city
way/539003044,Bahía Príncipe Bouganville,Bahía Príncipe,Unknown,known_brand_census_intake,known_chain_census_backlog_not_active_setup,auto_insert,Medium,true,true,false,known_chain_backlog_insert_city_unknown_hr,has_name|not_hostel_or_hostal|has_country|hpc_not_duplicate|has_non_denylist_website|website_not_weak_or_corroborated|has_resolved_brand|known_brand_quality_ok|city_unknown_allowed_with_hr
way/540475898,Dreams Dominicus La Romana,Dreams (Hyatt Inclusive Collection),Bahahibe,known_brand_census_intake,known_chain_census_backlog_not_active_setup,auto_insert,High,true,true,false,known_chain_backlog_gates_passed_hr,has_name|not_hostel_or_hostal|has_country|hpc_not_duplicate|has_non_denylist_website|website_not_weak_or_corroborated|has_resolved_brand|known_brand_quality_ok|has_city
way/545028233,Hotel Casa Hemingway,Starfish Resorts,Unknown,known_brand_census_intake,known_chain_census_backlog_not_active_setup,auto_insert,Medium,true,true,false,known_chain_backlog_insert_city_unknown_hr,has_name|not_hostel_or_hostal|has_country|hpc_not_duplicate|has_non_denylist_website|website_not_weak_or_corroborated|has_resolved_brand|known_brand_quality_ok|city_unknown_allowed_with_hr
way/597361865,Lopesan Costa Bávaro Resort & Spa,Lopesan,Punta Cana,known_brand_census_intake,known_chain_census_backlog_not_active_setup,auto_insert,High,true,true,false,known_chain_backlog_gates_passed_hr,has_name|not_hostel_or_hostal|has_country|hpc_not_duplicate|has_non_denylist_website|website_not_weak_or_corroborated|has_resolved_brand|known_brand_quality_ok|has_city
way/652498669,Coop Marena Beach Resort,Seguro de Maestros,Unknown,known_brand_census_intake,steward_brand_tag_review,steward_hold,Hold,true,false,false,steward_unresolved_osm_brand_tag,has_name|not_hostel_or_hostal|has_country|hpc_not_duplicate
way/659053800,Viva Wyndham Tangerine,Wyndham,Cabarete,known_brand_census_intake,known_chain_census_backlog_not_active_setup,auto_insert,High,true,true,false,known_chain_backlog_gates_passed_hr,has_name|not_hostel_or_hostal|has_country|hpc_not_duplicate|has_non_denylist_website|website_not_weak_or_corroborated|has_resolved_brand|known_brand_quality_ok|has_city
way/675403679,The Westin Punta Cana - Resort & Club,Westin,Punta Cana,known_brand_census_intake,active_or_soft_brand_census_plus_autopilot,auto_insert,High,false,true,true,active_or_soft_brand_gates_passed,has_name|not_hostel_or_hostal|has_country|hpc_not_duplicate|has_non_denylist_website|website_not_weak_or_corroborated|has_resolved_brand|known_brand_quality_ok|has_city
way/677625141,Secrets Cap Cana Resort & Spa,Secrets (Hyatt Inclusive Collection),Unknown,known_brand_census_intake,known_chain_census_backlog_not_active_setup,auto_insert,Medium,true,true,false,known_chain_backlog_insert_city_unknown_hr,has_name|not_hostel_or_hostal|has_country|hpc_not_duplicate|has_non_denylist_website|website_not_weak_or_corroborated|has_resolved_brand|known_brand_quality_ok|city_unknown_allowed_with_hr
way/711650078,Nickelodeon Hotels & Resorts Punta Cana,Karisma Hotels,Punta Cana,known_brand_census_intake,known_chain_census_backlog_not_active_setup,auto_insert,High,true,true,false,known_chain_backlog_gates_passed_hr,has_name|not_hostel_or_hostal|has_country|hpc_not_duplicate|has_non_denylist_website|website_not_weak_or_corroborated|has_resolved_brand|known_brand_quality_ok|has_city
way/711650079,Nickelodeon Hotels & Resorts Punta Cana,Karisma Hotels,Punta Cana,known_brand_census_intake,known_chain_census_backlog_not_active_setup,auto_insert,High,true,true,false,known_chain_backlog_gates_passed_hr,has_name|not_hostel_or_hostal|has_country|hpc_not_duplicate|has_non_denylist_website|website_not_weak_or_corroborated|has_resolved_brand|known_brand_quality_ok|has_city
way/759223343,Sunscapes Dominicus La Romana,Be Live,Unknown,known_brand_census_intake,known_chain_census_backlog_not_active_setup,auto_insert,Medium,true,true,false,known_chain_backlog_insert_city_unknown_hr,has_name|not_hostel_or_hostal|has_country|hpc_not_duplicate|has_non_denylist_website|website_not_weak_or_corroborated|has_resolved_brand|known_brand_quality_ok|city_unknown_allowed_with_hr
way/975017774,Viva Wyndham V Samana,Wyndham,Unknown,known_brand_census_intake,known_chain_census_backlog_not_active_setup,auto_insert,Medium,true,true,false,known_chain_backlog_insert_city_unknown_hr,has_name|not_hostel_or_hostal|has_country|hpc_not_duplicate|has_non_denylist_website|website_not_weak_or_corroborated|has_resolved_brand|known_brand_quality_ok|city_unknown_allowed_with_hr
way/1040966966,Hodelpa Garden Suites Golf & Convention Center,Hodelpa,Unknown,known_brand_census_intake,known_chain_census_backlog_not_active_setup,auto_insert,Medium,true,true,false,known_chain_backlog_insert_city_unknown_hr,has_name|not_hostel_or_hostal|has_country|hpc_not_duplicate|has_non_denylist_website|website_not_weak_or_corroborated|has_resolved_brand|known_brand_quality_ok|city_unknown_allowed_with_hr
way/1059114266,Be Live,Be Live,Unknown,known_brand_census_intake,known_chain_census_backlog_not_active_setup,steward_hold,Medium,true,false,false,missing_official_property_url,has_name|not_hostel_or_hostal|has_country|hpc_not_duplicate
way/1059703258,Be Live Collection,Be Live,Unknown,known_brand_census_intake,known_chain_census_backlog_not_active_setup,steward_hold,Medium,true,false,false,missing_official_property_url,has_name|not_hostel_or_hostal|has_country|hpc_not_duplicate
way/1059703293,Be Live Collection,Be Live,Unknown,known_brand_census_intake,known_chain_census_backlog_not_active_setup,steward_hold,Medium,true,false,false,missing_official_property_url,has_name|not_hostel_or_hostal|has_country|hpc_not_duplicate
way/1059737733,Be Live Collection,Be Live,Unknown,known_brand_census_intake,known_chain_census_backlog_not_active_setup,steward_hold,Medium,true,false,false,missing_official_property_url,has_name|not_hostel_or_hostal|has_country|hpc_not_duplicate
way/1059869803,Be Live Collection,Be Live,Unknown,known_brand_census_intake,known_chain_census_backlog_not_active_setup,steward_hold,Medium,true,false,false,missing_official_property_url,has_name|not_hostel_or_hostal|has_country|hpc_not_duplicate
way/1060027594,Be Live,Be Live,Unknown,known_brand_census_intake,known_chain_census_backlog_not_active_setup,steward_hold,Medium,true,false,false,missing_official_property_url,has_name|not_hostel_or_hostal|has_country|hpc_not_duplicate
way/1060027620,Be Live,Be Live,Unknown,known_brand_census_intake,known_chain_census_backlog_not_active_setup,steward_hold,Medium,true,false,false,missing_official_property_url,has_name|not_hostel_or_hostal|has_country|hpc_not_duplicate
way/1060027624,Be Live,Be Live,Unknown,known_brand_census_intake,known_chain_census_backlog_not_active_setup,steward_hold,Medium,true,false,false,missing_official_property_url,has_name|not_hostel_or_hostal|has_country|hpc_not_duplicate
way/1060027632,Be Live,Be Live,Unknown,known_brand_census_intake,known_chain_census_backlog_not_active_setup,steward_hold,Medium,true,false,false,missing_official_property_url,has_name|not_hostel_or_hostal|has_country|hpc_not_duplicate
way/1060027633,Be Live,Be Live,Unknown,known_brand_census_intake,known_chain_census_backlog_not_active_setup,steward_hold,Medium,true,false,false,missing_official_property_url,has_name|not_hostel_or_hostal|has_country|hpc_not_duplicate
way/1197566838,Villa Scooby,villascooby.com,Unknown,known_brand_census_intake,steward_brand_tag_review,steward_hold,Hold,true,false,false,steward_unresolved_osm_brand_tag,has_name|not_hostel_or_hostal|has_country|hpc_not_duplicate
way/1227930271,Hotel Diosi,Hotel Diosi,Neiba,known_brand_census_intake,steward_brand_tag_review,steward_hold,Hold,true,false,false,steward_unresolved_osm_brand_tag,has_name|not_hostel_or_hostal|has_country|hpc_not_duplicate
way/1344798573,"The Ocean Club, a Luxury Collection Resort",The Luxury Collection,Sosúa,known_brand_census_intake,active_or_soft_brand_census_plus_autopilot,auto_insert,High,false,true,true,active_or_soft_brand_gates_passed,has_name|not_hostel_or_hostal|has_country|hpc_not_duplicate|has_non_denylist_website|website_not_weak_or_corroborated|has_resolved_brand|known_brand_quality_ok|has_city
way/1375108124,Courtyard Marriott,Marriott,Unknown,known_brand_census_intake,known_chain_census_backlog_not_active_setup,auto_insert,Medium,true,true,false,known_chain_backlog_insert_city_unknown_hr,has_name|not_hostel_or_hostal|has_country|hpc_not_duplicate|has_non_denylist_website|website_not_weak_or_corroborated|has_resolved_brand|known_brand_quality_ok|city_unknown_allowed_with_hr
way/1536664489,"Donoma Las Terrenas Resort & Villas, Autograph Collection",Autograph Collection,Unknown,known_brand_census_intake,active_or_soft_brand_census_plus_autopilot,steward_hold,Medium,true,false,false,known_brand_missing_city,has_name|not_hostel_or_hostal|has_country|hpc_not_duplicate|has_non_denylist_website|website_not_weak_or_corroborated|has_resolved_brand|known_brand_quality_ok
relation/1922795,Hotel Riu Palace Bavaro,RIU,Punta Cana,known_brand_census_intake,known_chain_census_backlog_not_active_setup,auto_insert,High,true,true,false,known_chain_backlog_gates_passed_hr,has_name|not_hostel_or_hostal|has_country|hpc_not_duplicate|has_non_denylist_website|website_not_weak_or_corroborated|has_resolved_brand|known_brand_quality_ok|has_city
