appliedAt,censusRecordId,censusName,country,changeType,currentAffiliation,canonicalAffiliation,fieldsJson
2026-07-22T22:40:18.874Z,rec0EpqT5eOpSeqle,"Comfort Hotel Sao Caetano",Brazil,affiliation_normalize,"Comfort","Comfort Inn & Suites","{""Affiliation"":""Comfort Inn & Suites""}"
2026-07-22T22:40:19.188Z,rec0Z3KDZDLYLjyQF,"Comfort Hotel Sertaozinho",Brazil,affiliation_normalize,"Comfort","Comfort Inn & Suites","{""Affiliation"":""Comfort Inn & Suites""}"
2026-07-22T22:40:19.432Z,rec0aasxB3kfvUGk5,"Comfort Inn Queretaro Tecnologico",Mexico,affiliation_normalize,"Comfort Inn","Comfort Inn & Suites","{""Affiliation"":""Comfort Inn & Suites""}"
2026-07-22T22:40:19.682Z,rec0mwr7EJqCW2ftV,"Hotel Bambito By Faranda Boutique, A Member Of Radisson Individuals",Panama,affiliation_normalize,"Radisson Individuals by Choice","Radisson Individual (Choice)","{""Affiliation"":""Radisson Individual (Choice)""}"
2026-07-22T22:40:19.920Z,rec1nxUTdoAJ3Am8N,"El Cid La Ceiba Beach Hotel",Mexico,affiliation_normalize,"Ascend Collection","Ascend Hotel Collection","{""Affiliation"":""Ascend Hotel Collection""}"
2026-07-22T22:40:20.245Z,rec1s2tkTrKPi12Dg,"Hotel Faranda Express Puerta Del Sol Barranquilla A Member of Radisson Individuals",Colombia,affiliation_normalize,"Radisson Individuals by Choice","Radisson Individual (Choice)","{""Affiliation"":""Radisson Individual (Choice)""}"
2026-07-22T22:40:20.492Z,rec1tK1hmOMPahzSm,"Radisson Hotel Curico",Chile,affiliation_normalize,"Radisson by Choice","Radisson (Choice)","{""Affiliation"":""Radisson (Choice)""}"
2026-07-22T22:40:20.740Z,rec2LMW5amO5Z7R7x,"Radisson Recife",Brazil,affiliation_normalize,"Radisson by Choice","Radisson (Choice)","{""Affiliation"":""Radisson (Choice)""}"
2026-07-22T22:40:21.003Z,rec2wIqZVeq7laR6r,"Radisson Hotel Santo Domingo",Dominican Republic,affiliation_normalize,"Radisson by Choice","Radisson (Choice)","{""Affiliation"":""Radisson (Choice)""}"
2026-07-22T22:40:21.278Z,rec3VuBaUE93xPcfE,"Radisson Hotel Vale dos Vinhedos",Brazil,affiliation_normalize,"Radisson by Choice","Radisson (Choice)","{""Affiliation"":""Radisson (Choice)""}"
2026-07-22T22:40:21.513Z,rec41pj0cY3OXH0Hv,"Radisson Paraiso Hotel Mexico City",Mexico,affiliation_normalize,"Radisson by Choice","Radisson (Choice)","{""Affiliation"":""Radisson (Choice)""}"
2026-07-22T22:40:21.728Z,rec4gTiLtqAToexR2,"Comfort Inn Ciudad Juarez",Mexico,affiliation_normalize,"Comfort Inn","Comfort Inn & Suites","{""Affiliation"":""Comfort Inn & Suites""}"
2026-07-22T22:40:22.020Z,rec5CiGXwcQVyFsVM,"Radisson RED Ibirapuera",Brazil,affiliation_normalize,"Radisson RED by Choice","Radisson RED  (Choice)","{""Affiliation"":""Radisson RED  (Choice)""}"
2026-07-22T22:40:22.324Z,rec5FH1lc338JOxX1,"Comfort Inn Real San Miguel",El Salvador,affiliation_normalize,"Comfort Inn","Comfort Inn & Suites","{""Affiliation"":""Comfort Inn & Suites""}"
2026-07-22T22:40:22.700Z,rec5JWoqtJQBQIGhO,"Comfort Hotel Maceio",Brazil,affiliation_normalize,"Comfort","Comfort Inn & Suites","{""Affiliation"":""Comfort Inn & Suites""}"
2026-07-22T22:40:22.938Z,rec6aUiqKl87vRVXG,"Emotions All Inclusive Juan Dolio Ascend Hotel Collection",Dominican Republic,affiliation_normalize,"Ascend Collection","Ascend Hotel Collection","{""Affiliation"":""Ascend Hotel Collection""}"
2026-07-22T22:40:23.181Z,rec6kARmGoWlSxpJV,"Radisson Poliforum Plaza Hotel Leon",Mexico,affiliation_normalize,"Radisson by Choice","Radisson (Choice)","{""Affiliation"":""Radisson (Choice)""}"
2026-07-22T22:40:23.442Z,rec6mRuB2thYBcO4L,"Comfort Hotel Goiania",Brazil,affiliation_normalize,"Comfort","Comfort Inn & Suites","{""Affiliation"":""Comfort Inn & Suites""}"
2026-07-22T22:40:23.689Z,rec6sVPgm8E8UNHTA,"Radisson Hotel Trinidad",Trinidad and Tobago,affiliation_normalize,"Radisson by Choice","Radisson (Choice)","{""Affiliation"":""Radisson (Choice)""}"
2026-07-22T22:40:23.995Z,rec7Ny9PfihzkgEGK,"Comfort Inn Irapuato",Mexico,affiliation_normalize,"Comfort Inn","Comfort Inn & Suites","{""Affiliation"":""Comfort Inn & Suites""}"
2026-07-22T22:40:24.334Z,rec7O9qgI7zbuI7Pk,"Comfort Hotel Mogi Guacu",Brazil,affiliation_normalize,"Comfort","Comfort Inn & Suites","{""Affiliation"":""Comfort Inn & Suites""}"
2026-07-22T22:40:24.637Z,rec7bk5veMtcKm8La,"Radisson Hotel Curitiba",Brazil,affiliation_normalize,"Radisson by Choice","Radisson (Choice)","{""Affiliation"":""Radisson (Choice)""}"
2026-07-22T22:40:24.880Z,rec7wuYYenSfiKwIo,"Park Inn Berrini",Brazil,affiliation_normalize,"Park Inn by Choice","Park Inn by Radisson (Choice)","{""Affiliation"":""Park Inn by Radisson (Choice)""}"
2026-07-22T22:40:25.131Z,rec8VbiatJup4g2ZI,"Radisson Hotel Puerto Varas",Chile,affiliation_normalize,"Radisson by Choice","Radisson (Choice)","{""Affiliation"":""Radisson (Choice)""}"
2026-07-22T22:40:25.410Z,rec99PlN1Z4j0pSZj,"Radisson Hotel & Convention Center Toluca",Mexico,affiliation_normalize,"Radisson by Choice","Radisson (Choice)","{""Affiliation"":""Radisson (Choice)""}"
2026-07-22T22:40:25.642Z,recABeu9m90R7W5xC,"Park Inn by Radisson Mazatlan",Mexico,affiliation_normalize,"Park Inn by Choice","Park Inn by Radisson (Choice)","{""Affiliation"":""Park Inn by Radisson (Choice)""}"
2026-07-22T22:40:25.889Z,recAXPslFL4gB6JXi,"Park Inn By Radisson San Jose, Costa Rica",Costa Rica,affiliation_normalize,"Park Inn by Choice","Park Inn by Radisson (Choice)","{""Affiliation"":""Park Inn by Radisson (Choice)""}"
2026-07-22T22:40:26.140Z,recB0sjy8eQbw7IkO,"Radisson Hotel Sao Paulo, Pinheiros",Brazil,affiliation_normalize,"Radisson by Choice","Radisson (Choice)","{""Affiliation"":""Radisson (Choice)""}"
2026-07-22T22:40:26.389Z,recBY6pWoJPO5SYYp,"Comfort Suites Sao Jose Do Rio Preto",Brazil,affiliation_normalize,"Comfort Suites","Comfort Inn & Suites","{""Affiliation"":""Comfort Inn & Suites""}"
2026-07-22T22:40:26.647Z,recBqjM7mQgCZIpqh,"Comfort Hotel Taguatinga",Brazil,affiliation_normalize,"Comfort","Comfort Inn & Suites","{""Affiliation"":""Comfort Inn & Suites""}"
2026-07-22T22:40:26.883Z,recCdbhX9YK5Lfo6g,"Comfort Inn Delicias",Mexico,affiliation_normalize,"Comfort Inn","Comfort Inn & Suites","{""Affiliation"":""Comfort Inn & Suites""}"
2026-07-22T22:40:27.146Z,recCrrLjUcaghScfX,"Radisson Hotel Panama Canal",Panama,affiliation_normalize,"Radisson by Choice","Radisson (Choice)","{""Affiliation"":""Radisson (Choice)""}"
2026-07-22T22:40:27.438Z,recCsMQgmbOIyGm7e,"Comfort Inn Puebla Centro Historico",Mexico,affiliation_normalize,"Comfort Inn","Comfort Inn & Suites","{""Affiliation"":""Comfort Inn & Suites""}"
2026-07-22T22:40:27.668Z,recDLgo6qnMMm44Kr,"Radisson Hotel Barra Rio De Janeiro",Brazil,affiliation_normalize,"Radisson by Choice","Radisson (Choice)","{""Affiliation"":""Radisson (Choice)""}"
2026-07-22T22:40:28.006Z,recDRdpfwuFTi4hJt,"El Cid Marina Beach Hotel",Mexico,affiliation_normalize,"Ascend Collection","Ascend Hotel Collection","{""Affiliation"":""Ascend Hotel Collection""}"
2026-07-22T22:40:28.280Z,recE6QDoq1xtuncTD,"Radisson Vila Olimpia Sao Paulo",Brazil,affiliation_normalize,"Radisson by Choice","Radisson (Choice)","{""Affiliation"":""Radisson (Choice)""}"
2026-07-22T22:40:28.519Z,recEVAyuUgQqrsAa6,"Comfort Inn Monterrey Valle",Mexico,affiliation_normalize,"Comfort Inn","Comfort Inn & Suites","{""Affiliation"":""Comfort Inn & Suites""}"
2026-07-22T22:40:28.756Z,recFA6L4WdVoUjeiI,"Faranda Collection Bogota A Member Of Radisson Individuals",Colombia,affiliation_normalize,"Radisson Individuals by Choice","Radisson Individual (Choice)","{""Affiliation"":""Radisson Individual (Choice)""}"
2026-07-22T22:40:28.986Z,recFm03giCXiSunLp,"Radisson Hotel Diamond Barranquilla",Colombia,affiliation_normalize,"Radisson by Choice","Radisson (Choice)","{""Affiliation"":""Radisson (Choice)""}"
2026-07-22T22:40:29.327Z,recFuwaeV12nr5j64,"Comfort Hotel Manaus",Brazil,affiliation_normalize,"Comfort","Comfort Inn & Suites","{""Affiliation"":""Comfort Inn & Suites""}"
2026-07-22T22:40:29.552Z,recHJi993HTEUWJFV,"Ascend Hotel Collection Mas Na at the Groves",Puerto Rico,affiliation_normalize,"Ascend Collection","Ascend Hotel Collection","{""Affiliation"":""Ascend Hotel Collection""}"
2026-07-22T22:40:29.800Z,recI1Szkt2BtPnsnF,"Radisson Cartagena Ocean Pavillion Hotel",Colombia,affiliation_normalize,"Radisson by Choice","Radisson (Choice)","{""Affiliation"":""Radisson (Choice)""}"
2026-07-22T22:40:30.040Z,recIBD6ezsMUAfMg0,"Hotel Casa La Factoria by Faranda Boutique a member of Radisson Individuals",Colombia,affiliation_normalize,"Radisson Individuals by Choice","Radisson Individual (Choice)","{""Affiliation"":""Radisson Individual (Choice)""}"
2026-07-22T22:40:30.324Z,recID0aQJjjVchBOp,"Faranda Collection Barranquilla a member of Radisson Individuals",Colombia,affiliation_normalize,"Radisson Individuals by Choice","Radisson Individual (Choice)","{""Affiliation"":""Radisson Individual (Choice)""}"
2026-07-22T22:40:30.585Z,recIkCWtNd1CHHym0,"Comfort Inn Cordoba",Mexico,affiliation_normalize,"Comfort Inn","Comfort Inn & Suites","{""Affiliation"":""Comfort Inn & Suites""}"
2026-07-22T22:40:30.852Z,recImFmHWCO2hYUZM,"Faranda Collection Cali A Member Of Radisson Individuals",Colombia,affiliation_normalize,"Radisson Individuals by Choice","Radisson Individual (Choice)","{""Affiliation"":""Radisson Individual (Choice)""}"
2026-07-22T22:40:31.092Z,recJG39v9OTcwihy8,"Comfort Inn & Suites Levittown",Puerto Rico,affiliation_normalize,"Comfort Inn","Comfort Inn & Suites","{""Affiliation"":""Comfort Inn & Suites""}"
2026-07-22T22:40:31.338Z,recJHMJ5eeqBvGzBt,"Comfort Hotel Franca",Brazil,affiliation_normalize,"Comfort","Comfort Inn & Suites","{""Affiliation"":""Comfort Inn & Suites""}"
2026-07-22T22:40:31.596Z,recJW1QBKl60HKqDC,"Park Plaza Porto Alegre Moinhos de Vento",Brazil,affiliation_normalize,"Park Plaza by Choice","Park Plaza (Choice)","{""Affiliation"":""Park Plaza (Choice)""}"
2026-07-22T22:40:31.855Z,recJbdVpfPwdnTX7X,"Radisson Aquatica Resort Barbados",Barbados,affiliation_normalize,"Radisson by Choice","Radisson (Choice)","{""Affiliation"":""Radisson (Choice)""}"
2026-07-22T22:40:32.115Z,recJuVUstMrQOH8lv,"Radisson Hotel Oscar Freire",Brazil,affiliation_normalize,"Radisson by Choice","Radisson (Choice)","{""Affiliation"":""Radisson (Choice)""}"
2026-07-22T22:40:32.356Z,recKReqQzFkyJgGdG,"Comfort Inn Puerto Vallarta",Mexico,affiliation_normalize,"Comfort Inn","Comfort Inn & Suites","{""Affiliation"":""Comfort Inn & Suites""}"
2026-07-22T22:40:32.632Z,recKsMXA0bk9sxztJ,"Radisson Hotel Monterrey San Jeronimo",Mexico,affiliation_normalize,"Radisson by Choice","Radisson (Choice)","{""Affiliation"":""Radisson (Choice)""}"
2026-07-22T22:40:32.904Z,recLfJf5Y3l37uaMD,"Comfort Hotel Guarulhos Airport",Brazil,affiliation_normalize,"Comfort","Comfort Inn & Suites","{""Affiliation"":""Comfort Inn & Suites""}"
2026-07-22T22:40:33.143Z,recMaPQqCZwid4h3j,"San Jose de Puembo Quito Airport an Ascend Member",Ecuador,affiliation_normalize,"Ascend Collection","Ascend Hotel Collection","{""Affiliation"":""Ascend Hotel Collection""}"
2026-07-22T22:40:33.430Z,recOlNJEBaMQZKvLH,"Hotel Bantu by Faranda Boutique a member of Radisson Individuals",Colombia,affiliation_normalize,"Radisson Individuals by Choice","Radisson Individual (Choice)","{""Affiliation"":""Radisson Individual (Choice)""}"
2026-07-22T22:40:33.737Z,recPdupuEa1xekFdu,"Comfort Hotel Santos",Brazil,affiliation_normalize,"Comfort","Comfort Inn & Suites","{""Affiliation"":""Comfort Inn & Suites""}"
2026-07-22T22:40:34.002Z,recQ33UuRCjytmL54,"Radisson Blu Sao Paulo",Brazil,affiliation_normalize,"Radisson Blu by Choice","Radisson Blu (Choice)","{""Affiliation"":""Radisson Blu (Choice)""}"
2026-07-22T22:40:34.239Z,recQVxeHdrKdQlQNF,"Radisson Grenada Beach Resort",Grenada,affiliation_normalize,"Radisson by Choice","Radisson (Choice)","{""Affiliation"":""Radisson (Choice)""}"
2026-07-22T22:40:34.466Z,recQcydlpW55d7TKb,"Radisson Puebla Angelopolis",Mexico,affiliation_normalize,"Radisson by Choice","Radisson (Choice)","{""Affiliation"":""Radisson (Choice)""}"
2026-07-22T22:40:34.722Z,recRTjo9e5hXY1WSk,"Radisson Hotel Tapatio Guadalajara",Mexico,affiliation_normalize,"Radisson by Choice","Radisson (Choice)","{""Affiliation"":""Radisson (Choice)""}"
2026-07-22T22:40:34.977Z,recRvAnTquNCA2I5T,"Park Inn By Radisson Quito",Ecuador,affiliation_normalize,"Park Inn by Choice","Park Inn by Radisson (Choice)","{""Affiliation"":""Park Inn by Radisson (Choice)""}"
2026-07-22T22:40:35.211Z,recSUnFspVNPm8Zt7,"Radisson Blu Hotel Resort & Spa, Papagayo, Costa Rica",Costa Rica,affiliation_normalize,"Radisson Blu by Choice","Radisson Blu (Choice)","{""Affiliation"":""Radisson Blu (Choice)""}"
2026-07-22T22:40:35.446Z,recSUtTbCWRjYhsUV,"Radisson RED Miraflores",Peru,affiliation_normalize,"Radisson RED by Choice","Radisson RED  (Choice)","{""Affiliation"":""Radisson RED  (Choice)""}"
2026-07-22T22:40:35.890Z,recTkv8cbk8MZW9pt,"Comfort Hotel & Suites Natal",Brazil,affiliation_normalize,"Comfort","Comfort Inn & Suites","{""Affiliation"":""Comfort Inn & Suites""}"
2026-07-22T22:40:36.191Z,recUBj49aTRdyP5Qg,"Comfort Inn & Suites Los Cabos",Mexico,affiliation_normalize,"Comfort Inn","Comfort Inn & Suites","{""Affiliation"":""Comfort Inn & Suites""}"
2026-07-22T22:40:36.468Z,recULuD2QBXPk4p2U,"Comfort Inn Tampico",Mexico,affiliation_normalize,"Comfort Inn","Comfort Inn & Suites","{""Affiliation"":""Comfort Inn & Suites""}"
2026-07-22T22:40:36.712Z,recUQrkSxWLn01s92,"Comfort Hotel Fortaleza",Brazil,affiliation_normalize,"Comfort","Comfort Inn & Suites","{""Affiliation"":""Comfort Inn & Suites""}"
2026-07-22T22:40:36.970Z,recURnlEeQal1W77R,"Hotel Faranda Guayacanes a member of Radisson Individuals",Panama,affiliation_normalize,"Radisson Individuals by Choice","Radisson Individual (Choice)","{""Affiliation"":""Radisson Individual (Choice)""}"
2026-07-22T22:40:37.195Z,recUVdUrSlEe2gH87,"Comfort Suites Paradise Island",Bahamas,affiliation_normalize,"Comfort Suites","Comfort Inn & Suites","{""Affiliation"":""Comfort Inn & Suites""}"
2026-07-22T22:40:37.425Z,recUxlOxvAr3rrWb0,"Comfort Suites Londrina",Brazil,affiliation_normalize,"Comfort Suites","Comfort Inn & Suites","{""Affiliation"":""Comfort Inn & Suites""}"
2026-07-22T22:40:37.679Z,recVCFNAE867smKyT,"Comfort Hotel Ibirapuera",Brazil,affiliation_normalize,"Comfort","Comfort Inn & Suites","{""Affiliation"":""Comfort Inn & Suites""}"
2026-07-22T22:40:37.955Z,recW9oKmmNs3gswgb,"Hotel Faranda Bolivar Cucuta A Member Of Radisson Individuals",Colombia,affiliation_normalize,"Radisson Individuals by Choice","Radisson Individual (Choice)","{""Affiliation"":""Radisson Individual (Choice)""}"
2026-07-22T22:40:38.207Z,recWVBjYACTzmVLeN,"Comfort Inn Chihuahua",Mexico,affiliation_normalize,"Comfort Inn","Comfort Inn & Suites","{""Affiliation"":""Comfort Inn & Suites""}"
2026-07-22T22:40:38.463Z,recXsdIoD3FNG093n,"Emotions All Inclusive Puerto Plata Ascend Hotel Collection",Dominican Republic,affiliation_normalize,"Ascend Collection","Ascend Hotel Collection","{""Affiliation"":""Ascend Hotel Collection""}"
2026-07-22T22:40:38.748Z,recYAoPBUGOcs2ujj,"Radisson Bogota Metrotel",Colombia,affiliation_normalize,"Radisson by Choice","Radisson (Choice)","{""Affiliation"":""Radisson (Choice)""}"
2026-07-22T22:40:38.972Z,recZI5mQ4c0lNhns5,"Ascend Collection Roxborough",Trinidad and Tobago,affiliation_normalize,"Ascend Collection","Ascend Hotel Collection","{""Affiliation"":""Ascend Hotel Collection""}"
2026-07-22T22:40:39.210Z,recakkvS0m4qRy76s,"Comfort Inn Queretaro",Mexico,affiliation_normalize,"Comfort Inn","Comfort Inn & Suites","{""Affiliation"":""Comfort Inn & Suites""}"
2026-07-22T22:40:39.460Z,recbWQSUUQAme5zie,"Radisson Blu Hotel Acqua Hotel & Spa Concon",Chile,affiliation_normalize,"Radisson Blu by Choice","Radisson Blu (Choice)","{""Affiliation"":""Radisson Blu (Choice)""}"
2026-07-22T22:40:39.763Z,recbl4EWE8dzSS0lO,"Amberes 64 Ascend Hotel Collection",Mexico,affiliation_normalize,"Ascend Collection","Ascend Hotel Collection","{""Affiliation"":""Ascend Hotel Collection""}"
2026-07-22T22:40:40.009Z,recbuXoBJ93bSGDhU,"Comfort Inn Morelia",Mexico,affiliation_normalize,"Comfort Inn","Comfort Inn & Suites","{""Affiliation"":""Comfort Inn & Suites""}"
2026-07-22T22:40:40.282Z,reccYplUPmgS84rxI,"Grand Hotel Guayaquil Ascend Hotel Collection",Ecuador,affiliation_normalize,"Ascend Collection","Ascend Hotel Collection","{""Affiliation"":""Ascend Hotel Collection""}"
2026-07-22T22:40:40.550Z,recchbmgK8qZTKQz3,"Former Comfort Suites Macae",Brazil,affiliation_normalize,"Comfort Suites","Comfort Inn & Suites","{""Affiliation"":""Comfort Inn & Suites""}"
2026-07-22T22:40:41.010Z,recebpzkwn6zMzja5,"Comfort Inn Real La Union",El Salvador,affiliation_normalize,"Comfort Inn","Comfort Inn & Suites","{""Affiliation"":""Comfort Inn & Suites""}"
2026-07-22T22:40:41.249Z,recekU5u0u05pxpLd,"Radisson Hotel Flecheiras",Brazil,affiliation_normalize,"Radisson by Choice","Radisson (Choice)","{""Affiliation"":""Radisson (Choice)""}"
2026-07-22T22:40:41.551Z,recetmfWRpItxC3HM,"Comfort Suites Flamboyant",Brazil,affiliation_normalize,"Comfort Suites","Comfort Inn & Suites","{""Affiliation"":""Comfort Inn & Suites""}"
2026-07-22T22:40:41.788Z,recexALRJCnOkTBt1,"Country Inn & Suites By Radisson San Jose Aeropuerto Costa Rica",Costa Rica,affiliation_normalize,"Country Inn & Suites by Choice","Country Inn & Suites by Radisson (Choice)","{""Affiliation"":""Country Inn & Suites by Radisson (Choice)""}"
2026-07-22T22:40:42.106Z,recfyYM0Axiz3Gwe8,"Radisson RED Campinas",Brazil,affiliation_normalize,"Radisson RED by Choice","Radisson RED  (Choice)","{""Affiliation"":""Radisson RED  (Choice)""}"
2026-07-22T22:40:42.350Z,recg3EvDwkdVHk6Yj,"Hotel Caribe By Faranda Grand A Member Of Radisson Individuals",Colombia,affiliation_normalize,"Radisson Individuals by Choice","Radisson Individual (Choice)","{""Affiliation"":""Radisson Individual (Choice)""}"
2026-07-22T22:40:42.578Z,recg8zrORIFqjCXZn,"Park Inn by Radisson Los Olivos de Vallenar",Chile,affiliation_normalize,"Park Inn by Choice","Park Inn by Radisson (Choice)","{""Affiliation"":""Park Inn by Radisson (Choice)""}"
2026-07-22T22:40:42.851Z,recgLsIbA1EGCjwc8,"Radisson Blu Aruba",Aruba,affiliation_normalize,"Radisson Blu by Choice","Radisson Blu (Choice)","{""Affiliation"":""Radisson Blu (Choice)""}"
2026-07-22T22:40:43.092Z,recguCs8MkHILsbxx,"Comfort Suites Alphaville",Brazil,affiliation_normalize,"Comfort Suites","Comfort Inn & Suites","{""Affiliation"":""Comfort Inn & Suites""}"
2026-07-22T22:40:43.364Z,rech8GkDM3tYQfXph,"Radisson by Choice Saltillo",Mexico,affiliation_normalize,"Radisson by Choice","Radisson (Choice)","{""Affiliation"":""Radisson (Choice)""}"
2026-07-22T22:40:43.609Z,rechf9uLqHiVO2cHI,"Hotel Casa Don Luis by Faranda Boutique a member of Radisson Individuals",Colombia,affiliation_normalize,"Radisson Individuals by Choice","Radisson Individual (Choice)","{""Affiliation"":""Radisson Individual (Choice)""}"
2026-07-22T22:40:43.883Z,rechguu4mPTdMLqKm,"Comfort Hotel Campos Dos Goytacazes",Brazil,affiliation_normalize,"Comfort","Comfort Inn & Suites","{""Affiliation"":""Comfort Inn & Suites""}"
2026-07-22T22:40:44.160Z,rechpqr6FU54kolgw,"Hotel El Panama by Faranda Grand, a member of Radisson Individuals",Panama,affiliation_normalize,"Radisson Individuals by Choice","Radisson Individual (Choice)","{""Affiliation"":""Radisson Individual (Choice)""}"
2026-07-22T22:40:44.431Z,recioal2ei61BfUlU,"Radisson Hotel Espirito Santo do Pinhal",Brazil,affiliation_normalize,"Radisson by Choice","Radisson (Choice)","{""Affiliation"":""Radisson (Choice)""}"
2026-07-22T22:40:44.712Z,recjdH2Tyu2VzuGlu,"Radisson Blu Hotel & Residences, Punta Blanca",Ecuador,affiliation_normalize,"Radisson Blu by Choice","Radisson Blu (Choice)","{""Affiliation"":""Radisson Blu (Choice)""}"
2026-07-22T22:40:44.944Z,reckCUhhCBwcmr4xm,"Comfort Inn & Suites in Scarborough",Trinidad and Tobago,affiliation_normalize,"Comfort","Comfort Inn & Suites","{""Affiliation"":""Comfort Inn & Suites""}"
2026-07-22T22:40:45.175Z,reckVbvXmaRgUR0I7,"Comfort Hotel Araraquara",Brazil,affiliation_normalize,"Comfort","Comfort Inn & Suites","{""Affiliation"":""Comfort Inn & Suites""}"
2026-07-22T22:40:45.447Z,reckVsfRC9Uu7gUUH,"Comfort Hotel Bauru",Brazil,affiliation_normalize,"Comfort","Comfort Inn & Suites","{""Affiliation"":""Comfort Inn & Suites""}"
2026-07-22T22:40:45.762Z,reckXdxL9QjSPDM0m,"Comfort Inn Monterrey Norte",Mexico,affiliation_normalize,"Comfort Inn","Comfort Inn & Suites","{""Affiliation"":""Comfort Inn & Suites""}"
2026-07-22T22:40:46.045Z,reckaUB0TwG0Cb6wW,"Manta Lodge Resort An Ascend Hotel Collection Member",Trinidad and Tobago,affiliation_normalize,"Ascend Collection","Ascend Hotel Collection","{""Affiliation"":""Ascend Hotel Collection""}"
2026-07-22T22:40:46.336Z,recl3N6lOAzypuVzl,"El Cid Granada Hotel",Mexico,affiliation_normalize,"Ascend Collection","Ascend Hotel Collection","{""Affiliation"":""Ascend Hotel Collection""}"
2026-07-22T22:40:46.574Z,reclMDaf12SrNMDS9,"El Cid Castilla Beach Hotel",Mexico,affiliation_normalize,"Ascend Collection","Ascend Hotel Collection","{""Affiliation"":""Ascend Hotel Collection""}"
2026-07-22T22:40:46.821Z,recljXyUE3I8sCoxc,"El Cid El Moro Beach Hotel",Mexico,affiliation_normalize,"Ascend Collection","Ascend Hotel Collection","{""Affiliation"":""Ascend Hotel Collection""}"
2026-07-22T22:40:47.047Z,reclz7kJwj8ingYtd,"Radisson Hotel Guayaquil",Ecuador,affiliation_normalize,"Radisson by Choice","Radisson (Choice)","{""Affiliation"":""Radisson (Choice)""}"
2026-07-22T22:40:47.286Z,recmUIsMtSQstxOe5,"Radisson Hotel Anapolis",Brazil,affiliation_normalize,"Radisson by Choice","Radisson (Choice)","{""Affiliation"":""Radisson (Choice)""}"
2026-07-22T22:40:47.527Z,recmwIu1CUPcrXKrt,"Radisson Hotel Alphaville",Brazil,affiliation_normalize,"Radisson by Choice","Radisson (Choice)","{""Affiliation"":""Radisson (Choice)""}"
2026-07-22T22:40:47.758Z,recn3JrmcYAy2cMC8,"Comfort Suites Brasilia",Brazil,affiliation_normalize,"Comfort Suites","Comfort Inn & Suites","{""Affiliation"":""Comfort Inn & Suites""}"
2026-07-22T22:40:48.074Z,recnKqXBuizbOkD7D,"Radisson Blu Plaza El Bosque Santiago",Chile,affiliation_normalize,"Radisson Blu by Choice","Radisson Blu (Choice)","{""Affiliation"":""Radisson Blu (Choice)""}"
2026-07-22T22:40:48.346Z,recnOOi1m9szzaCZO,"Radisson Hotel Decapolis Miraflores",Peru,affiliation_normalize,"Radisson by Choice","Radisson (Choice)","{""Affiliation"":""Radisson (Choice)""}"
2026-07-22T22:40:48.611Z,recntqtcFNwKZjXWE,"Radisson Hotel Cuernavaca",Mexico,affiliation_normalize,"Radisson by Choice","Radisson (Choice)","{""Affiliation"":""Radisson (Choice)""}"
2026-07-22T22:40:48.886Z,reco6dhOREJ8JyAfa,"Comfort Inn Joinville",Brazil,affiliation_normalize,"Comfort Inn","Comfort Inn & Suites","{""Affiliation"":""Comfort Inn & Suites""}"
2026-07-22T22:40:49.113Z,recoJUXtur0QtOKhH,"Radisson Hotel Colonia Del Sacramento",Uruguay,affiliation_normalize,"Radisson by Choice","Radisson (Choice)","{""Affiliation"":""Radisson (Choice)""}"
2026-07-22T22:40:49.355Z,recpAblJ67kBs4bHa,"Comfort Inn Hermosillo Airport",Mexico,affiliation_normalize,"Comfort Inn","Comfort Inn & Suites","{""Affiliation"":""Comfort Inn & Suites""}"
2026-07-22T22:40:49.586Z,recqjKt6MSUdEoo0t,"Comfort Serra da Canastra",Brazil,affiliation_normalize,"Comfort","Comfort Inn & Suites","{""Affiliation"":""Comfort Inn & Suites""}"
2026-07-22T22:40:49.852Z,recqyAf5fPBAGDIcM,"Faranda Collection Medellin A Member Of Radisson Individuals",Colombia,affiliation_normalize,"Radisson Individuals by Choice","Radisson Individual (Choice)","{""Affiliation"":""Radisson Individual (Choice)""}"
2026-07-22T22:40:50.115Z,recrPx45Dd2EMY3TH,"Radisson Hotel Maiorana Belem",Brazil,affiliation_normalize,"Radisson by Choice","Radisson (Choice)","{""Affiliation"":""Radisson (Choice)""}"
2026-07-22T22:40:50.392Z,recsyaMGAIQQuvOI3,"Comfort Suites Vitoria",Brazil,affiliation_normalize,"Comfort Suites","Comfort Inn & Suites","{""Affiliation"":""Comfort Inn & Suites""}"
2026-07-22T22:40:50.645Z,rect6xTnJsjJyA6Ei,"Radisson Colon 2000 Hotel & Casino",Panama,affiliation_normalize,"Radisson by Choice","Radisson (Choice)","{""Affiliation"":""Radisson (Choice)""}"
2026-07-22T22:40:50.902Z,rectlLKZ1wbhYj7md,"Radisson Hotel Paulista Sao Paulo",Brazil,affiliation_normalize,"Radisson by Choice","Radisson (Choice)","{""Affiliation"":""Radisson (Choice)""}"
2026-07-22T22:40:51.173Z,recw2SzhnSQtODy4Y,"Hotel Faranda Express Soloy and Casino, A Member of Radisson Individuals",Panama,affiliation_normalize,"Radisson Individuals by Choice","Radisson Individual (Choice)","{""Affiliation"":""Radisson Individual (Choice)""}"
2026-07-22T22:40:51.412Z,recw8qQXKshGnAqI0,"Park Inn by Radisson Puerto Varas",Chile,affiliation_normalize,"Park Inn by Choice","Park Inn by Radisson (Choice)","{""Affiliation"":""Park Inn by Radisson (Choice)""}"
2026-07-22T22:40:51.633Z,recwGtRq733LfHvaH,"Radisson Montevideo Victoria Plaza Hotel",Uruguay,affiliation_normalize,"Radisson by Choice","Radisson (Choice)","{""Affiliation"":""Radisson (Choice)""}"
2026-07-22T22:40:51.868Z,recwmqTUKqPmsjElm,"Radisson San Jose-Costa Rica",Costa Rica,affiliation_normalize,"Radisson by Choice","Radisson (Choice)","{""Affiliation"":""Radisson (Choice)""}"
2026-07-22T22:40:52.110Z,recwrzq0Sq9wUqx42,"Comfort Inn Ciudad Juarez",Mexico,affiliation_normalize,"Comfort Inn","Comfort Inn & Suites","{""Affiliation"":""Comfort Inn & Suites""}"
2026-07-22T22:40:52.355Z,recwvcWrWpiq3kuq9,"Comfort Hotel & Suites Rondonopolis",Brazil,affiliation_normalize,"Comfort","Comfort Inn & Suites","{""Affiliation"":""Comfort Inn & Suites""}"
2026-07-22T22:40:52.580Z,recxeNGJrgFgfGWsY,"Radisson Blu Belo Horizonte",Brazil,affiliation_normalize,"Radisson Blu by Choice","Radisson Blu (Choice)","{""Affiliation"":""Radisson Blu (Choice)""}"
2026-07-22T22:40:52.814Z,recy5vv0a3sGia5Fn,"Radisson Hotel Pinheiros Sao Paulo",Brazil,affiliation_normalize,"Radisson by Choice","Radisson (Choice)","{""Affiliation"":""Radisson (Choice)""}"
2026-07-22T22:40:53.053Z,recyL5evuY45rEV6E,"Comfort Inn San Luis Potosi",Mexico,affiliation_normalize,"Comfort Inn","Comfort Inn & Suites","{""Affiliation"":""Comfort Inn & Suites""}"
2026-07-22T22:40:53.293Z,recywhDndKbSG8pjY,"Radisson RED Funes",Argentina,affiliation_normalize,"Radisson RED by Choice","Radisson RED  (Choice)","{""Affiliation"":""Radisson RED  (Choice)""}"
2026-07-22T23:07:31.193Z,rec1WblO8rnicymJF,"Quality Hotel Pampulha",Brazil,affiliation_normalize,"Quality","Quality Inn","{""Affiliation"":""Quality Inn""}"
2026-07-22T23:07:31.441Z,rec2CuHxNh4pLUieN,"Quality Hotel Curitiba",Brazil,affiliation_normalize,"Quality","Quality Inn","{""Affiliation"":""Quality Inn""}"
2026-07-22T23:07:31.698Z,rec2hRrU0bZxd1AD4,"Quality Hotel & Suites Natal",Brazil,affiliation_normalize,"Quality","Quality Inn","{""Affiliation"":""Quality Inn""}"
2026-07-22T23:07:31.964Z,rec5FTPBwWJrS7KRF,"Quality Hotel Faria Lima",Brazil,affiliation_normalize,"Quality","Quality Inn","{""Affiliation"":""Quality Inn""}"
2026-07-22T23:07:32.270Z,rec6w6h6tfQUrn2uO,"Quality Hotel Vitoria",Brazil,affiliation_normalize,"Quality","Quality Inn","{""Affiliation"":""Quality Inn""}"
2026-07-22T23:07:32.608Z,recC9ZIeByrNob1dw,"Quality Hotel St Paul Rio Preto",Brazil,affiliation_normalize,"Quality","Quality Inn","{""Affiliation"":""Quality Inn""}"
2026-07-22T23:07:32.835Z,recCZqZoIfrf7MKAZ,"Quality Hotel Aracaju",Brazil,affiliation_normalize,"Quality","Quality Inn","{""Affiliation"":""Quality Inn""}"
2026-07-22T23:07:33.075Z,recFODBnRGXiPIhWN,"Quality Suites Joao Pessoa",Brazil,affiliation_normalize,"Quality","Quality Inn","{""Affiliation"":""Quality Inn""}"
2026-07-22T23:07:33.314Z,recKaE1DQ7B9NbGTy,"Quality Suites Oscar Freire",Brazil,affiliation_normalize,"Quality","Quality Inn","{""Affiliation"":""Quality Inn""}"
2026-07-22T23:07:33.588Z,recak8mGBPSSEBswK,"Quality Suites Vila Velha",Brazil,affiliation_normalize,"Quality","Quality Inn","{""Affiliation"":""Quality Inn""}"
2026-07-22T23:07:33.829Z,recazBNxPazCs8y7a,"Quality Hotel Goiania",Brazil,affiliation_normalize,"Quality","Quality Inn","{""Affiliation"":""Quality Inn""}"
2026-07-22T23:07:34.080Z,reccUca5e2ucKq8gs,"Quality Hotel Paulista Sao Paulo",Brazil,affiliation_normalize,"Quality","Quality Inn","{""Affiliation"":""Quality Inn""}"
2026-07-22T23:07:34.343Z,reccXi9kLfZrKEW42,"Quality Hotel Real Aeropuerto",El Salvador,affiliation_normalize,"Quality","Quality Inn","{""Affiliation"":""Quality Inn""}"
2026-07-22T23:07:34.606Z,recdMCXtrk9IeKyzi,"Quality Hotel Jundiai",Brazil,affiliation_normalize,"Quality","Quality Inn","{""Affiliation"":""Quality Inn""}"
2026-07-22T23:07:34.842Z,receraO6a2LBlAFS9,"Quality Hotel Blumenau",Brazil,affiliation_normalize,"Quality","Quality Inn","{""Affiliation"":""Quality Inn""}"
2026-07-22T23:07:35.068Z,recfJwzEQpnITOiLm,"Quality Suites Vila Olimpia",Brazil,affiliation_normalize,"Quality","Quality Inn","{""Affiliation"":""Quality Inn""}"
2026-07-22T23:07:35.315Z,recgsmZj8eX58oTd9,"Quality Hotel Manaus",Brazil,affiliation_normalize,"Quality","Quality Inn","{""Affiliation"":""Quality Inn""}"
2026-07-22T23:07:35.566Z,reco9433E1Eco3RLW,"Quality Hotel & Suites Sao Salvador",Brazil,affiliation_normalize,"Quality","Quality Inn","{""Affiliation"":""Quality Inn""}"
2026-07-22T23:07:35.800Z,recp21Xe2exhYCQLi,"Quality Hotel Real San Jose",Costa Rica,affiliation_normalize,"Quality","Quality Inn","{""Affiliation"":""Quality Inn""}"
2026-07-22T23:07:36.056Z,recqAsAbHmJ5Vg2j7,"Quality Hotel Real Aeropuerto Santo Domingo",Dominican Republic,affiliation_normalize,"Quality","Quality Inn","{""Affiliation"":""Quality Inn""}"
2026-07-22T23:07:36.281Z,recrq5oWLlU3I3Wdg,"Quality Hotel Porto Alegre",Brazil,affiliation_normalize,"Quality","Quality Inn","{""Affiliation"":""Quality Inn""}"
2026-07-22T23:07:36.512Z,recssgUodOjS9owNf,"Quality Hotel Rio de Janeiro - Barra da Tijuca",Brazil,affiliation_normalize,"Quality","Quality Inn","{""Affiliation"":""Quality Inn""}"
2026-07-22T23:07:36.752Z,recuPczqHC2srskUK,"Quality Suites Alphaville",Brazil,affiliation_normalize,"Quality","Quality Inn","{""Affiliation"":""Quality Inn""}"
2026-07-22T23:07:36.985Z,recv3es2CjcAZmg5l,"Quality Hotel & Suites Brasilia",Brazil,affiliation_normalize,"Quality","Quality Inn","{""Affiliation"":""Quality Inn""}"
2026-07-22T23:07:37.219Z,recvyJN4aD5Gh4yXJ,"Quality Hotel Sao Caetano",Brazil,affiliation_normalize,"Quality","Quality Inn","{""Affiliation"":""Quality Inn""}"
