appliedAt,censusRecordId,censusName,censusCountry,propertyUrl,matchReason,fieldsJson
2026-07-15T11:11:23.358Z,rec1PXkMUZKr5SvTO,"Hotel Carlota",Ecuador,https://www.designhotels.com/hotels/ecuador/quito/carlota/,steward_record_override,"{""Affiliation"":""Design Hotels"",""Parent Company"":""Marriott International"",""Website"":""https://www.designhotels.com/hotels/ecuador/quito/carlota/""}"
2026-07-15T11:11:23.620Z,recaokE8psIbuVeuH,"LaLuna Boutique Hotels & Villas",Grenada,https://www.designhotels.com/hotels/grenada/st-george-s-grenada/laluna/,steward_record_override,"{""Affiliation"":""Design Hotels"",""Parent Company"":""Marriott International"",""Website"":""https://www.designhotels.com/hotels/grenada/st-george-s-grenada/laluna/""}"
2026-07-15T11:11:23.871Z,recJSZgZxqyVBeCL9,"Boca de Agua",Mexico,https://www.designhotels.com/hotels/mexico/bacalar/boca-de-agua/,name_exact,"{""Affiliation"":""Design Hotels"",""Parent Company"":""Marriott International"",""Website"":""https://www.designhotels.com/hotels/mexico/bacalar/boca-de-agua/""}"
2026-07-15T11:11:24.114Z,reczwDgVgwF9iFoRP,"Casa Habita",Mexico,https://www.designhotels.com/hotels/mexico/guadalajara/casa-habita/,name_exact,"{""Affiliation"":""Design Hotels"",""Parent Company"":""Marriott International"",""Website"":""https://www.designhotels.com/hotels/mexico/guadalajara/casa-habita/""}"
2026-07-15T11:11:24.354Z,rec1ybTMCedaIh0sZ,"Lo Sereno Casa de Playa",Mexico,https://www.designhotels.com/hotels/mexico/ixtapa-zihuatanejo/lo-sereno/,steward_record_override,"{""Affiliation"":""Design Hotels"",""Parent Company"":""Marriott International"",""Website"":""https://www.designhotels.com/hotels/mexico/ixtapa-zihuatanejo/lo-sereno/""}"
2026-07-15T11:11:24.604Z,recFS4to73D6ZG0fG,"Hotelito by MUSA",Mexico,https://www.designhotels.com/hotels/mexico/ixtapa-zihuatanejo/hotelito-at-musa/,steward_record_override,"{""Affiliation"":""Design Hotels"",""Parent Company"":""Marriott International"",""Website"":""https://www.designhotels.com/hotels/mexico/ixtapa-zihuatanejo/hotelito-at-musa/""}"
2026-07-15T11:11:24.833Z,recGnLZK24av3ayRc,"Design Hotels Elena de Cobre",Mexico,https://www.designhotels.com/hotels/mexico/leon/elena-de-cobre/,steward_record_override,"{""Affiliation"":""Design Hotels"",""Parent Company"":""Marriott International"",""Website"":""https://www.designhotels.com/hotels/mexico/leon/elena-de-cobre/""}"
2026-07-15T11:11:25.077Z,rece0NdV9FCnaFlVS,"Condesa DF Hotel",Mexico,https://www.designhotels.com/hotels/mexico/mexico-city/condesa-df/,name_contains,"{""Affiliation"":""Design Hotels"",""Parent Company"":""Marriott International"",""Website"":""https://www.designhotels.com/hotels/mexico/mexico-city/condesa-df/""}"
2026-07-15T11:11:25.326Z,recPtyDuFADdczVA3,"Circulo Mexicano",Mexico,https://www.designhotels.com/hotels/mexico/mexico-city/circulo-mexicano/,name_exact,"{""Affiliation"":""Design Hotels"",""Parent Company"":""Marriott International"",""Website"":""https://www.designhotels.com/hotels/mexico/mexico-city/circulo-mexicano/""}"
2026-07-15T11:11:25.576Z,recxPk7vq5OYDU4Uy,"Habita Hotel",Mexico,https://www.designhotels.com/hotels/mexico/mexico-city/habita/,steward_record_override,"{""Affiliation"":""Design Hotels"",""Parent Company"":""Marriott International"",""Website"":""https://www.designhotels.com/hotels/mexico/mexico-city/habita/""}"
2026-07-15T11:11:25.804Z,recFSeOMQvWrFK6Em,"Rosas y Xocolate, Hotel Boutique and Spa",Mexico,https://www.designhotels.com/hotels/mexico/merida/rosas-and-xocolate/,steward_record_override,"{""Affiliation"":""Design Hotels"",""Parent Company"":""Marriott International"",""Website"":""https://www.designhotels.com/hotels/mexico/merida/rosas-and-xocolate/""}"
2026-07-15T11:11:26.074Z,recyNmbJEEgFaCKqT,"Hotel Escondido Oaxaca",Mexico,https://www.designhotels.com/hotels/mexico/oaxaca/hotel-escondido-oaxaca/,name_exact,"{""Affiliation"":""Design Hotels"",""Parent Company"":""Marriott International"",""Website"":""https://www.designhotels.com/hotels/mexico/oaxaca/hotel-escondido-oaxaca/""}"
2026-07-15T11:11:26.379Z,recSK2kYFPIYSP8WS,"Hotel Escondido",Mexico,https://www.designhotels.com/hotels/mexico/oaxaca/puerto-escondido/hotel-escondido/,name_exact,"{""Affiliation"":""Design Hotels"",""Parent Company"":""Marriott International"",""Website"":""https://www.designhotels.com/hotels/mexico/oaxaca/puerto-escondido/hotel-escondido/""}"
2026-07-15T11:11:26.626Z,recCr7DZTecjLN68H,"Design Hotel Terrestre",Mexico,https://www.designhotels.com/hotels/mexico/oaxaca/puerto-escondido/hotel-terrestre/,name_contains,"{""Affiliation"":""Design Hotels"",""Parent Company"":""Marriott International"",""Website"":""https://www.designhotels.com/hotels/mexico/oaxaca/puerto-escondido/hotel-terrestre/""}"
2026-07-15T11:11:26.883Z,recKXf2LSje5f0kZ8,"Otro Oaxaca, a Member of Design Hotels",Mexico,https://www.designhotels.com/hotels/mexico/oaxaca/otro-oaxaca/,steward_record_override,"{""Affiliation"":""Design Hotels"",""Parent Company"":""Marriott International"",""Website"":""https://www.designhotels.com/hotels/mexico/oaxaca/otro-oaxaca/""}"
2026-07-15T11:11:27.112Z,reczyAyzSdBgnbqQp,"Hotel La Semilla, Playa del Carmen",Mexico,https://www.designhotels.com/hotels/mexico/playa-del-carmen/hotel-la-semilla/,steward_record_override,"{""Affiliation"":""Design Hotels"",""Parent Company"":""Marriott International"",""Website"":""https://www.designhotels.com/hotels/mexico/playa-del-carmen/hotel-la-semilla/""}"
2026-07-15T11:11:27.345Z,recgbpSO3eYUyaTkw,"La Purificadora",Mexico,https://www.designhotels.com/hotels/mexico/puebla/la-purificadora/,name_exact,"{""Affiliation"":""Design Hotels"",""Parent Company"":""Marriott International"",""Website"":""https://www.designhotels.com/hotels/mexico/puebla/la-purificadora/""}"
2026-07-15T11:11:27.583Z,recSA1Fdhn4A0ocy4,"Hotel Matilda a Member of Design Hotels",Mexico,https://www.designhotels.com/hotels/mexico/san-miguel-de-allende/hotel-matilda/,steward_record_override,"{""Affiliation"":""Design Hotels"",""Parent Company"":""Marriott International"",""Website"":""https://www.designhotels.com/hotels/mexico/san-miguel-de-allende/hotel-matilda/""}"
2026-07-15T11:11:27.821Z,recAi6URZdr3geh84,"Papaya Playa Project",Mexico,https://www.designhotels.com/hotels/mexico/tulum/papaya-playa-project/,name_exact,"{""Affiliation"":""Design Hotels"",""Parent Company"":""Marriott International"",""Website"":""https://www.designhotels.com/hotels/mexico/tulum/papaya-playa-project/""}"
2026-07-15T11:11:28.076Z,recbmvdCxrIOi9B0t,"Azúcar",Mexico,https://www.designhotels.com/hotels/mexico/veracruz/monte-gordo/azucar/,name_exact,"{""Affiliation"":""Design Hotels"",""Parent Company"":""Marriott International"",""Website"":""https://www.designhotels.com/hotels/mexico/veracruz/monte-gordo/azucar/""}"
2026-07-15T11:11:28.314Z,rectCvF1Q1dv9SBgd,"Maison Couturier",Mexico,https://www.designhotels.com/hotels/mexico/veracruz/san-rafael/maison-couturier/,name_exact,"{""Affiliation"":""Design Hotels"",""Parent Company"":""Marriott International"",""Website"":""https://www.designhotels.com/hotels/mexico/veracruz/san-rafael/maison-couturier/""}"
2026-07-15T11:11:28.623Z,recXApWI0nAXL8z2N,"Drift San Jose del Cabo",Mexico,https://www.designhotels.com/hotels/mexico/baja-california-sur/san-jose-del-cabo/drift-san-jose-del-cabo/,name_exact,"{""Affiliation"":""Design Hotels"",""Parent Company"":""Marriott International"",""Website"":""https://www.designhotels.com/hotels/mexico/baja-california-sur/san-jose-del-cabo/drift-san-jose-del-cabo/""}"
2026-07-15T11:11:28.858Z,recrzJunQGjBCGc8f,"NEST Tulum",Mexico,https://www.designhotels.com/hotels/mexico/baja-california-sur/san-jose-del-cabo/nest-baja/,steward_record_override,"{""Affiliation"":""Design Hotels"",""Parent Company"":""Marriott International"",""Website"":""https://www.designhotels.com/hotels/mexico/baja-california-sur/san-jose-del-cabo/nest-baja/""}"
2026-07-15T11:11:29.113Z,recx7aZhD16bG1H63,"Baja Club",Mexico,https://www.designhotels.com/hotels/mexico/baja-california-sur/la-paz/baja-club/,name_exact,"{""Affiliation"":""Design Hotels"",""Parent Company"":""Marriott International"",""Website"":""https://www.designhotels.com/hotels/mexico/baja-california-sur/la-paz/baja-club/""}"
2026-07-15T11:11:29.358Z,recbF0TVIuO9B4oEf,"Rabot Hotel",Saint Lucia,https://www.designhotels.com/hotels/saint-lucia/soufriere/rabot-hotel/,name_exact,"{""Affiliation"":""Design Hotels"",""Parent Company"":""Marriott International"",""Website"":""https://www.designhotels.com/hotels/saint-lucia/soufriere/rabot-hotel/""}"
2026-07-15T11:11:29.610Z,rec7H1eaxIAuJZpek,"Hotel Belmar",Costa Rica,https://www.designhotels.com/hotels/costa-rica/monteverde/hotel-belmar/,name_exact,"{""Affiliation"":""Design Hotels"",""Parent Company"":""Marriott International"",""Website"":""https://www.designhotels.com/hotels/costa-rica/monteverde/hotel-belmar/""}"
2026-07-15T11:11:29.827Z,recQbYjfuuWjrrw2P,"Ahorita, a Member of Design Hotels",Mexico,,census_name_member_of_design_hotels,"{""Affiliation"":""Design Hotels"",""Parent Company"":""Marriott International""}"
2026-07-15T11:11:30.059Z,recSkF02UHFcGNR2A,"Otro Oaxaca, a Member of Design Hotels",Mexico,,census_name_member_of_design_hotels,"{""Affiliation"":""Design Hotels"",""Parent Company"":""Marriott International""}"
