ownerName,priorityTier,propertyCount,countriesSummary,companyName,matchType,researchStatus,hasCompanyOverview,website,researchAction
Norte 19,A,142,Chile; Colombia; Costa Rica; Mexico,Norte 19,exact,import_only,false,https://norte19.com,add_costar_profile_screenshot
Nacional Inn Hotéis,A,57,Brazil,Nacional Inn Hotéis,exact,import_only,false,https://nacionalinn.com.br,add_costar_profile_screenshot
Grupo de Turismo Gaviota,A,48,Cuba,Grupo de Turismo Gaviota,exact,import_only,false,https://gaviotagrupo.com,add_costar_profile_screenshot
"Grupo Posadas, S.A.B. DE C.V.",A,44,Mexico,"Grupo Posadas, S.A.B. DE C.V.",exact,profile_partial,false,https://posadas.com,complete_company_overview
ICH Administracao de Hoteis S.A.,A,42,Brazil,ICH Administracao de Hoteis S.A.,exact,import_only,false,https://intercityhoteis.com.br,add_costar_profile_screenshot
Barcelo Gestion Hotelera S.L.,A,36,Aruba; Costa Rica; Cuba; Dominican Republic; El Salvador; Guatemala; Mexico; Nicaragua,Barcelo Gestion Hotelera S.L.,exact,import_only,false,https://barcelo.com,add_costar_profile_screenshot
Cubanacan Hotel Group,A,35,Cuba,Cubanacan Hotel Group,exact,import_only,false,https://cubanacanhoteles.com,add_costar_profile_screenshot
Howard Johnson Argentina,A,34,Argentina; Chile; Paraguay,Howard Johnson Argentina,exact,import_only,false,https://hjargentina.com,add_costar_profile_screenshot
Riu Hotels & Resorts,A,32,Aruba; Bahamas; Costa Rica; Dominican Republic; Jamaica; Mexico; Panama,Riu Hotels & Resorts,exact,import_only,false,https://riu.com,add_costar_profile_screenshot
Atlantica Hotels International (Brasil) Ltda.,A,27,Brazil,Atlantica Hotels International (Brasil) Ltda.,exact,import_only,false,https://ahi.com.br,add_costar_profile_screenshot
Iberostar Hotels & Resorts,A,26,Brazil; Cuba; Dominican Republic; Jamaica; Mexico,Iberostar Hotels & Resorts,exact,import_only,false,https://iberostar.com,add_costar_profile_screenshot
Camino Real Hoteles,A,24,Mexico,Camino Real Hoteles,exact,profile_partial,false,https://caminoreal.com,complete_company_overview
Real Hotels & Resorts,A,22,Colombia; Costa Rica; Dominican Republic; El Salvador; Guatemala; Honduras; Nicaragua; Panama; Peru,Real Hotels & Resorts,exact,import_only,false,https://realhotelsandresorts.com,add_costar_profile_screenshot
Royalton Hotels & Resorts,A,19,Antigua and Barbuda; Barbados; Costa Rica; Dominican Republic; Grenada; Jamaica; Mexico; Saint Lucia,Royalton Hotels & Resorts,exact,import_only,false,https://royaltonresorts.com,add_costar_profile_screenshot
Faranda Hotels & Resorts,A,18,Colombia; Costa Rica; Mexico; Panama; Venezuela,Faranda Hotels & Resorts,exact,import_only,false,https://farandahotels.com,add_costar_profile_screenshot
Sandals Resorts,A,17,Antigua and Barbuda; Bahamas; Barbados; Caicos Islands; Curaçao; Grenada; Jamaica; Saint Lucia; Saint Vincent and the Grenadines,Sandals Resorts,exact,import_only,false,https://sandals.com,add_costar_profile_screenshot
Grupo Hotelero Santa Fe,A,16,Mexico,Grupo Hotelero Santa Fe,exact,profile_partial,false,https://gsf-hotels.com,complete_company_overview
Milenium Grupo Hotelero Mexicano,A,15,Mexico,Milenium Grupo Hotelero Mexicano,exact,import_only,false,https://hotelesmilenium.com,add_costar_profile_screenshot
Minor Hotel Group Limited,A,15,Brazil; Colombia; Mexico,Minor Hotel Group Limited,exact,import_only,false,https://minorhotels.com,add_costar_profile_screenshot
Palladium Hotel Group,A,14,Brazil; Dominican Republic; Jamaica; Mexico,Palladium Hotel Group,exact,import_only,false,https://palladiumhotelgroup.com,add_costar_profile_screenshot
Hoteleria Peruana S.A.C.,A,14,Peru,Hoteleria Peruana S.A.C.,exact,import_only,false,https://tierravivahoteles.com,add_costar_profile_screenshot
Irawadi Corp S.A.,A,13,Dominican Republic; Mexico,Irawadi Corp S.A.,exact,import_only,false,https://rcdhotels.com,add_costar_profile_screenshot
Bourbon Hotels & Resorts,A,13,Brazil; Paraguay,Bourbon Hotels & Resorts,exact,import_only,false,https://bourbon.com.br,add_costar_profile_screenshot
Park Royal Hotels & Resorts,A,12,Mexico; Puerto Rico,Royal Hotel Group,partial,import_only,false,https://royalhotelgroup.ca,add_costar_profile_screenshot
Marriott International,A,12,Barbados; Brazil; Mexico; Peru,Marriott International,exact,import_only,false,https://marriott.com,add_costar_profile_screenshot
Parks Hospitality Holdings,A,12,Mexico,Parks Hospitality Group,loose_exact,import_only,false,https://parkshotels.com,add_costar_profile_screenshot
Casa Andina Hoteles,A,12,Peru,Casa Andina Hoteles,exact,import_only,false,https://casa-andina.com,add_costar_profile_screenshot
Belmond Management Ltd,A,12,Anguilla; Brazil; Mexico; Peru; Saint-Martin (French part),Belmond Management Ltd,exact,import_only,false,https://belmond.com,add_costar_profile_screenshot
Catalonia Hotels & Resorts,A,11,Dominican Republic; Jamaica; Mexico,Catalonia Hotels & Resorts,exact,import_only,false,https://cataloniahotels.com,add_costar_profile_screenshot
Grupo Brisas,A,11,Mexico,Grupo Brisas,exact,import_only,false,https://brisas.com.mx,add_costar_profile_screenshot
Enchanting Hotels,B,11,Costa Rica,Enchanting Hotels,exact,import_only,false,https://enchantinghotels.com,add_costar_profile_screenshot
Estancias Extendidas,A,11,Mexico,Estancias Extendidas,exact,import_only,false,https://extendedsuites.com.mx,add_costar_profile_screenshot
Marriott Vacations Worldwide,A,9,Aruba; Bahamas; Costa Rica; Mexico; Saint Kitts and Nevis; US Virgin Islands,Marriott Vacations Worldwide,exact,import_only,false,https://marriottvacationsworldwide.com,add_costar_profile_screenshot
Pueblo Bonito Hotels and Resorts,A,9,Mexico,AG Hotels,partial,import_only,false,https://aghotels.co.uk,add_costar_profile_screenshot
Bern Hotels & Resorts,A,9,Panama,AG Hotels,partial,import_only,false,https://aghotels.co.uk,add_costar_profile_screenshot
JHSF,A,9,Brazil; Uruguay,JHSF,exact,import_only,false,https://jhsf.com.br,add_costar_profile_screenshot
Eurostars Hotel Company S.L.,A,8,Argentina; Mexico,Eurostars Hotel Company S.L.,exact,import_only,false,https://eurostarshotels.co.uk,add_costar_profile_screenshot
TAFER Hotels & Resorts,A,7,Mexico,AG Hotels,partial,import_only,false,https://aghotels.co.uk,add_costar_profile_screenshot
B&B Hotels Brasil Hotelaria e Investimentos LTDA,A,7,Brazil,AG Hotels,partial,import_only,false,https://aghotels.co.uk,add_costar_profile_screenshot
Princess Hotels & Resorts,A,6,Dominican Republic; Guyana; Jamaica; Mexico,Princess Hotels & Resorts,exact,import_only,false,https://princess-hotels.com,add_costar_profile_screenshot
Karisma Hotels & Resorts,A,6,Belize; Dominican Republic; Jamaica; Mexico,AG Hotels,partial,import_only,false,https://aghotels.co.uk,add_costar_profile_screenshot
Accor,A,6,Brazil,Accor,exact,import_only,false,https://group.accor.com,add_costar_profile_screenshot
Grupo SIXSTAR Hotels,A,6,Ecuador,Star Group,partial,import_only,false,https://starhotels.com.au,add_costar_profile_screenshot
Owner 1: Parks Hospitality Holdings | Owner 2: Fibra Uno,A,5,Mexico,Parks Hospitality Group,loose_exact,import_only,false,https://parkshotels.com,add_costar_profile_screenshot
"Pestana Management, S.A.",A,5,Argentina; Brazil; Venezuela,"Pestana Management, S.A.",exact,import_only,false,https://pestanagroup.com,add_costar_profile_screenshot
HOLA Hotels & Resorts,A,5,Mexico,AG Hotels,partial,import_only,false,https://aghotels.co.uk,add_costar_profile_screenshot
HM Hotels,A,5,Dominican Republic; Mexico,HM Hotels,exact,import_only,false,https://hmhotels.net,add_costar_profile_screenshot
Porta Hotels,A,5,Guatemala,AG Hotels,partial,import_only,false,https://aghotels.co.uk,add_costar_profile_screenshot
Böëna Lodges,A,5,Costa Rica,Böena Lodges,exact,profile_partial,false,,complete_company_overview
"Melia Hotels International, S.A",A,4,Argentina; Brazil; Dominican Republic; Mexico,"Melia Hotels International, S.A",exact,import_only,false,https://meliahotelsinternational.com,add_costar_profile_screenshot
Hyatt Corporation,A,4,Brazil,Hyatt Corporation,exact,import_only,false,https://hyatt.com,add_costar_profile_screenshot
Accor South America,A,4,Brazil,Accor,partial,import_only,false,https://group.accor.com,add_costar_profile_screenshot
HCC Hotel Specialist,A,4,Brazil,HCC Hotel Specialist,exact,import_only,false,https://hcchotels.com.br,add_costar_profile_screenshot
American Hotels Group,A,4,Mexico,AG Hotels,partial,import_only,false,https://aghotels.co.uk,add_costar_profile_screenshot
AKEN Hotels & Resorts,A,4,Argentina; Colombia,AG Hotels,partial,import_only,false,https://aghotels.co.uk,add_costar_profile_screenshot
Nayara Hotels SRL,B,4,Costa Rica; Panama,Nayara Hotels SRL,exact,profile_partial,false,https://arenalnayara.com,complete_company_overview
Sirenis Hotels & Resorts,A,3,Colombia; Dominican Republic; Mexico,AG Hotels,partial,import_only,false,https://aghotels.co.uk,add_costar_profile_screenshot
Oasis Hotels and Resorts,A,3,Mexico,AG Hotels,partial,import_only,false,https://aghotels.co.uk,add_costar_profile_screenshot
Hilton Grand Vacations,A,3,Mexico; Sint Maarten (Dutch part),Hilton Grand Vacations,exact,import_only,false,https://hiltongrandvacations.com,add_costar_profile_screenshot
Sandos Hotels & Resorts,A,3,Mexico,Sandos Hotels & Resorts,exact,import_only,false,https://sandos.com,add_costar_profile_screenshot
BF Hotels,A,3,Mexico,AG Hotels,partial,import_only,false,https://aghotels.co.uk,add_costar_profile_screenshot
Buenaventura Hotels,A,3,Mexico,AG Hotels,partial,import_only,false,https://aghotels.co.uk,add_costar_profile_screenshot
L&R,A,3,Bahamas; Barbados; Cayman Islands,L&R,exact,import_only,false,https://lrp.co.uk,add_costar_profile_screenshot
"Host Hotels & Resorts, Inc.",A,3,Brazil,AG Hotels,partial,import_only,false,https://aghotels.co.uk,add_costar_profile_screenshot
H I Development,A,3,Puerto Rico,H I Development,exact,import_only,false,https://hidevelopment.com,add_costar_profile_screenshot
Grupo Suites SAS,A,3,Colombia,Pomeroy Inn & Suites Inc.,partial,import_only,false,https://pomeroylodging.com,add_costar_profile_screenshot
Globales,A,3,Argentina; Nicaragua,Globales,exact,import_only,false,https://globales.com,add_costar_profile_screenshot
Connor/Jacobson Hotels,A,3,Ecuador; Honduras; Panama,AG Hotels,partial,import_only,false,https://aghotels.co.uk,add_costar_profile_screenshot
Landstar Hotels,A,3,Mexico,Star Group,partial,import_only,false,https://starhotels.com.au,add_costar_profile_screenshot
"Owner 1: Parks Hospitality Holdings | Owner 2: Grupo Posadas, S.A.B. DE C.V.",A,3,Mexico,Parks Hospitality Group,loose_exact,import_only,false,https://parkshotels.com,add_costar_profile_screenshot
Grupo Leumi,C,3,Costa Rica,Grupo Leumi,exact,profile_partial,false,,complete_company_overview
Habitas Group Ltd,A,3,Chile; Mexico,Grupo Habita,partial,import_only,false,https://grupohabita.mx,add_costar_profile_screenshot
H10 Hotels,A,2,Jamaica,H10 Hotels,exact,import_only,false,https://h10hotels.com,add_costar_profile_screenshot
Best Hotels,A,2,Dominican Republic,Best Hotels,exact,import_only,false,,add_costar_profile_screenshot
Corendon Hotels & Resorts,A,2,Curaçao,AG Hotels,partial,import_only,false,https://aghotels.co.uk,add_costar_profile_screenshot
Impressive Resorts & Spas,A,2,Dominican Republic,Impressive Resorts & Spas,exact,profile_partial,false,https://impressiveresorts.com,complete_company_overview
Royal Palm Hotels & Resorts,A,2,Brazil,Palm Holdings,partial,import_only,false,https://palm-holdings.com,add_costar_profile_screenshot
Sociedad Hotelera Tequendama,B,2,Colombia,Sociedad Hotelera Tequendama,exact,import_only,false,https://sociedadtequendama.com,add_costar_profile_screenshot
Hoteles Cosmos,B,2,Colombia,Cosmos Group,partial,import_only,false,https://cosmosgroup.ru,add_costar_profile_screenshot
Luzeiros Group Hotels,B,2,Brazil,AG Hotels,partial,import_only,false,https://aghotels.co.uk,add_costar_profile_screenshot
Ora Hospitality,B,2,Grenada,Dora Hospitality,partial,import_only,false,https://dorahg.com,add_costar_profile_screenshot
Crissa Hotels,B,2,Jamaica,AG Hotels,partial,import_only,false,https://aghotels.co.uk,add_costar_profile_screenshot
Solar Hoteles & Resorts,B,2,Colombia,AR Hoteles,partial,import_only,false,https://ar-hotels.com,add_costar_profile_screenshot
Owner 1: Mercantil Santa Clara S.A | Owner 2: Consultores de Inversion S.A.,B,2,Nicaragua,Mercan Group,partial,import_only,false,https://mercan.com,add_costar_profile_screenshot
ROCCA Development Group,B,2,Costa Rica,ROCCA Development Group,exact,profile_partial,false,https://roccacr.com,complete_company_overview
Grupo Azur,B,2,Guatemala,Azure Hotels,partial,import_only,false,https://azurehotelholdings.com,add_costar_profile_screenshot
Molo Hotel Group,B,2,Aruba; Caicos Islands,Molo Hotel Group,exact,import_only,false,https://molohotels.com,add_costar_profile_screenshot
Aman Group S.A.R.L.,B,2,Caicos Islands; Dominican Republic,Aman Group S.A.R.L.,exact,import_only,false,,add_costar_profile_screenshot
Trade Winds Hotels Limited,B,2,Barbados,AG Hotels,partial,import_only,false,https://aghotels.co.uk,add_costar_profile_screenshot
Tryst Hotels,B,2,Mexico; Puerto Rico,Tryst Hotels,exact,import_only,false,https://trysthotels.com,add_costar_profile_screenshot
RCD Hotels,A,1,Mexico,AG Hotels,partial,import_only,false,https://aghotels.co.uk,add_costar_profile_screenshot
"Zemi Hotels & Resorts, S.R.L.",A,1,Dominican Republic,AG Hotels,partial,import_only,false,https://aghotels.co.uk,add_costar_profile_screenshot
Park Hotels & Resorts,A,1,Puerto Rico,AG Hotels,partial,import_only,false,https://aghotels.co.uk,add_costar_profile_screenshot
Owner 1: Henderson Park | Owner 2: Pyramid Global Hospitality,A,1,Puerto Rico,Pyramid Global Hospitality,exact,import_only,false,https://pyramidglobal.com,add_costar_profile_screenshot
Owner 1: Riu Hotels & Resorts Management | Owner 2: Riu Hotels & Resorts,A,1,Mexico,Riu Hotels & Resorts,exact,import_only,false,https://riu.com,add_costar_profile_screenshot
Lopesan Group,A,1,Dominican Republic,Lopesan Group,exact,import_only,false,https://lopesan.com,add_costar_profile_screenshot
Mac Hotels Group,A,1,Dominican Republic,AG Hotels,partial,import_only,false,https://aghotels.co.uk,add_costar_profile_screenshot
Owner 1: Alojica | Owner 2: Royalton Hotels & Resorts,A,1,Mexico,Royalton Hotels & Resorts,exact,import_only,false,https://royaltonresorts.com,add_costar_profile_screenshot
Owner 1: Ascendant Capital Partners | Owner 2: Interlink Group | Owner 3: Highgate Hotels L.P.,A,1,Puerto Rico,Highgate Hotels L.P.,exact,import_only,false,https://highgate.com,add_costar_profile_screenshot
Owner 1: Parks Hospitality Holdings | Owner 2: Parks Developer,A,1,Mexico,Parks Hospitality Group,loose_exact,import_only,false,https://parkshotels.com,add_costar_profile_screenshot
BG Hotels,A,1,Mexico,AG Hotels,partial,import_only,false,https://aghotels.co.uk,add_costar_profile_screenshot
Owner 1: TAFER Hotels & Resorts | Owner 2: The Villa Group,A,1,Mexico,AG Hotels,partial,import_only,false,https://aghotels.co.uk,add_costar_profile_screenshot
Riu Hotels & Resorts - RIU Hotel Bambu,A,1,Dominican Republic,AG Hotels,partial,import_only,false,https://aghotels.co.uk,add_costar_profile_screenshot
Marriott Vacations Worldwide - Marriott's Frenc...,A,1,US Virgin Islands,Marriott Vacations Worldwide,partial,import_only,false,https://marriottvacationsworldwide.com,add_costar_profile_screenshot
Grupo Hotelero Santa Fe - Krystal Urban Aeropue...,B,1,Mexico,Grupo Hotelero Santa Fe,partial,profile_partial,false,https://gsf-hotels.com,complete_company_overview
Kerzner,B,1,Mexico,Kerzner,exact,import_only,false,https://kerzner.com,add_costar_profile_screenshot
Owner 1: Parks Hospitality Holdings | Owner 2: Ennismore,B,1,Mexico,Parks Hospitality Group,loose_exact,import_only,false,https://parkshotels.com,add_costar_profile_screenshot
Owner 1: Grupo de Turismo Gaviota | Owner 2: MGM Hotels & Resorts,B,1,Cuba,Grupo de Turismo Gaviota,exact,import_only,false,https://gaviotagrupo.com,add_costar_profile_screenshot
The Palace Company,B,1,Mexico,The Palace Company,exact,import_only,false,,add_costar_profile_screenshot
"Owner 1: Iberostar Hotels & Resorts | Owner 2: Ibersand Holding & Management, V.B",B,1,Aruba,Iberostar Hotels & Resorts,exact,import_only,false,https://iberostar.com,add_costar_profile_screenshot
Enotel Hotels & Resorts,B,1,Brazil,AG Hotels,partial,import_only,false,https://aghotels.co.uk,add_costar_profile_screenshot
Genting Americas Inc.,B,1,Bahamas,Genting Group,partial,import_only,false,https://genting.com,add_costar_profile_screenshot
Owner 1: Invincible Investment Corporation | Owner 2: Pyramid Global Hospitality,B,1,Cayman Islands,Pyramid Global Hospitality,exact,import_only,false,https://pyramidglobal.com,add_costar_profile_screenshot
Marina de Iracema Park S/A,B,1,Brazil,Rina Group,partial,import_only,false,https://rinagroup.com,add_costar_profile_screenshot
Owner 1: Engles Development Corp | Owner 2: Serendipity Land Holdings | Owner 3: The Friedkin Group,B,1,Mexico,KiN Group,partial,import_only,false,https://kinhotel.com,add_costar_profile_screenshot
Pavillion Hotels Group SAS,B,1,Colombia,AG Hotels,partial,import_only,false,https://aghotels.co.uk,add_costar_profile_screenshot
"Melia Hotels International, S.A - ME Cabo",B,1,Mexico,AG Hotels,partial,import_only,false,https://aghotels.co.uk,add_costar_profile_screenshot
Owner 1: Minor Hotel Group Limited | Owner 2: Minor Europe,B,1,Peru,Minor Hotel Group Limited,exact,import_only,false,https://minorhotels.com,add_costar_profile_screenshot
Club Med,B,1,Dominican Republic,Shanghai Club Med Holidays Travel Agency Co Ltd,partial,import_only,false,https://corporate.clubmed,add_costar_profile_screenshot
Eurobuilding Hotels Group,B,1,Venezuela,AG Hotels,partial,import_only,false,https://aghotels.co.uk,add_costar_profile_screenshot
Brookfield Corporation,B,1,Brazil,Brookfield Corporation,exact,import_only,false,https://brookfield.com,add_costar_profile_screenshot
Hotelsolymarresort S.A. De CV,B,1,Mexico,AG Hotels,partial,import_only,false,https://aghotels.co.uk,add_costar_profile_screenshot
Columbia Sussex Corporation,B,1,Sint Maarten (Dutch part),Columbia Sussex Corporation,exact,import_only,false,https://columbiasussex.com,add_costar_profile_screenshot
IHG Hotels & Resorts,B,1,Aruba,IHG Hotels & Resorts,exact,import_only,false,,add_costar_profile_screenshot
Grupo Hoteles Playa S.A.,B,1,Dominican Republic,Grupo Hoteles Playa S.A.,exact,import_only,false,https://senatorhr.com,add_costar_profile_screenshot
Evenia Hotels Panama,B,1,Panama,Evenia Hotels,partial,import_only,false,https://eveniahotels.com,add_costar_profile_screenshot
Owner 1: IRSA | Owner 2: Pérez Companc S.A. | Owner 3: IHG Hotels & Resorts,B,1,Argentina,IHG Hotels & Resorts,exact,import_only,false,,add_costar_profile_screenshot
VH Hotels & Resorts,B,1,Dominican Republic,H-Hotels GmbH,partial,import_only,false,https://h-hotels.com,add_costar_profile_screenshot
Owner 1: Camino Real Hoteles | Owner 2: Fibra Hotel Mexico,B,1,Mexico,Camino Real Hoteles,exact,profile_partial,false,https://caminoreal.com,complete_company_overview
BPBI Hotels,B,1,Mexico,AG Hotels,partial,import_only,false,https://aghotels.co.uk,add_costar_profile_screenshot
Fosun International Ltd,B,1,Mexico,Fosun International Ltd,exact,import_only,false,https://fosun.com,add_costar_profile_screenshot
Grupo Paragon,B,1,Mexico,Paragon Hotel Company,partial,import_only,false,https://phc-hotels.com,add_costar_profile_screenshot
Condado Palm LLC,B,1,Puerto Rico,Palm Holdings,partial,import_only,false,https://palm-holdings.com,add_costar_profile_screenshot
Midtown Equities Brokerage LLC,B,1,Aruba,EQ Group,partial,import_only,false,https://eqgrp.com,add_costar_profile_screenshot
Riu Hotels & Resorts Management,B,1,Aruba,AG Hotels,partial,import_only,false,https://aghotels.co.uk,add_costar_profile_screenshot
Fideicomiso Marina View,B,1,Colombia,Rina Group,partial,import_only,false,https://rinagroup.com,add_costar_profile_screenshot
Owner 1: SD (Barbados) ANG II Limited | Owner 2: Royalton Hotels & Resorts,B,1,Antigua and Barbuda,Royalton Hotels & Resorts,exact,import_only,false,https://royaltonresorts.com,add_costar_profile_screenshot
Shanghai Club Med Holidays Travel Agency Co Ltd,B,1,Dominican Republic,Shanghai Club Med Holidays Travel Agency Co Ltd,exact,import_only,false,https://corporate.clubmed,add_costar_profile_screenshot
Mint Hotels & Residences,B,1,Dominican Republic,AG Hotels,partial,import_only,false,https://aghotels.co.uk,add_costar_profile_screenshot
Atlantica Hotels Int (Brasil) Ltda - Hilton Gar...,C,1,Brazil,AG Hotels,partial,import_only,false,https://aghotels.co.uk,add_costar_profile_screenshot
Braemar Hotels & Resorts,C,1,US Virgin Islands,AG Hotels,partial,import_only,false,https://aghotels.co.uk,add_costar_profile_screenshot
Hoposa Hotels - Grupo Hotelera Pollensina,C,1,Mexico,AG Hotels,partial,import_only,false,https://aghotels.co.uk,add_costar_profile_screenshot
"Owner 1: Aspemir | Owner 2: Melia Hotels International, S.A",C,1,Dominican Republic,"Melia Hotels International, S.A",exact,import_only,false,https://meliahotelsinternational.com,add_costar_profile_screenshot
Owner 1: Gafisa S.A. | Owner 2: JHSF,C,1,Brazil,JHSF,exact,import_only,false,https://jhsf.com.br,add_costar_profile_screenshot
Cayman Overseas Group Ltd.,C,1,Cayman Islands,Cayman Group,partial,import_only,false,https://caymangroup.eu,add_costar_profile_screenshot
Superior Hotels Trinidad & Tobago Limited,C,1,Trinidad,AG Hotels,partial,import_only,false,https://aghotels.co.uk,add_costar_profile_screenshot
Qviva Resorts,C,1,Costa Rica,Qviva Resorts,exact,profile_partial,false,https://qvivaresorts.com,complete_company_overview
Owner 1: Rocca Portafolio Comercial SA | Owner 2: ROCCA Development Group,C,1,Costa Rica,ROCCA Development Group,exact,profile_partial,false,https://roccacr.com,complete_company_overview
Owner 1: Tabacalera Palma | Owner 2: Gizeh Constructora SRL,C,1,Dominican Republic,Palm Holdings,partial,import_only,false,https://palm-holdings.com,add_costar_profile_screenshot
LaTour Hotels & Resorts,C,1,Sint Maarten (Dutch part),LaTour Hotels & Resorts,exact,import_only,false,https://latourgroup.com,add_costar_profile_screenshot
Atlantica Hotels Int (Brasil) Ltda - Sleep Inn ...,C,1,Brazil,AG Hotels,partial,import_only,false,https://aghotels.co.uk,add_costar_profile_screenshot
"Suriname Caribbean Partners, N.V.",C,1,Suriname,Rina Group,partial,import_only,false,https://rinagroup.com,add_costar_profile_screenshot
Palm Reef Hotel Development Company,C,1,Trinidad,Palm Holdings,partial,import_only,false,https://palm-holdings.com,add_costar_profile_screenshot
Fidecomiso Mercantil Hotel Aeropuerto,C,1,Ecuador,Mercan Group,partial,import_only,false,https://mercan.com,add_costar_profile_screenshot
Warwick Hotels and Resorts,C,1,Bahamas,Warwick Hotels and Resorts,exact,import_only,false,https://warwickhotels.com,add_costar_profile_screenshot
Highgate Hotels L.P.,C,1,Guyana,Highgate Hotels L.P.,exact,import_only,false,https://highgate.com,add_costar_profile_screenshot
Oro Verde Hotels,C,1,Ecuador,AG Hotels,partial,import_only,false,https://aghotels.co.uk,add_costar_profile_screenshot
Evenia Hotels,C,1,Panama,Evenia Hotels,exact,import_only,false,https://eveniahotels.com,add_costar_profile_screenshot
Owner 1: The King Jin Group | Owner 2: Cardinal Investments Inc.,C,1,Guyana,KiN Group,partial,import_only,false,https://kinhotel.com,add_costar_profile_screenshot
CPM PARTICIPAÇÕES,C,1,Brazil,CP Group,partial,import_only,false,https://cpghotels.com,add_costar_profile_screenshot
The Regent Star Hotel Limited,C,1,Trinidad,Star Group,partial,import_only,false,https://starhotels.com.au,add_costar_profile_screenshot
Groupe Lucien Barriere SAS,C,1,Saint-Barthélemy,Groupe Lucien Barriere SAS,exact,import_only,false,https://groupebarriere.com,add_costar_profile_screenshot
Solaya Hotels & Resorts,C,1,Dominican Republic,AG Hotels,partial,import_only,false,https://aghotels.co.uk,add_costar_profile_screenshot
Grupo ROMA,C,1,Brazil,Gromada,partial,import_only,false,https://gromada.pl,add_costar_profile_screenshot
Ameristar S.R.L.,C,1,Paraguay,Star Group,partial,import_only,false,https://starhotels.com.au,add_costar_profile_screenshot
Owner 1: Braemar Hotels & Resorts | Owner 2: Caribbean Property Group,C,1,Puerto Rico,AG Hotels,partial,import_only,false,https://aghotels.co.uk,add_costar_profile_screenshot
Owner 1: Holanda BNV SPA | Owner 2: Stars REI,C,1,Chile,BN Group,partial,import_only,false,https://bngroup.us,add_costar_profile_screenshot
Grupo Arco,C,1,Mexico,Harcourt Developments,partial,import_only,false,,add_costar_profile_screenshot
Palma Royale Hotel,C,1,Panama,Palm Holdings,partial,import_only,false,https://palm-holdings.com,add_costar_profile_screenshot
Mexico Grand Hotels,C,1,Mexico,AG Hotels,partial,import_only,false,https://aghotels.co.uk,add_costar_profile_screenshot
Owner 1: HJ ARGENTINA SA | Owner 2: Howard Johnson Argentina,C,1,Argentina,Howard Johnson Argentina,exact,import_only,false,https://hjargentina.com,add_costar_profile_screenshot
Harcourt Developments,C,1,Antigua and Barbuda,Harcourt Developments,exact,import_only,false,,add_costar_profile_screenshot
Kingsley Management,C,1,Barbados,KiN Group,partial,import_only,false,https://kinhotel.com,add_costar_profile_screenshot
Owner 1: Filippone Propiedades | Owner 2: Howard Johnson Argentina,C,1,Argentina,Howard Johnson Argentina,exact,import_only,false,https://hjargentina.com,add_costar_profile_screenshot
Owner 1: Corporacion Quiport | Owner 2: Grupo SIXSTAR Hotels,C,1,Ecuador,Star Group,partial,import_only,false,https://starhotels.com.au,add_costar_profile_screenshot
Paradero Hotels,C,1,Mexico,AG Hotels,partial,import_only,false,https://aghotels.co.uk,add_costar_profile_screenshot
Sierra Suites Hotels,C,1,Mexico,AG Hotels,partial,import_only,false,https://aghotels.co.uk,add_costar_profile_screenshot
Ennismore,C,1,Argentina,Ennismore,exact,import_only,false,https://ennismore.com,add_costar_profile_screenshot
"Operadora de Hotels Azul Talaver, S.A. de C.V.",C,1,Mexico,AG Hotels,partial,import_only,false,https://aghotels.co.uk,add_costar_profile_screenshot
Urban Hotels SRL de CV,C,1,Mexico,AG Hotels,partial,import_only,false,https://aghotels.co.uk,add_costar_profile_screenshot
"Proyectos Residenciales y Habitacionales, SA de CV",C,1,Mexico,Grupo Habita,partial,import_only,false,https://grupohabita.mx,add_costar_profile_screenshot
MCHotels,C,1,Antigua and Barbuda,AG Hotels,partial,import_only,false,https://aghotels.co.uk,add_costar_profile_screenshot
Grand Hotels Lux,C,1,Argentina,AG Hotels,partial,import_only,false,https://aghotels.co.uk,add_costar_profile_screenshot
Clearly Cayman Dive Resorts,C,1,Cayman Islands,Cayman Group,partial,import_only,false,https://caymangroup.eu,add_costar_profile_screenshot
Ty Warner Hotels & Resorts,C,1,Mexico,AG Hotels,partial,import_only,false,https://aghotels.co.uk,add_costar_profile_screenshot
Pelican Eyes Hotel & Resort,C,1,Nicaragua,L&R,partial,import_only,false,https://lrp.co.uk,add_costar_profile_screenshot
Grupo Amano Internacional S.A.,C,1,Nicaragua,Amano Group,partial,import_only,false,https://amanogroup.de,add_costar_profile_screenshot
LVMH Hotel Management,C,1,Saint-Barthélemy,LVMH Hotel Management,exact,import_only,false,https://lvmh.com,add_costar_profile_screenshot
Langley Hotels & Resorts SARL,C,1,Guadeloupe,AG Hotels,partial,import_only,false,https://aghotels.co.uk,add_costar_profile_screenshot
Morris Rudolph Palmer,C,1,Panama,Palm Holdings,partial,import_only,false,https://palm-holdings.com,add_costar_profile_screenshot
InvestHotels,C,1,Brazil,AG Hotels,partial,import_only,false,https://aghotels.co.uk,add_costar_profile_screenshot
Irina Barrett,C,1,Panama,Rina Group,partial,import_only,false,https://rinagroup.com,add_costar_profile_screenshot
COMO Hotels and Resorts PTE Ltd,C,1,Caicos Islands,COMO Hotels and Resorts PTE Ltd,exact,import_only,false,https://comohotels.com,add_costar_profile_screenshot
Pursuit Collection,C,1,Costa Rica,Pursuit Collection,exact,import_only,false,https://pursuitcollection.com,add_costar_profile_screenshot
Owner 1: Soul Community Planet | Owner 2: Hovde Properties,C,1,Costa Rica,Soul Community Planet,exact,import_only,false,https://alphawaveinvestors.com,add_costar_profile_screenshot
Kavia Hotels,C,1,Mexico,AG Hotels,partial,import_only,false,https://aghotels.co.uk,add_costar_profile_screenshot
Mercantile Investment Corporation (Bolivia) S.A.,C,1,Bolivia,Mercan Group,partial,import_only,false,https://mercan.com,add_costar_profile_screenshot
K.C Hotels Pvt Ltd,C,1,Costa Rica,AG Hotels,partial,import_only,false,https://aghotels.co.uk,add_costar_profile_screenshot
Southern Palms Hotel Limited,C,1,Barbados,Palm Holdings,partial,import_only,false,https://palm-holdings.com,add_costar_profile_screenshot
G Hotels,C,1,Mexico,Milling Hotels,partial,import_only,false,https://millinghotels.dk,add_costar_profile_screenshot
Greentique Hotels,C,1,Costa Rica,AG Hotels,partial,import_only,false,https://aghotels.co.uk,add_costar_profile_screenshot
Banyan Tree Hotels & Resorts Pte. Ltd,C,1,Mexico,AG Hotels,partial,import_only,false,https://aghotels.co.uk,add_costar_profile_screenshot
Ocean Hotels Group,C,1,Barbados,AG Hotels,partial,import_only,false,https://aghotels.co.uk,add_costar_profile_screenshot
KSL Capital Partners,C,1,Saint-Barthélemy,KSL Capital Partners,exact,import_only,false,https://kslcapital.com,add_costar_profile_screenshot
Julio Osvaldo Dominguez,C,1,Paraguay,SV Group,partial,import_only,false,https://sv-group.ch,add_costar_profile_screenshot
Rede Fenix Hoteis,C,1,Brazil,Rede Fenix Hoteis,exact,import_only,false,https://fenixhoteis.com.br,add_costar_profile_screenshot
Owner 1: K-Group | Owner 2: FM Developments Ltd,C,1,Saint Vincent and the Grenadines,JMK Group,partial,import_only,false,,add_costar_profile_screenshot
Lia Hotels,C,1,Costa Rica,AG Hotels,partial,import_only,false,https://aghotels.co.uk,add_costar_profile_screenshot
SAS 369 DEGRES Hotels & Villas,C,1,Saint-Barthélemy,AG Hotels,partial,import_only,false,https://aghotels.co.uk,add_costar_profile_screenshot
Jonathon Kane,C,1,Aruba,Nath Inc.,partial,import_only,false,https://nathinc.com,add_costar_profile_screenshot
Aranwa Hotels Resorts & Spas,C,1,Costa Rica,AG Hotels,partial,import_only,false,https://aghotels.co.uk,add_costar_profile_screenshot
Iberia Hotels,C,1,Panama,AG Hotels,partial,import_only,false,https://aghotels.co.uk,add_costar_profile_screenshot
Bill & Renee Humphrey,C,1,Puerto Rico,L&R,partial,import_only,false,https://lrp.co.uk,add_costar_profile_screenshot
One Eleuthera Foundation,C,1,Bahamas,Foundation Group,partial,import_only,false,https://foundationgroup.co.uk,add_costar_profile_screenshot
Dreamers Welcome,C,1,Puerto Rico,"Welcome Group, Inc.",partial,import_only,false,https://welcomegroupinc.com,add_costar_profile_screenshot
Colibri Boutique Hotels,C,1,Nicaragua,AG Hotels,partial,import_only,false,https://aghotels.co.uk,add_costar_profile_screenshot
"Time Equities, Inc.",C,1,Anguilla,EQ Group,partial,import_only,false,https://eqgrp.com,add_costar_profile_screenshot
Amarla Hotels,C,1,Panama,AG Hotels,partial,import_only,false,https://aghotels.co.uk,add_costar_profile_screenshot
MJB Hotels,C,1,US Virgin Islands,AG Hotels,partial,import_only,false,https://aghotels.co.uk,add_costar_profile_screenshot
Select Small Hotels,C,1,Panama,AG Hotels,partial,import_only,false,https://aghotels.co.uk,add_costar_profile_screenshot
Owner 1: The Family Coppola | Owner 2: Bourbon Hotels & Resorts,C,1,Argentina,Bourbon Hotels & Resorts,exact,import_only,false,https://bourbon.com.br,add_costar_profile_screenshot
Louis Bacon,C,1,Panama,Louis Group,partial,import_only,false,https://louishotels.com,add_costar_profile_screenshot