status,censusRecordId,censusName,directoryName,directoryBrandPropertyCode,matchConfidence,matchScore,matchReason,fieldsToApply,sourceUrl
unmatched_directory,,,Tru by Hilton Albany Airport,ALBATRU,none,51,No assignment above medium confidence (best: Website host + name similarity; website host match),,https://www.hilton.com/en/locations/tru-by-hilton/
unmatched_directory,,,Tru by Hilton Albany Crossgates Mall,ALBUURU,none,44,No assignment above medium confidence (best: Website host + name similarity; website host match),,https://www.hilton.com/en/locations/tru-by-hilton/
unmatched_directory,,,Tru by Hilton Amarillo West,AMATXRU,none,48,No assignment above medium confidence (best: Website host + name similarity; website host match),,https://www.hilton.com/en/locations/usa/tru-by-hilton/
no_changes,recXxX3Lpml1MSRic,Tru by Hilton Cali Sur,Tru by Hilton Ankeny,DSMSMRU,high,48,Website host + name similarity; website host match,,https://www.hilton.com/en/hotels/dsmsmru-tru-ankeny/
unmatched_directory,,,Tru By Hilton Audubon Valley Forge,PHLAVRU,none,44,No assignment above medium confidence (best: Website host + name similarity; website host match),,https://www.hilton.com/en/locations/tru-by-hilton/
unmatched_directory,,,Tru by Hilton Bac Giang City Centre,HANBGRU,none,44,No assignment above medium confidence (best: Website host + name similarity; website host match),,https://www.hilton.com/en/locations/vietnam/tru-by-hilton/
unmatched_directory,,,"Tru by Hilton Bracebridge, ON",YQARARU,none,48,No assignment above medium confidence (best: Website host + name similarity; website host match),,https://www.hilton.com/en/locations/canada/tru-by-hilton/
unmatched_directory,,,Tru by Hilton Brockton,BOSBKRU,none,53,No assignment above medium confidence (best: Website host + name similarity; website host match),,https://www.hilton.com/en/locations/tru-by-hilton/
unmatched_directory,,,Tru by Hilton Brooklyn,JFKIBRU,none,53,No assignment above medium confidence (best: Website host + name similarity; website host match),,https://www.hilton.com/en/locations/tru-by-hilton/
unmatched_directory,,,Tru by Hilton Buon Ma Thuot City Centre,BMVBMRU,none,42,No assignment above medium confidence (best: Website host + name similarity; website host match),,https://www.hilton.com/en/locations/vietnam/tru-by-hilton/
unmatched_directory,,,Tru by Hilton Burlington,PHLMRRU,none,53,No assignment above medium confidence (best: Website host + name similarity; website host match),,https://www.hilton.com/en/locations/tru-by-hilton/
no_changes,recUCjevWreNAb1eW,Tru by Hilton Cali Sur,Tru by Hilton Cali Sur,CLOUDRU,high,98,ctyhocn in census Website URL,,https://www.hilton.com/en/hotels/cloudru-tru-cali-sur/
unmatched_directory,,,Tru by Hilton Can Tho Cai Khe,VCACTRU,none,41,No assignment above medium confidence (best: Website host + name similarity; website host match),,https://www.hilton.com/en/locations/vietnam/tru-by-hilton/
no_changes,rec8pDY7m9kotAqTp,Tru by Hilton Chapeco,Tru by Hilton Chapecó,XAPSCRU,high,98,ctyhocn in census Website URL,,https://www.hilton.com/en/hotels/xapscru-tru-chapeco/
unmatched_directory,,,Tru by Hilton Chesapeake Greenbrier,ORFCGRU,none,48,No assignment above medium confidence (best: Website host + name similarity; website host match),,https://www.hilton.com/en/locations/tru-by-hilton/
unmatched_directory,,,Tru by Hilton Cheyenne,CYSNDRU,none,53,No assignment above medium confidence (best: Website host + name similarity; website host match),,https://www.hilton.com/en/locations/usa/tru-by-hilton/
unmatched_directory,,,Tru by Hilton Chicopee Springfield,BDLRURU,none,48,No assignment above medium confidence (best: Website host + name similarity; website host match),,https://www.hilton.com/en/locations/tru-by-hilton/
no_changes,recOF9wBjNxmp2cLY,Tru by Hilton Chillan Ferrat,Tru by Hilton Chillan Ferrat,YAILLRU,high,98,ctyhocn in census Website URL,,https://www.hilton.com/en/hotels/yaillru-tru-chillan-ferrat/
no_changes,reccrgIzgwN619CSv,Tru Ciudad Valles,Tru by Hilton Ciudad Valles,SLPCVRU,high,98,ctyhocn in census Website URL,,https://www.hilton.com/en/hotels/slpcvru-tru-ciudad-valles/
unmatched_directory,,,Tru by Hilton Colorado Springs Airport,COSARRU,none,48,No assignment above medium confidence (best: Website host + name similarity; website host match),,https://www.hilton.com/en/locations/usa/tru-by-hilton/
unmatched_directory,,,Tru by Hilton Concord,CONDIRU,none,53,No assignment above medium confidence (best: Website host + name similarity; website host match),,https://www.hilton.com/en/locations/tru-by-hilton/
no_changes,recTwfH8I5m042F7j,Tru by Hilton Criciuma,Tru by Hilton Criciuma,CCMSCRU,high,98,ctyhocn in census Website URL,,https://www.hilton.com/en/hotels/ccmscru-tru-criciuma/
unmatched_directory,,,Tru by Hilton Da Nang City Centre,DADDYRU,none,44,No assignment above medium confidence (best: Website host + name similarity; website host match),,https://www.hilton.com/en/locations/vietnam/tru-by-hilton/
unmatched_directory,,,Tru by Hilton Denver,LNSRGRU,none,53,No assignment above medium confidence (best: Website host + name similarity; website host match),,https://www.hilton.com/en/locations/tru-by-hilton/
unmatched_directory,,,Tru by Hilton Denver Airport Tower Road,DENNYRU,none,44,No assignment above medium confidence (best: Website host + name similarity; website host match),,https://www.hilton.com/en/locations/usa/tru-by-hilton/
unmatched_directory,,,Tru by Hilton Denver Downtown Convention Center,DENCSRU,none,41,No assignment above medium confidence (best: Website host + name similarity; website host match),,https://www.hilton.com/en/locations/usa/tru-by-hilton/
unmatched_directory,,,Tru by Hilton Denver South Park Meadows,DENSPRU,none,41,No assignment above medium confidence (best: Website host + name similarity; website host match),,https://www.hilton.com/en/locations/usa/tru-by-hilton/
no_changes,recEtTKeEL8H8nChR,Tru by Hilton Palmerola Airport Comayaua,Tru by Hilton Distrito Palmerola,XPLAPRU,high,98,ctyhocn in census Website URL,,https://www.hilton.com/en/hotels/xplapru-tru-distrito-palmerola/
unmatched_directory,,,Tru by Hilton Easton,EWREARU,none,53,No assignment above medium confidence (best: Website host + name similarity; website host match),,https://www.hilton.com/en/locations/tru-by-hilton/
unmatched_directory,,,Tru by Hilton Edmonton Windermere,YEGWMRU,none,48,No assignment above medium confidence (best: Website host + name similarity; website host match),,https://www.hilton.com/en/locations/canada/tru-by-hilton/
unmatched_directory,,,"Tru by Hilton Gananoque, ON",YGKCARU,none,48,No assignment above medium confidence (best: Website host + name similarity; website host match),,https://www.hilton.com/en/locations/canada/tru-by-hilton/
unmatched_directory,,,Tru by Hilton Georgetown,GEDITRU,none,53,No assignment above medium confidence (best: Website host + name similarity; website host match),,https://www.hilton.com/en/locations/tru-by-hilton/
unmatched_directory,,,Tru by Hilton Grimes Des Moines,DSMGSRU,none,44,No assignment above medium confidence (best: Website host + name similarity; website host match),,https://www.hilton.com/en/locations/usa/tru-by-hilton/
unmatched_directory,,,Tru by Hilton Ha Long Hon Gai Centre,VDORURU,none,38,No assignment above medium confidence (best: Below match threshold; website host match),,https://www.hilton.com/en/locations/vietnam/tru-by-hilton/
unmatched_directory,,,Tru by Hilton Hanoi Station,HANDSRU,none,48,No assignment above medium confidence (best: Website host + name similarity; website host match),,https://www.hilton.com/en/locations/vietnam/tru-by-hilton/
unmatched_directory,,,Tru by Hilton Hau Giang City Centre,VKGVTRU,none,44,No assignment above medium confidence (best: Website host + name similarity; website host match),,https://www.hilton.com/en/locations/vietnam/tru-by-hilton/
unmatched_directory,,,Tru by Hilton Hoa Binh City Centre,HANHBRU,none,44,No assignment above medium confidence (best: Website host + name similarity; website host match),,https://www.hilton.com/en/locations/vietnam/tru-by-hilton/
unmatched_directory,,,Tru by Hilton Kansas City Airport,MKCSBRU,none,59,No assignment above medium confidence (best: Website host + name similarity; website host match),,https://www.hilton.com/en/locations/usa/tru-by-hilton/
unmatched_directory,,,Tru By Hilton Kearney,EARTHRU,none,53,No assignment above medium confidence (best: Website host + name similarity; website host match),,https://www.hilton.com/en/locations/usa/tru-by-hilton/
unmatched_directory,,,Tru by Hilton Lancaster East,LNSRURU,none,48,No assignment above medium confidence (best: Website host + name similarity; website host match),,https://www.hilton.com/en/locations/tru-by-hilton/
unmatched_directory,,,Tru by Hilton Lang Son City Centre,HANVPRU,none,44,No assignment above medium confidence (best: Website host + name similarity; website host match),,https://www.hilton.com/en/locations/vietnam/tru-by-hilton/
unmatched_directory,,,Tru by Hilton Lao Cai City Riverside,HANCLRU,none,44,No assignment above medium confidence (best: Website host + name similarity; website host match),,https://www.hilton.com/en/locations/vietnam/tru-by-hilton/
unmatched_directory,,,Tru by Hilton Lawrence,LWCNERU,none,53,No assignment above medium confidence (best: Website host + name similarity; website host match),,https://www.hilton.com/en/locations/usa/tru-by-hilton/
unmatched_directory,,,Tru by Hilton Liberty Kansas City,MCILBRU,none,48,No assignment above medium confidence (best: Website host + name similarity; website host match),,https://www.hilton.com/en/locations/usa/tru-by-hilton/
unmatched_directory,,,Tru by Hilton Lincoln East,LNKLTRU,none,48,No assignment above medium confidence (best: Website host + name similarity; website host match),,https://www.hilton.com/en/locations/usa/tru-by-hilton/
unmatched_directory,,,Tru by Hilton Manchester Downtown,MHTRURU,none,48,No assignment above medium confidence (best: Website host + name similarity; website host match),,https://www.hilton.com/en/locations/tru-by-hilton/
no_changes,recKkdhP9oGovUSZP,Tru by Hilton Mexico City Airport,Tru by Hilton Mexico City Airport,MEXPERU,high,98,ctyhocn in census Website URL,,https://www.hilton.com/en/hotels/mexperu-tru-mexico-city-airport/
unmatched_directory,,,Tru by Hilton Middletown,LGAMTRU,none,53,No assignment above medium confidence (best: Website host + name similarity; website host match),,https://www.hilton.com/en/locations/tru-by-hilton/
unmatched_directory,,,Tru by Hilton Milton,YYZOMRU,none,53,No assignment above medium confidence (best: Website host + name similarity; website host match),,https://www.hilton.com/en/locations/canada/tru-by-hilton/
no_changes,recv7oiw7f6fX8SOj,Tru by Hilton Monterrey Fundidora,Tru by Hilton Monterrey Fundidora,MTYMARU,high,98,ctyhocn in census Website URL,,https://www.hilton.com/en/hotels/mtymaru-tru-monterrey-fundidora/
unmatched_directory,,,Tru by Hilton Montreal centre-ville,YULLARU,none,48,No assignment above medium confidence (best: Website host + name similarity; website host match),,https://www.hilton.com/en/locations/canada/tru-by-hilton/
unmatched_directory,,,Tru by Hilton Nam Dinh City Centre,VDHTHRU,none,44,No assignment above medium confidence (best: Website host + name similarity; website host match),,https://www.hilton.com/en/locations/vietnam/tru-by-hilton/
unmatched_directory,,,Tru by Hilton Napanee,XIFIXRU,none,53,No assignment above medium confidence (best: Website host + name similarity; website host match),,https://www.hilton.com/en/locations/canada/tru-by-hilton/
unmatched_directory,,,Tru by Hilton Norfolk Airport,ORFRURU,none,51,No assignment above medium confidence (best: Website host + name similarity; website host match),,https://www.hilton.com/en/locations/tru-by-hilton/
unmatched_directory,,,Tru by Hilton North Platte,LBFRURU,none,48,No assignment above medium confidence (best: Website host + name similarity; website host match),,https://www.hilton.com/en/locations/usa/tru-by-hilton/
unmatched_directory,,,Tru by Hilton Norwalk Des Moines,DSMIARU,none,44,No assignment above medium confidence (best: Website host + name similarity; website host match),,https://www.hilton.com/en/locations/usa/tru-by-hilton/
unmatched_directory,,,Tru by Hilton Ocean City Bayside,SBYCHRU,none,48,No assignment above medium confidence (best: Website host + name similarity; website host match),,https://www.hilton.com/en/locations/tru-by-hilton/
unmatched_directory,,,Tru by Hilton Oklahoma City Airport,OKCJWRU,none,59,No assignment above medium confidence (best: Website host + name similarity; website host match),,https://www.hilton.com/en/locations/usa/tru-by-hilton/
unmatched_directory,,,Tru by Hilton Oklahoma City NW Expressway,OKCRURU,none,44,No assignment above medium confidence (best: Website host + name similarity; website host match),,https://www.hilton.com/en/locations/usa/tru-by-hilton/
unmatched_directory,,,Tru by Hilton Omaha I-80 at 72nd Street,OMASSRU,none,38,No assignment above medium confidence (best: Below match threshold; website host match),,https://www.hilton.com/en/locations/usa/tru-by-hilton/
unmatched_directory,,,Tru by Hilton Oshawa,YOOSHRU,none,53,No assignment above medium confidence (best: Website host + name similarity; website host match),,https://www.hilton.com/en/locations/canada/tru-by-hilton/
unmatched_directory,,,Tru by Hilton Portland Airport Area,PWMRURU,none,48,No assignment above medium confidence (best: Website host + name similarity; website host match),,https://www.hilton.com/en/locations/tru-by-hilton/
no_changes,rec1YhkKq136V8ylI,Tru by Hilton Puebla Angelopolis,Tru by Hilton Puebla Angelopolis,PBCAGRU,high,98,ctyhocn in census Website URL,,https://www.hilton.com/en/hotels/pbcagru-tru-puebla-angelopolis/
unmatched_directory,,,Tru by Hilton Saltillo,SLWRURU,none,58,No assignment above medium confidence (best: Website host + name similarity; website host match),,https://www.hilton.com/en/locations/mexico/tru-by-hilton/
unmatched_directory,,,Tru by Hilton Tahlequah,XNAOKRU,none,53,No assignment above medium confidence (best: Website host + name similarity; website host match),,https://www.hilton.com/en/locations/usa/tru-by-hilton/
unmatched_directory,,,Tru by Hilton Tam Ky City Centre,TMKTKRU,none,44,No assignment above medium confidence (best: Website host + name similarity; website host match),,https://www.hilton.com/en/locations/vietnam/tru-by-hilton/
unmatched_directory,,,Tru by Hilton Thai Binh City Centre,VDHRURU,none,44,No assignment above medium confidence (best: Website host + name similarity; website host match),,https://www.hilton.com/en/locations/vietnam/tru-by-hilton/
unmatched_directory,,,Tru by Hilton Toronto Airport West,YTOPCRU,none,48,No assignment above medium confidence (best: Website host + name similarity; website host match),,https://www.hilton.com/en/locations/canada/tru-by-hilton/
unmatched_directory,,,Tru by Hilton Viet Tri City Centre,HANVTRU,none,44,No assignment above medium confidence (best: Website host + name similarity; website host match),,https://www.hilton.com/en/locations/vietnam/tru-by-hilton/
unmatched_directory,,,Tru by Hilton Wichita Northeast,MCIWIRU,none,48,No assignment above medium confidence (best: Website host + name similarity; website host match),,https://www.hilton.com/en/locations/usa/tru-by-hilton/
unmatched_directory,,,Tru by Hilton Yarmouth,YSJNVRU,none,53,No assignment above medium confidence (best: Website host + name similarity; website host match),,https://www.hilton.com/en/locations/canada/tru-by-hilton/
