recordId,name,fields
rec0ASKS5YOZBYYnc,"Hilton Garden Inn Lima Miraflores",Year Affiliated
rec0CaettSIncDMg7,"Hilton Garden Inn Queretaro",Year Affiliated
rec0Dy7kkF5Wi8HTD,"Hilton Garden Inn  Merida",Year Affiliated
rec0MLxIzT3tmzOCH,"Hilton Garden Inn Santiago del Estero",Year Affiliated
rec0bJzOb120B2jEc,"DoubleTree by Hilton Bogota Salitre AR",Year Affiliated
rec0fJMjqu1N2aMyL,"Hampton Inn by Hilton San Luis Potosi",Year Affiliated
rec172h7kVbwOoUwD,"Hilton Garden Inn Guanacaste Airport",Year Affiliated
rec1Ri5x70QWk214j,"Hampton by Hilton Inn & Suites Aguascalientes",Year Affiliated
rec2UDYReyg9GnzRF,"Curio Collection by Hilton Villa Mercedes Merida",Year Affiliated
rec2V2gwJBUAKxHNl,"Hilton San Jose La Sabana",Year Affiliated
rec34iQ7sh5NarWcu,"Motto by Hilton Tulum",Year Affiliated
rec3NhNLYI09P1AQp,"Hilton Bogota",Year Affiliated
rec3SDNEVxMCJaBpG,"Hilton Garden Inn Panama City Downtown",Year Affiliated
rec3vrNUkunH7SNJE,"Hilton Vacation Club Royal Palm St. Maarten",Year Affiliated
rec4GHCdHmpcC79jZ,"Hilton Buenos Aires",Year Affiliated
rec4Tk1N3YVhZQu4L,"DoubleTree by Hilton Hotel Mexico City Santa Fe",Year Affiliated
rec4aiFJ2Dr5F6Za7,"Hilton Garden Inn Cusco",Year Affiliated
rec4bSVPjrcRfLaSk,"DoubleTree by Hilton Porto Alegre",Year Affiliated
rec4fpErb1WQoRS8N,"DoubleTree by Hilton Toluca",Year Affiliated
rec562J8v78iMgqzm,"Hampton by Hilton Quito La Carolina Park",Year Affiliated
rec57iPzFuI4WlxX4,"MM Grand Hotel Puebla Tapestry Collection by Hilton",Year Affiliated
rec5SGZRRc8oxXlA4,"Hilton Mexico City Airport",Year Affiliated
rec5ZeC5ePemI0ICJ,"Hampton Inn & Suites San Juan",Year Affiliated
rec638CLFce8kSs5U,"Hilton Garden Inn Barranquilla",Year Affiliated
rec6DU7Vnnwe4o2Dg,"Hilton Guatemala City",Year Affiliated
rec6IKyhTX11kxg85,"DoubleTree by Hilton Guadalajara Centro Historico",Year Affiliated
rec6xKwS2m883xRvS,"DoubleTree by Hilton Hotel Bogota - Parque 93",Year Affiliated
rec6yiFUq0xKltqep,"DoubleTree by Hilton Hotel Veracruz",Year Affiliated
rec6zMMmwLfjmlfEO,"Hampton Inn By Hilton Celaya",Year Affiliated
rec71jiVyb94eVTld,"Curio Collection by Hilton Umbral",Year Affiliated
rec8Kr5nKdrODSdDp,"DoubleTree by Hilton Lima Miraflores El Pardo",Year Affiliated
rec8e4a1RMy7muxB4,"Anselmo Buenos Aires Curio Collection by Hilton",Year Affiliated
rec8uWx53Dakcvi4g,"Hampton  Inn Tampico Zona Dorado",Year Affiliated
rec96plFVfoYeneLz,"Hilton Colon Quito",Year Affiliated
rec9Al5t6gO9kVHCs,"Hilton Los Cabos",Year Affiliated
rec9VcZKSpVYy4oNl,"Hilton Bogota Corferias Convention Center",Year Affiliated
rec9XJgqnvFHMYGLp,"Hampton by Hilton Yopal",Year Affiliated
rec9XpDuhx43nBfaJ,"Hilton Garden Inn Mexico City Santa Fe",Year Affiliated
rec9k2MAtZgYtOVwr,"Hilton Princess Managua Hotel",Year Affiliated
recA5iV9LnMwc7WKq,"The Condado Plaza Hotel",Year Affiliated
recACse1lXEo5YfOm,"Hilton Garden Inn Neuquen",Year Affiliated
recAh0HQ4Sbdcv7o8,"Hilton Barbados Resort",Year Affiliated
recAqIScZSS3ODiLy,"Hampton by Hilton Guanacaste Airport",Year Affiliated
recAvnmqhNiLe9Dje,"Hampton by Hilton Aquascalientes Downtown",Year Affiliated
recBHX1fen6yZdszr,"Hilton Aruba Caribbean Resort & Casino",Year Affiliated
recBSuHKa4UvKUqWz,"Hampton By Hilton Cucuta",Year Affiliated
recBfbbeqXK3wjjZ4,"Hampton by Hilton Lima San Isidro",Year Affiliated
recC6qFaLB7nxLHYq,"Indura Beach & Golf Resort Curio Collection by Hilton",Year Affiliated
recCiXwlYCRqfwQQ9,"Waldorf Astoria Panama",Year Affiliated
recCkYA0ekcf5em5y,"Hilton Lima Miraflores",Year Affiliated
recD4imobkpgspDzi,"Homewood Suites by Hilton Monterrey Apodaca",Year Affiliated
recDX8Zqkt2bDhkxN,"ROK Hotel Kingston Tapestry Collection",Year Affiliated
recERTGHghwfg4Dt5,"Hilton La Romana, an All-Inclusive Family Resort",Year Affiliated
recEewQZ45Wk5R2B2,"Suryaa Hotel Pinhais, Curio Collection by Hilton",Year Affiliated
recEmM5TdgFEuwdSz,"Hilton Ponce Golf & Casino Resort",Year Affiliated
recG4fIejQRdfUNIm,"Hampton by Hilton David",Year Affiliated
recG73uBQmLiKArxc,"Hilton Mexico City Reforma",Year Affiliated
recHVAuSZvmUQqhwS,"Qoya Hotel Curitiba Curio Collection by Hilton",Year Affiliated
recHW8s0LxvTsj8IM,"Hampton by Hilton Veracruz Boca del Rio",Year Affiliated
recHZPjQu2cQgmpcH,"Hilton Cancun Mar Caribe All-Inclusive Resort",Year Affiliated
recHaanBcqWQf53lj,"Conrad Punta de Mita",Year Affiliated
recHf518OTVZAsLx8,"Yoo2 Rio De Janeiro Tapestry Collection by Hilton",Year Affiliated
recHyaG9te4fPpluU,"Hilton Garden Inn Sao Paulo Reboucas",Year Affiliated
recI0diSXPicHUwUb,"Qoya Hotel Sao Paulo Curio Collection by Hilton",Year Affiliated
recI0ph2ROBhNtbNI,"Hilton Santa Marta",Year Affiliated
recIIEmPEt8TEKnuP,"Hampton Inn & Suites by Hilton Puebla",Year Affiliated
recIKOxkqgylexSGR,"DoubleTree by Hilton Mazatlan",Year Affiliated
recISiWotp1bPKI4G,"Albor San Miguel de Allende Tapestry Collection by Hilton",Year Affiliated
recInxyXFObfxFmA2,"Hampton by Hilton Inn & Suites Salamanca Bajio",Year Affiliated
recIuvAEBxEeh1haG,"Hampton by Hilton Guarulhos Aeroporto",Year Affiliated
recJWTzga4iCeOwia,"Curio Collection by Hilton Harbor Club St Lucia",Year Affiliated
recJjQfZSf8IAso1A,"Homewood Suites by Hilton Queretaro",Year Affiliated
recJsK3w0b6dHSTXj,"Hilton Garden Inn Chihuahua",Year Affiliated
recK7HUdZD07gIqMF,"Embassy Suites by Hilton Bogota Rosales",Year Affiliated
recK9uYKwUdM8hEVR,"Hampton Inn by Hilton Nuevo Vallarta",Year Affiliated
recKKU7o2QlPqaSCe,"DoubleTree by Hilton Santiago Kennedy",Year Affiliated
recKSKfFK4qyFdsoz,"DoubleTree by Hilton Managua",Year Affiliated
recKuSgfGpKNKEo8N,"Hilton Garden Inn Cali Ciudad Junction",Year Affiliated
recL3oxie0vNdasoG,"Hampton Inn by Hilton Guadalajara/Expo",Year Affiliated
recL5AUBNnGkFGgrM,"Hilton Mendoza",Year Affiliated
recL9yu9QiYlZPwMg,"Hampton by Hilton Inn Silao-Aeropuerto Bajio",Year Affiliated
recLQoyNuoJL6CbjB,"Embassy Suites by Hilton San Juan Hotel & Casino",Year Affiliated
recLzQMo7RhA0u1gJ,"Hilton Mexico City Santa Fe",Year Affiliated
recM0yKCzuvWNXEIo,"Embassy Suites by Hilton Aruba Resort",Year Affiliated
recMoTgleA4ooYcJa,"Hilton Barra Rio De Janeiro",Year Affiliated
recNP2jHW1fVPY85A,"The Rif at Mangrove Beach Corendon Curacao All-Inclusive Curio by Hilton",Year Affiliated
recNP4X6l4mQKq3SU,"Hilton Garden Inn Santo Andre",Year Affiliated
recNmYAApqJk2Z9AJ,"Hampton by Hilton Cartagena",Year Affiliated
recO0tYz62oDVOjW4,"Embassy Suites by Hilton Dorado Del Mar Beach Resort",Year Affiliated
recO8UEivz9QgCKwd,"Hilton Garden Inn Salamanca",Year Affiliated
recOIDGuz5GkN50j1,"Hilton Garden Inn Tucuman",Year Affiliated
recP4HW9GeBifcrDu,"Hilton Garden Inn Monterrey Airport",Year Affiliated
recPH5LiNI6mJ0C6Z,"Hampton by Hilton Bogota Usaquen",Year Affiliated
recQ5SlL6FCVfRa8z,"Canopy by Hilton Sao Paulo Jardins",Year Affiliated
recRwIdA4l429nWnN,"Hampton Inn Irapuato",Year Affiliated
recSTvtsdrlB4tzsA,"DoubleTree by Hilton Hotel Cariari San Jose",Year Affiliated
recT6BHrfZMM7g5f9,"Hilton San Salvador",Year Affiliated
recTNEARTDZMpglqw,"Hampton Inn & Suites Mexico City - Centro Historico",Year Affiliated
recTVMMcf8DcRXLi5,"Hilton Garden Inn Sao Jose do Rio Preto",Year Affiliated
recTh8yjp8TKdigcP,"Hampton by Hilton Barranquilla",Year Affiliated
recTjYJPhwL821Sxl,"Mahogany Bay Resort & Beach Club Curio Collection by Hilton",Year Affiliated
recTwfH8I5m042F7j,"Tru by Hilton Criciuma",Year Affiliated
recU3UNBEZPtrETuz,"Hilton Pilar",Year Affiliated
recUfTgFSZ5sPh5PN,"Hampton Inn by Hilton Queretaro Tecnologico",Year Affiliated
recUpdB7gyQPf7Ncp,"Hampton by Hilton Bariloche",Year Affiliated
recVkD7AvbN5HFiep,"Hilton Garden Inn Santa Ana San Jose",Year Affiliated
recW4v8SI56tuzgTZ,"Hilton Princess San Pedro Sula",Year Affiliated
recW6b1Ka8EAtiFkt,"Hilton Garden Inn Tuxtla Gutierrez",Year Affiliated
recWEUUJs8nUqEO93,"DoubleTree by Hilton Buenos Aires",Year Affiliated
recWYEaasdglayvsS,"Hilton Garden Inn Itajai Praia Brava",Year Affiliated
recXxX3Lpml1MSRic,"Tru by Hilton Cali Sur",Year Affiliated
recY4B8n5czlpTJuw,"Hampton Inn by Hilton Tampico Aeropuerto",Year Affiliated
recYKdA0XOm6RpkLs,"Almenat Embu das Artes Sao Paulo Tapestry Collection by Hilton",Year Affiliated
recYMJkXlhXlgKzuS,"Salvio Parque 93 Bogota Curio Collection by Hilton",Year Affiliated
recYrcf8HpJcNOqki,"Ola Santiago Providencia Tapestry Collection by Hilton",Year Affiliated
recZ00RNzg2wdr51M,"Hampton by Hilton Grand Cayman Seven Mile Beach",Year Affiliated
recZ0XRAtXv7Qy11w,"Hilton Cartagena",Year Affiliated;Open Date
recZ85139KQRXwdmA,"Hilton Garden Inn Belo Horizonte",Year Affiliated
recZMExPQYHr6kHxO,"Canopy by Hilton Cancun La Isla",Year Affiliated
recZUCo7AVnTGfDBC,"Hilton Garden Inn La Romana",Year Affiliated
recZY8fmuGXQd3DxN,"Koi Resort Saint Kitts Curio Collection by Hilton",Year Affiliated
recZoafahfTVVw3Sd,"DoubleTree By Hilton Hotel Iquitos",Year Affiliated
recZt66WxPF4ZyobF,"DoubleTree by Hilton Sao Paulo Itaim",Year Affiliated
recaVvZSMGbd1rHpU,"Hilton Garden Inn Silao Aeropuerto Bajio",Year Affiliated
recakpiy3h4GVib7S,"The Fives Downtown Hotel & Residences Curio Collection by Hilton",Year Affiliated
recbKqG7onY9CGh38,"Hampton by Hilton Santo Domingo Airport",Year Affiliated
recbVuvzXs4Ql6eVS,"Hilton Garden Inn Iquique",Year Affiliated
recbdedl2JBYhgHJY,"Hampton by Hilton Santiago Las Condes",Year Affiliated
recbwfCdvb9eM7QXh,"Hilton Garden Inn Cancun Airport",Year Affiliated
recchfm6iGfZQvmTV,"Hilton Porto Alegre",Year Affiliated
reccnr9ls6vsNqeTl,"Hampton by Hilton Montevideo Carrasco",Year Affiliated
recdorwekj2x6vT8s,"Motto by Hilton Cusco",Year Affiliated
recdvilqvKRr4ZdBv,"Hampton by Hilton Medellin",Year Affiliated
rece70okrjADMQLlJ,"Hilton Queretaro",Year Affiliated
recgDZkiRysKvgCMz,"Hampton by Hilton San Jose Airport",Year Affiliated
recgIjT7jiohm6Qgm,"Caribe Hilton",Year Affiliated
recgikCWhrvjTV7X2,"DoubleTree by Hilton Hotel San Juan Puerto Rico",Year Affiliated
recgr76Mtrt0ocudg,"Waldorf Astoria Los Cabos Pedregal",Year Affiliated
rechQ0MeFN0eQjDkl,"Palacio Provincial San Juan Curio Collection by Hilton",Year Affiliated
rechTFNeAAYgr9mms,"Hyatt Vivid Playa del Carmen",Year Affiliated
rechcNXNRIUaRNE8V,"DoubleTree by Hilton Trujillo",Year Affiliated
reci3EBLJU1VCdyvA,"Hilton Garden Inn Santiago Airport",Year Affiliated
reciBq33l2r5v3dTG,"Homewood Suites by Hilton Santo Domingo",Year Affiliated
reciEMhEl62tszmhZ,"Hilton Garden Inn Lima Surco",Year Affiliated
recjJtNESmG0lxTdu,"Hilton Rio de Janeiro Copacabana",Year Affiliated
recjVB7A0jclbqsis,"Hampton by Hilton Arequipa",Year Affiliated
recjoG2WljFKbuh26,"Condado Palm Inn San Juan Tapestry Collection by Hilton",Year Affiliated
recjqOzoMxEjYNP2k,"Hampton  Inn Ciudad Victoria",Year Affiliated
recjvQh52k0iRrhYL,"Hampton By Hilton Bogota Airport",Year Affiliated
reck0OX02AXOCxrxh,"Hilton at Resorts World Bimini",Year Affiliated
reck3mcnNoBHtzN83,"Hilton San Luis Potosi",Year Affiliated
reck4i7JuuTqy8hPt,"Hilton Garden Inn Guatemala City",Year Affiliated
reckMQcc7aIuXXn2B,"Hilton Colon Guayaquil",Year Affiliated
reckRoTLLalQbN4Dt,"Hilton Sao Paulo Morumbi",Year Affiliated
reckvgWP2CZlqOAf1,"Hampton  Inn San Juan Del Rio",Year Affiliated
recmFSGlsmUfjjfVN,"Hilton Garden Inn Maceio",Year Affiliated
recn6Dia9FIlxvFKl,"The Yucatan Playa del Carmen Tapestry Collection by Hilton",Year Affiliated
recn8YF4gllYW9ijZ,"Hilton Garden Inn San Jose La Sabana",Year Affiliated
recnScFPB3hSmdxjR,"Hilton Garden Inn Montevideo",Year Affiliated
recnePczxISckoGX9,"Conrad Tulum Riviera Maya",Year Affiliated
recns9k9Wnvl3gHNU,"Hampton by Hilton Antofagasta",Year Affiliated
reco6uZTYF8hdpjjJ,"Hampton by Hilton Panama",Year Affiliated
recofgevY6v7A3j3e,"Hampton Inn by Hilton Guadalajara Airport",Year Affiliated
recogOWwY4RqoMW7u,"LXR Hotels & Resorts Zemi Beach House",Year Affiliated
recp3BuHUFzFeCNd5,"Hilton Trinidad & Conference Centre",Year Affiliated
recpFa441YMotl8Lw,"DoubleTree by Hilton Celaya",Year Affiliated
recpRSWB5yXwXdyHG,"Hilton Guadalajara Midtown",Year Affiliated
recpSXUiBJyCS9ESu,"DoubleTree by Hilton Guayaquil",Year Affiliated
recphttl3lgozk9Gj,"Hampton by Hilton Cali Colombia",Year Affiliated
recpvs4LwBMc0GKNZ,"Hampton Inn by Hilton Reynosa/Zona Industrial",Year Affiliated
recpyBukrc5Pmffok,"Curio Collection by Hilton Mangrove Beach Corendon Curacao All-Inclusive Resort",Year Affiliated
recq8Rg8upSJf92vL,"Hilton Garden Inn Boca Del Rio Veracruz",Year Affiliated
recqOCUeRMrh06nef,"Hilton Monterrey",Year Affiliated
recqW4g4LGNvnovrq,"Hampton Inn by Hilton Leon Guanajuato",Year Affiliated
recr2wc8oBpm46jWj,"DoubleTree by Hilton Foz do Iguacu Brazil",Year Affiliated
recrHckQP55XZ9T9G,"Hampton Inn by Hilton Chihuahua City",Year Affiliated
recrQn2SaH08gIknY,"Hilton Garden Inn Bogota Airport",Year Affiliated
recrVkCsIjx0hjr3K,"Dreams Rose Hall Resort & Spa",Year Affiliated
recrikOk2m2grKJv9,"Royal Palm Galapagos Curio Collection by Hilton",Year Affiliated
recrp3O4pJkbNDl4Q,"MS Milenium Monterrey Curio Collection by Hilton",Year Affiliated
recrt0BVRIc581hh9,"Hampton by Hilton Valledupar",Year Affiliated
recsfdgt5QDnDJNO4,"Hampton by Hilton Santa Cruz/Equipetrol Bolivia",Year Affiliated
rectQ1CDJUMv5xNJ9,"Hilton Vallarta Riviera All Inclusive Resort",Year Affiliated
rectfK5qimGPYc6Re,"Hilton La Romana, an All-Inclusive Adult Only Resort",Year Affiliated
rectoi6KxnMR0guvX,"Gran Hotel Costa Rica Curio Collection by Hilton",Year Affiliated
recu51JABui6zulIr,"Botanika Osa Peninsula Resort Curio Collection by Hilton",Year Affiliated
recuWLICx9WtOrSvh,"Hilton Garden Inn Monterrey Obispado",Year Affiliated
recunKuZvWFIcaTEx,"Hampton by Hilton Bucaramanga",Year Affiliated
recuzI4Vhe1Mu1pjQ,"Embassy Suites by Hilton Santo Domingo",Year Affiliated
recv0t7j79fnXdXlR,"Hilton Panama",Year Affiliated
recv7oiw7f6fX8SOj,"Tru by Hilton Monterrey Fundidora",Year Affiliated
recvFI0CWUThIwUTS,"Hilton Garden Inn Leon Poliforum",Year Affiliated
recvQ61LspBBZxM0t,"DoubleTree by Hilton Lima San Isidro",Year Affiliated
recvRQ6pgTaVqXr6y,"Hilton Garden Inn San Jose Airport City Mall",Year Affiliated
recvrtZoFJjmDZqun,"Hilton Garden Inn San Juan Condado",Year Affiliated
recwszIyvIDDuaFgC,"Hampton  Inn Zacatecas",Year Affiliated
recx0OvNOBmyS6SUP,"Fiesta Inn Express Cancun Cumbres",Year Affiliated
recx3WgeBGaGsx0Ee,"Hilton Cancun Resort",Year Affiliated
recxCNeu71Xyy8xhY,"DoubleTree by Hilton Hotel Queretaro",Year Affiliated
recxriaGzhdw0HAyb,"Waldorf Astoria Cancun",Year Affiliated
recxwqV4cQPaaT3T0,"Hilton Garden Inn Santa Marta",Year Affiliated
recyYi9T5S2WCoFoV,"Hampton Inn by Hilton Monterrey/Galerias-Obispado",Year Affiliated
recylWxkvo9yFTDJj,"DoubleTree by Hilton Hotel Santiago - Vitacura",Year Affiliated
recypLLe3st6SJl0s,"Nacar Hotel Cartagena Curio Collection",Year Affiliated
recyq7cHeUFqDjPLs,"SORO Montevideo Curio Collection by Hilton",Year Affiliated
recysCtTLGnftfwni,"Hilton Garden Inn Aguascalientes",Year Affiliated
recz39d2LktlKidzz,"Hilton Tulum Riviera Maya All-Inclusive",Year Affiliated
recz4rePhwtGzaTzr,"Hualta Hotel Mendoza Curio Collection by Hilton",Year Affiliated
reczdjyhPCOlyIHgw,"Hilton Garden Inn Puebla Angelopolis",Year Affiliated
reczeUpJMc6uiCfGw,"Hilton Garden Inn Guadalajara Airport",Year Affiliated
