verdict,censusRecordId,censusName,hiltonName,ctyhocn,censusStatus,hiltonStatus,hiltonOpenDate,city,country,affiliation
match,rec00NJhff5GN3n23,Motto by Hilton Guadalajara Centro Historico,Motto by Hilton Guadalajara Centro Historico,GDLCHUA,Pipeline,Pipeline,2026-06-23,Guadalajara,Mexico,Motto by Hilton
unverified_no_code,rec02E7xPBIQlPdqZ,Hilton Garden Inn Ica,,,Pipeline,,,Ica,Peru,Hilton Garden Inn
match,rec0ASKS5YOZBYYnc,Hilton Garden Inn Lima Miraflores,Hilton Garden Inn Lima Miraflores,LIMLMGI,Open,Open,2022-05-05,Lima,Peru,Hilton Garden Inn
match,rec0CaettSIncDMg7,Hilton Garden Inn Queretaro,Hilton Garden Inn Queretaro,QROPIGI,Open,Open,2012-12-12,Queretaro,Mexico,Hilton Garden Inn
unverified_graphql_error,rec0Dy7kkF5Wi8HTD,Hilton Garden Inn Merida,,MIDYUGI,Open,,,Mérida,Mexico,Hilton Garden Inn
match,rec0MLxIzT3tmzOCH,Hilton Garden Inn Santiago del Estero,Hilton Garden Inn Santiago del Estero,SDEGIGI,Open,Open,2021-10-15,Santiago del Estero,Argentina,Hilton Garden Inn
match,rec0bJzOb120B2jEc,DoubleTree by Hilton Bogota Salitre AR,DoubleTree by Hilton Bogota Salitre AR,BOGDTDT,Open,Open,2020-01-14,Bogota,Colombia,DoubleTree by Hilton
match,rec0fJMjqu1N2aMyL,Hampton Inn by Hilton San Luis Potosi,Hampton Inn by Hilton San Luis Potosi,SLPHXHX,Open,Open,2019-02-15,San Luis Potosi,Mexico,Hampton by Hilton
unverified_no_code,rec1024vvRUtp2ijt,Hampton by Hilton Trinidad Airport,,,Pipeline,,,Piarco,Trinidad and Tobago,Hampton by Hilton
unverified_no_code,rec11yRBgfLOIjnKl,Hampton by Hilton Lima Miraflores,,,Pipeline,,,Miraflores,Peru,Hampton by Hilton
match,rec172h7kVbwOoUwD,Hilton Garden Inn Guanacaste Airport,Hilton Garden Inn Guanacaste Airport,SJOLAGI,Open,Open,2008-11-17,Liberia,Costa Rica,Hilton Garden Inn
unverified_no_code,rec1DSy1rTE4oKgiF,"Bermudiana Beach Resort, a Tapestry Collection by Hilton",,,Pipeline,,,Warwick,Bermuda,Tapestry Collection by Hilton
unverified_no_code,rec1Q1mqhxAVQUEmh,Hilton Garden Inn Cartagena,,,Pipeline,,,Cartagena,Colombia,Hilton Garden Inn
match,rec1Ri5x70QWk214j,Hampton by Hilton Inn & Suites Aguascalientes,Hampton Inn & Suites by Hilton Aguascalientes Airport,AGUHXHX,Open,Open,2015-02-24,Aguascalientes,Mexico,Hampton by Hilton
unverified_no_code,rec1X6pphTLTJMsHw,"Atolon Hotel Cartagena Tierra Bomba, Curio Collection by Hilton",,,Pipeline,,,Cartagena,Colombia,Curio Collection by Hilton
match,rec1YhkKq136V8ylI,Tru by Hilton Puebla Angelopolis,Tru by Hilton Puebla Angelopolis,PBCAGRU,Open,Open,2026-01-08,San Andres Cholula,Mexico,Tru by Hilton
match,rec1eJREGASgjYWsE,Hampton Inn By Hilton Hermosillo,Hampton Inn by Hilton Hermosillo,HMORSHX,Open,Open,2014-11-25,Hermosillo,Mexico,Hampton by Hilton
match,rec2OwKL9doDU6wA6,Hampton Inn Ciudad Juarez,Hampton Inn by Hilton Ciudad Juárez,CDJMXHX,Open,Open,2005-05-11,Ciudad Juarez,Mexico,Hampton by Hilton
match,rec2UDYReyg9GnzRF,Curio Collection by Hilton Villa Mercedes Merida,"Villa Mercedes Merida, Curio Collection by Hilton",MIDVMQQ,Open,Open,2021-09-30,Merida,Mexico,Curio Collection by Hilton
match,rec2V2gwJBUAKxHNl,Hilton San Jose La Sabana,Hilton San Jose La Sabana,SJONAHH,Open,Open,2021-05-11,San Jose,Costa Rica,Hilton
match,rec2aR9iQWc4bmzm9,Hampton by Hilton San Juan City Center,Hampton by Hilton San Juan City Center,SJACCHX,Pipeline,Pipeline,2026-09-17,San Juan,Puerto Rico,Hampton by Hilton
unverified_no_code,rec2csqTgAXfQhBhp,Tru by Hilton San Juan Condado,,,Pipeline,,,San Juan,Puerto Rico,Tru by Hilton
match,rec2czX5DMGw8Ovmt,Hampton by Hilton Saltillo,Hampton by Hilton Saltillo,SLWHAHX,Open,Open,2002-03-06,Saltillo,Mexico,Hampton by Hilton
unverified_no_code,rec2rt7LWirHlEIrZ,"Cabos Resort Fajardo, Tapestry Collection by Hilton",,,Pipeline,,,Fajardo,Puerto Rico,Tapestry Collection by Hilton
match,rec30RgNl0ReqOtYx,Zemi Miches All-Inclusive Resort Curio Collection by Hilton,"Zemi Miches Punta Cana All-Inclusive Resort, Curio Collection by Hilton",PUJMIQQ,Open,Open,2025-06-17,Miches,Dominican Republic,Curio Collection by Hilton
match,rec34iQ7sh5NarWcu,Motto by Hilton Tulum,Motto by Hilton Tulum,CZMTUUA,Open,Open,2022-10-24,Tulum,Mexico,Motto by Hilton
match,rec3NhNLYI09P1AQp,Hilton Bogota,Hilton Bogota,BOGBCHH,Open,Open,2011-11-15,Bogota,Colombia,Hilton
match,rec3SDNEVxMCJaBpG,Hilton Garden Inn Panama City Downtown,Hilton Garden Inn Panama City Downtown,PTYDNGI,Open,Open,2023-12-13,Panama,Panama,Hilton Garden Inn
match,rec3WSuJfRfLW1rJb,Hampton by Hilton Guanacaste Airport,Hampton by Hilton Guanacaste Airport,LIRRAHX,Open,Open,2023-11-30,Liberia,Costa Rica,Hampton by Hilton
unverified_no_code,rec3jEROJWiq0YpZc,DoubleTree by Hilton Cote des Arcadins All-Inclusive Resort,,,Pipeline,,,Cote des Arcadins,Haiti,DoubleTree by Hilton
match,rec3vrNUkunH7SNJE,Hilton Vacation Club Royal Palm St. Maarten,Hilton Vacation Club Royal Palm St. Maarten,SXMROGV,Open,Open,2022-09-22,Philipsburg,Sint Maarten (Dutch part),Hilton Grand Vacations
match,rec4GHCdHmpcC79jZ,Hilton Buenos Aires,Hilton Buenos Aires,BUEHIHH,Open,Open,,Buenos Aires,Argentina,Hilton
match,rec4NKyjfJZBOZkYu,"Mahogany Bay Resort & Beach Club, Curio Collection by Hilton","Mahogany Bay Resort & Beach Club, Curio Collection by Hilton",TZAMBQQ,Open,Open,2017-12-06,San Pedro,Belize,Curio Collection by Hilton
match,rec4Tk1N3YVhZQu4L,DoubleTree by Hilton Hotel Mexico City Santa Fe,DoubleTree by Hilton Hotel México City Santa Fe,MEXSTDT,Open,Open,2016-12-01,Mexico City,Mexico,DoubleTree by Hilton
match,rec4aiFJ2Dr5F6Za7,Hilton Garden Inn Cusco,Hilton Garden Inn Cusco,CUZGIGI,Open,Open,2015-12-16,Cusco,Peru,Hilton Garden Inn
match,rec4bSVPjrcRfLaSk,DoubleTree by Hilton Porto Alegre,DoubleTree by Hilton Porto Alegre,POABRDT,Open,Open,2022-12-14,Porto Alegre,Brazil,DoubleTree by Hilton
match,rec4fpErb1WQoRS8N,DoubleTree by Hilton Toluca,DoubleTree by Hilton Toluca,TLCTLDT,Open,Open,2019-05-30,Toluca,Mexico,DoubleTree by Hilton
unverified_no_code,rec4iIjTgIygr2wmT,Tru by Hilton San Jose Airport,,,Pipeline,,,Río Segundo,Costa Rica,Tru by Hilton
match,rec562J8v78iMgqzm,Hampton by Hilton Quito La Carolina Park,Hampton by Hilton Quito La Carolina Park,UIOCMHX,Open,Open,2023-02-16,Quito,Ecuador,Hampton by Hilton
match,rec57iPzFuI4WlxX4,MM Grand Hotel Puebla Tapestry Collection by Hilton,"MM Grand Hotel Puebla, Tapestry Collection by Hilton",PBCMMUP,Open,Open,2019-12-05,Puebla,Mexico,Tapestry Collection by Hilton
unverified_no_code,rec59IKNo4tYbaRdQ,DoubleTree by Hilton Cote des Arcadins All-Inclusive Resort,,,Pipeline,,,Cote des Arcadins,Haiti,DoubleTree by Hilton
match,rec5SGZRRc8oxXlA4,Hilton Mexico City Airport,Hilton México City Airport,MEXAHHF,Open,Open,,Mexico City,Mexico,Hilton
match,rec5WGmqmEcgSJovQ,Hampton by Hilton Ponce,Hampton by Hilton Ponce,PSEPOHX,Pipeline,Pipeline,2027-03-20,Ponce,Puerto Rico,Hampton by Hilton
match,rec5ZeC5ePemI0ICJ,Hampton Inn & Suites San Juan,Hampton Inn & Suites San Juan,SJUHHHX,Open,Open,1997-11-24,Carolina,Puerto Rico,Hampton by Hilton
unverified_no_code,rec5jtMpYE4mJAnHc,"Zacatecas Centro Historico, Curio Collection by Hilton",,,Pipeline,,,Zacatecas,Mexico,Curio Collection by Hilton
match,rec638CLFce8kSs5U,Hilton Garden Inn Barranquilla,Hilton Garden Inn Barranquilla,BAQACGI,Open,Open,2014-09-30,Barranquilla,Colombia,Hilton Garden Inn
match,rec6DU7Vnnwe4o2Dg,Hilton Guatemala City,Hilton Guatemala City,GUALLHH,Open,Open,2018-10-16,Guatemala City,Guatemala,Hilton
match,rec6IKyhTX11kxg85,DoubleTree by Hilton Guadalajara Centro Historico,DoubleTree by Hilton Guadalajara Centro Historico,GDLDTDT,Open,Open,2020-12-01,Guadalajara,Mexico,DoubleTree by Hilton
match,rec6Lw0WaqlRdayrd,Hampton Inn by Hilton Ciudad Del Carmen Campeche,Hampton Inn by Hilton Ciudad del Carmen Campeche,CMEMXHX,Open,Open,2012-02-21,Ciudad Del Carmen,Mexico,Hampton by Hilton
match,rec6xKwS2m883xRvS,DoubleTree by Hilton Hotel Bogota - Parque 93,DoubleTree by Hilton Hotel Bogotá - Parque 93,BOGNTDT,Open,Open,2015-12-15,Bogota,Colombia,DoubleTree by Hilton
match,rec6yiFUq0xKltqep,DoubleTree by Hilton Hotel Veracruz,DoubleTree by Hilton Hotel Veracruz,VERMADT,Open,Open,2016-06-28,Veracruz,Mexico,DoubleTree by Hilton
match,rec6zMMmwLfjmlfEO,Hampton Inn By Hilton Celaya,Hampton Inn by Hilton Celaya,CYWCMHX,Open,Open,2017-07-06,Celaya,Mexico,Hampton by Hilton
match,rec71jiVyb94eVTld,Curio Collection by Hilton Umbral,"Umbral, Curio Collection by Hilton",MEXUBQQ,Open,Open,2019-08-15,Mexico City,Mexico,Curio Collection by Hilton
match,rec8Kr5nKdrODSdDp,DoubleTree by Hilton Lima Miraflores El Pardo,El Pardo Lima - A DoubleTree by Hilton Hotel,LIMPUDT,Open,Open,2000-03-02,Lima,Peru,DoubleTree by Hilton
unverified_no_code,rec8TNaGOwwd5smNL,Motto by Hilton Mexico City Condesa Roma,,,Pipeline,,,Mexico City,Mexico,Motto by Hilton
match,rec8e4a1RMy7muxB4,Anselmo Buenos Aires Curio Collection by Hilton,"Anselmo Buenos Aires, Curio Collection by Hilton",BUEBAQQ,Open,Open,2015-07-22,Buenos Aires,Argentina,Curio Collection by Hilton
match,rec8pDY7m9kotAqTp,Tru by Hilton Chapeco,Tru by Hilton Chapecó,XAPSCRU,Open,Open,2025-06-10,Chapeco,Brazil,Tru by Hilton
match,rec8uWx53Dakcvi4g,Hampton Inn Tampico Zona Dorado,Hampton Inn by Hilton Tampico Zona Dorada,TAMZDHX,Open,Open,2015-12-15,Tampico,Mexico,Hampton by Hilton
unverified_no_code,rec8y62lRCjSu1e6f,"Hotel Museo de Osma Lima, Tapestry Collection by Hilton",,,Pipeline,,,Lima,Peru,Tapestry Collection by Hilton
match,rec96plFVfoYeneLz,Hilton Colon Quito,Hilton Colon Quito,QUIHIHF,Open,Open,2008-07-01,Quito,Ecuador,Hilton
unverified_no_code,rec98VJxLKvtDtVll,"Botanika Osa Peninsula, Curio Collection by Hilton",,,Open,,,Puerto Jimenez,Costa Rica,Curio Collection by Hilton
match,rec9Al5t6gO9kVHCs,Hilton Los Cabos,Hilton Los Cabos Beach & Golf Resort,SJDLCHH,Open,Open,2002-01-31,La Paz,Mexico,Hilton
unverified_no_code,rec9Lz837hytL82ZZ,Waldorf Astoria Guanacaste,,,Pipeline,,,Guanacaste,Costa Rica,Waldorf Astoria
match,rec9VcZKSpVYy4oNl,Hilton Bogota Corferias Convention Center,Hilton Bogota Corferias,BOGCCHH,Open,Open,2019-04-04,Bogota,Colombia,Hilton
match,rec9XJgqnvFHMYGLp,Hampton by Hilton Yopal,Hampton by Hilton Yopal,EYPYOHX,Open,Open,2015-03-24,Yopal,Colombia,Hampton by Hilton
match,rec9XpDuhx43nBfaJ,Hilton Garden Inn Mexico City Santa Fe,Hilton Garden Inn Mexico City Santa Fe,SAFGIGI,Open,Open,2018-02-14,Mexico City,Mexico,Hilton Garden Inn
unverified_no_code,rec9bGuNUDNipyyiU,Hampton by Hilton San Salvador Airport,,,Pipeline,,,San Salvador,El Salvador,Hampton by Hilton
match,rec9k2MAtZgYtOVwr,Hilton Princess Managua Hotel,Hilton Princess Managua,MGAHFHF,Open,Open,,Managua,Nicaragua,Hilton
match,recA5iV9LnMwc7WKq,The Condado Plaza Hotel,The Condado Plaza Hotel,SJUCOHH,Open,Open,2009-03-12,San Juan,Puerto Rico,Hilton
match,recA6svG5ZZVX8E2C,Hilton Aruba Caribbean Resort & Casino,Hilton Aruba Caribbean Resort & Casino,AUAHHHH,Open,Open,2015-07-15,Palm Beach,Aruba,Hilton
match,recACse1lXEo5YfOm,Hilton Garden Inn Neuquen,Hilton Garden Inn Neuquen,NQNGIGI,Open,Open,2020-01-28,Neuquen,Argentina,Hilton Garden Inn
match,recAaTLAMer14ZEuG,"Mahogany Bay Resort & Beach Club, Curio Collection by Hilton","Mahogany Bay Resort & Beach Club, Curio Collection by Hilton",TZAMBQQ,Open,Open,2017-12-06,San Pedro,Belize,Curio Collection by Hilton
match,recAgbyFnkjlAyskH,Hampton by Hilton Caraguatatuba Serramar,Hampton by Hilton Caraguatatuba Serramar,QCQJLHX,Open,Open,2025-10-21,Caraguatatuba,Brazil,Hampton by Hilton
match,recAh0HQ4Sbdcv7o8,Hilton Barbados Resort,Hilton Barbados Resort,BGIHIHH,Open,Open,,Bridgetown,Barbados,Hilton
match,recAmOOcKJUQGN4Fo,Hampton by Hilton Monterrey Tecnologico,Hampton by Hilton Monterrey Tecnologico,MTYMXHX,Open,Open,2026-06-10,Monterrey,Mexico,Hampton by Hilton
match,recAqIScZSS3ODiLy,Hampton by Hilton Guanacaste Airport,Hampton by Hilton Guanacaste Airport,LIRRAHX,Open,Open,2023-11-30,Liberia,Costa Rica,Hampton by Hilton
match,recAvnmqhNiLe9Dje,Hampton by Hilton Aquascalientes Downtown,Hampton by Hilton Aguascalientes Downtown,AGUMXHX,Open,Open,2021-07-01,Aguascalientes,Mexico,Hampton by Hilton
match,recBHX1fen6yZdszr,Hilton Aruba Caribbean Resort & Casino,The Westerly at Hilton Aruba Caribbean Resort,AUATTHH,Open,Open,2026-04-01,Palm Beach,Aruba,Hilton
match,recBSuHKa4UvKUqWz,Hampton By Hilton Cucuta,Hampton by Hilton Cucuta,CUCCOHX,Open,Open,2018-08-02,Cucuta,Colombia,Hampton by Hilton
unverified_no_code,recBVUw0yFtPxQFbM,Hilton Garden Inn Tarapoto,,,Pipeline,,,Tarapoto,Peru,Hilton Garden Inn
unverified_no_code,recBYT2thdlopl8Wr,Tranquility Beach Resort Dominica,,,Pipeline,,,Salisbury,Dominica,Curio Collection by Hilton
unverified_no_code,recBaCfiYRRSL9wlk,Hilton Garden Inn Corrientes,,,Pipeline,,,Mendoza,Argentina,Hilton Garden Inn
match,recBeKZwESsz6eysx,Hampton by Hilton Santiago Las Condes,Hampton by Hilton Santiago Las Condes,SCLARHX,Open,Open,2023-09-14,Santiago,Chile,Hampton by Hilton
match,recBfbbeqXK3wjjZ4,Hampton by Hilton Lima San Isidro,Hampton by Hilton Lima San Isidro,LIMHXHX,Open,Open,2019-07-23,Lima,Peru,Hampton by Hilton
unverified_no_code,recC3x6zoELYnZB6S,Hilton Garden Inn Buenos Aires Norte,,,Pipeline,,,Buenos Aires,Argentina,Hilton Garden Inn
match,recC6qFaLB7nxLHYq,Indura Beach & Golf Resort Curio Collection by Hilton,Indura Beach & Golf Resort Curio Collection by Hilton,TEAIBQQ,Open,Open,2016-11-10,Tela,Honduras,Curio Collection by Hilton
unverified_no_code,recCAPiVkeqqaWq1i,Hampton by Hilton Jujuy,,,Pipeline,,,San Salvador de Jujuy,Argentina,Hampton by Hilton
match,recCiXwlYCRqfwQQ9,Waldorf Astoria Panama,Waldorf Astoria Panama,PTYTPWA,Open,Open,2013-02-27,Panama,Panama,Waldorf Astoria
match,recCkYA0ekcf5em5y,Hilton Lima Miraflores,Hilton Lima Miraflores,LIMMFHH,Open,Open,2012-12-13,Lima,Peru,Hilton
unverified_no_code,recCtM7BF50aAvrs8,Hampton by Hilton Trujillo,,,Pipeline,,,Trujillo,Peru,Hampton by Hilton
match,recD4imobkpgspDzi,Homewood Suites by Hilton Monterrey Apodaca,Homewood Suites by Hilton Monterrey Apodaca,MTYMEHW,Open,Open,2018-06-28,Apodaca,Mexico,Homewood Suites by Hilton
match,recD5wnt3qKJyCNL1,Hampton Inn by Hilton Torreon-Airport Galerias,Hampton Inn by Hilton Torreón-Airport Galerías,TRCHAHX,Open,Open,2004-04-28,Torreon,Mexico,Hampton by Hilton
match,recDX8Zqkt2bDhkxN,ROK Hotel Kingston Tapestry Collection,"ROK Hotel Kingston, Tapestry Collection by Hilton",KINOCUP,Open,Open,2022-06-30,Kingston,Jamaica,Tapestry Collection by Hilton
match,recDr3PMYwHOPq6D0,Hampton Inn by Hilton Piedras Negras,Hampton Inn by Hilton Piedras Negras,PDSHXHX,Open,Open,2016-08-17,Piedras Negras,Mexico,Hampton by Hilton
unverified_no_code,recDxFoKkEHGohxOA,Tru by Hilton Marechal Candido Rondon,,,Pipeline,,,Marechal Candido Rondon,Brazil,Tru by Hilton
match,recEKkU3GQYMWV66f,Hampton by Hilton Queretaro Juriquilla,Hampton by Hilton Queretaro Juriquilla,QROJQHX,Open,Open,2024-11-06,Juriquilla,Mexico,Hampton by Hilton
match,recENAmPhqW1rsrxj,"Qoya Hotel Sao Paulo, Curio Collection by Hilton","Qoya Hotel Sao Paulo, Curio Collection by Hilton",SAOCRQQ,Open,Open,2023-03-28,São Paulo,Brazil,Curio Collection by Hilton
unverified_graphql_error,recERTGHghwfg4Dt5,"Hilton La Romana, an All-Inclusive Family Resort",,LRMFMHH,Open,,,La Romana,Dominican Republic,Hilton
unverified_no_code,recETlBd8ctQnHx4L,Hilton Garden Inn Averanda,,,Pipeline,,,Cuernavaca,Mexico,Hilton Garden Inn
unverified_no_code,recEUtZHQPnLewkwX,Hilton Garden Inn Downtown Punta Cana,,,Pipeline,,,Punta Cana,Dominican Republic,Hilton Garden Inn
match,recEewQZ45Wk5R2B2,"Suryaa Hotel Pinhais, Curio Collection by Hilton","Suryaa Hotel Pinhais, Curio Collection by Hilton",CWBSPQQ,Open,Open,2022-11-01,Pinhais,Brazil,Curio Collection by Hilton
match,recEmM5TdgFEuwdSz,Hilton Ponce Golf & Casino Resort,Hilton Ponce Golf & Casino Resort,PNCHIHH,Open,Open,,Ponce,Puerto Rico,Hilton
match,recEtTKeEL8H8nChR,Tru by Hilton Palmerola Airport Comayaua,Tru by Hilton Distrito Palmerola,XPLAPRU,Open,Open,2026-02-26,Palmerola,Honduras,Tru by Hilton
match,recEztRKzrUapK4sZ,Homewood Suites by Hilton San Juan City Center,Homewood Suites by Hilton San Juan City Center,SJAJCHW,Pipeline,Pipeline,2026-09-17,San Juan,Puerto Rico,Homewood Suites by Hilton
match,recF2uI0D2IEpJost,Hampton by Hilton Santiago de los Caballeros,Hampton by Hilton Santiago de los Caballeros,STILLHX,Open,Open,2025-09-23,Santiago De Los Caballeros,Dominican Republic,Hampton by Hilton
unverified_no_code,recFGpFeQonDwGRTR,"Hilton Punta Cana Bavaro, an Adults Only All-Inclusive Resort",,,Pipeline,,,Punta Cana,Dominican Republic,Hilton
unverified_no_code,recFPcGZuSVEyYsId,Waldorf Astoria Mexico City,,,Pipeline,,,Mexico City,Mexico,Waldorf Astoria
unverified_no_code,recFPj0J4qXj5ZGLb,Hilton Garden Inn Posadas,,,Pipeline,,,Posadas,Argentina,Hilton Garden Inn
unverified_no_code,recFebAaFowWhJ8Zp,Hilton Punta Cana Bavaro Family Resort,,,Pipeline,,,Punta Cana,Dominican Republic,Hilton
match,recG4fIejQRdfUNIm,Hampton by Hilton David,Hampton by Hilton David,DAVIDHX,Open,Open,2020-10-29,David,Panama,Hampton by Hilton
match,recG73uBQmLiKArxc,Hilton Mexico City Reforma,Hilton Mexico City Reforma,MEXRFHH,Open,Open,2009-12-02,Mexico City,Mexico,Hilton
unverified_no_code,recGKuT86TJI05QAA,"AMARIS Grace Bay, LXR Hotels & Resorts",,,Pipeline,,,Providenciales,Turks and Caicos Islands,LXR Hotels & Resorts
match,recGzMcfHqqLtFA4t,DoubleTree by Hilton Canela,DoubleTree by Hilton Caracol Canela,CXJCADT,Open,Open,2025-05-15,Canela,Brazil,DoubleTree by Hilton
match,recHBMncmGIgDdjQW,Hampton by Hilton Cusco,Hampton by Hilton Cusco,CUZHXHX,Open,Open,2025-06-19,Cusco,Peru,Hampton by Hilton
match,recHVAuSZvmUQqhwS,Qoya Hotel Curitiba Curio Collection by Hilton,"Qoya Hotel Curitiba, Curio Collection by Hilton",CWBPRQQ,Open,Open,2022-09-15,Curitiba,Brazil,Curio Collection by Hilton
match,recHW8s0LxvTsj8IM,Hampton by Hilton Veracruz Boca del Rio,Hampton by Hilton Veracruz Boca Del Rio,VERACHX,Open,Open,2022-09-01,Boca del Rio,Mexico,Hampton by Hilton
match,recHZPjQu2cQgmpcH,Hilton Cancun Mar Caribe All-Inclusive Resort,Hilton Cancun Mar Caribe All-Inclusive Resort,CUNMCHH,Open,Open,2023-10-23,Cancun,Mexico,Hilton
match,recHaanBcqWQf53lj,Conrad Punta de Mita,Conrad Punta de Mita,PVRPMCI,Open,Open,2020-09-01,Punta De Mita,Mexico,Conrad
match,recHf518OTVZAsLx8,Yoo2 Rio De Janeiro Tapestry Collection by Hilton,"Yoo2 Rio de Janeiro, Tapestry Collection by Hilton",RIOTAUP,Open,Open,2024-07-05,Rio de Janeiro,Brazil,Tapestry Collection by Hilton
unverified_no_code,recHwd7ZmTHAWzNmI,Hampton by Hilton Guadalajara Periferico Sur,,,Pipeline,,,San Pedro Tlaquepaque,Mexico,Hampton by Hilton
match,recHyaG9te4fPpluU,Hilton Garden Inn Sao Paulo Reboucas,Hilton Garden Inn Sao Paulo Reboucas,SAOURGI,Open,Open,2021-12-15,Sao Paulo,Brazil,Hilton Garden Inn
match,recI0diSXPicHUwUb,Qoya Hotel Sao Paulo Curio Collection by Hilton,"Qoya Hotel Sao Paulo, Curio Collection by Hilton",SAOCRQQ,Open,Open,2023-03-28,Sao Paulo,Brazil,Curio Collection by Hilton
match,recI0ph2ROBhNtbNI,Hilton Santa Marta,Hilton Santa Marta,SMRCNHH,Open,Open,2022-12-15,Santa Marta,Colombia,Hilton
match,recIIEmPEt8TEKnuP,Hampton Inn & Suites by Hilton Puebla,Hampton Inn & Suites by Hilton Puebla,PBCHXHX,Open,Open,2019-04-23,San Andres Cholula,Mexico,Hampton by Hilton
match,recIKOxkqgylexSGR,DoubleTree by Hilton Mazatlan,DoubleTree by Hilton Mazatlan,MZTDTDT,Open,Open,2020-10-01,Mazatlan,Mexico,DoubleTree by Hilton
match,recISiWotp1bPKI4G,Albor San Miguel de Allende Tapestry Collection by Hilton,"Albor San Miguel de Allende, Tapestry Collection by Hilton",BJXUPUP,Open,Open,2022-09-21,San Miguel de Allende,Mexico,Tapestry Collection by Hilton
match,recInxyXFObfxFmA2,Hampton by Hilton Inn & Suites Salamanca Bajio,Hampton Inn & Suites by Hilton Salamanca Bajio,QROSAHX,Open,Open,2016-08-23,Salamanca,Mexico,Hampton by Hilton
match,recIuvAEBxEeh1haG,Hampton by Hilton Guarulhos Aeroporto,Hampton by Hilton Guarulhos Airport,SAOGHHX,Open,Open,2019-07-02,Guarulhos,Brazil,Hampton by Hilton
unverified_no_code,recJVheMdCGoKM0Eg,"Hotel Koti Gramado, Curio Collection by Hilton",,,Pipeline,,,Gramado,Brazil,Curio Collection by Hilton
match,recJWTzga4iCeOwia,Curio Collection by Hilton Harbor Club St Lucia,"Harbor Club St. Lucia, Curio Collection by Hilton",SLUHCQQ,Open,Open,2018-05-31,Rodney Bay,Saint Lucia,Curio Collection by Hilton
match,recJjQfZSf8IAso1A,Homewood Suites by Hilton Queretaro,Homewood Suites by Hilton Queretaro,QROHWHW,Open,Open,2013-12-03,Queretaro,Mexico,Homewood Suites by Hilton
match,recJrtBtBMqaECXdL,Hilton Garden Inn Sao Jose do Rio Preto,Hilton Garden Inn Sao Jose do Rio Preto,SAODLGI,Open,Open,2023-03-15,São José do Rio Preto,Brazil,Hilton Garden Inn
match,recJsK3w0b6dHSTXj,Hilton Garden Inn Chihuahua,Hilton Garden Inn Chihuahua,CUUCMGI,Open,Open,2018-10-09,Chihuahua,Mexico,Hilton Garden Inn
match,recK05OT2w10IJNpK,"Heredia Stadium Hotel, Tapestry Collection by Hilton","Montara Hotel, Tapestry Collection by Hilton",SYQMHUP,Pipeline,Pipeline,2026-09-22,Heredia,Costa Rica,Tapestry Collection by Hilton
match,recK728FXwgDn4N0e,Motto by Hilton Lima Miraflores,Hilton Lima Miraflores,LIMMFHH,Open,Open,2012-12-13,Lima,Peru,Motto by Hilton
match,recK7HUdZD07gIqMF,Embassy Suites by Hilton Bogota Rosales,Embassy Suites by Hilton Bogotá Rosales,BOGESES,Open,Open,1995-12-04,Bogota,Colombia,Embassy Suites by Hilton
unverified_no_code,recK9uYKwUdM8hEVR,Hampton Inn by Hilton Nuevo Vallarta,,,Open,,,Nuevo Vallarta,Mexico,Hampton by Hilton
match,recKKU7o2QlPqaSCe,DoubleTree by Hilton Santiago Kennedy,DoubleTree by Hilton Santiago Kennedy,SCLSKDT,Open,Open,2020-12-28,Santiago,Chile,DoubleTree by Hilton
unverified_no_code,recKLvUHJCL77N3RJ,"Garcha Palace Santiago, Curio Collection by Hilton",,,Pipeline,,,Santiago,Chile,Curio Collection by Hilton
match,recKSKfFK4qyFdsoz,DoubleTree by Hilton Managua,DoubleTree by Hilton Managua,MGANADT,Open,Open,2019-10-29,Managua,Nicaragua,DoubleTree by Hilton
match,recKkdhP9oGovUSZP,Tru by Hilton Mexico City Airport,Tru by Hilton Mexico City Airport,MEXPERU,Open,Open,2026-05-06,Ciudad de México,Mexico,Tru by Hilton
match,recKuSgfGpKNKEo8N,Hilton Garden Inn Cali Ciudad Junction,Hilton Garden Inn Cali Ciudad Jardin,CLOCCGI,Open,Open,2020-12-17,Cali,Colombia,Hilton Garden Inn
unverified_no_code,recKzmZRG4Kq0yOQn,Hilton Garden Inn Nuevo Vallarta,,,Pipeline,,,Nuevo Vallarta,Mexico,Hilton Garden Inn
match,recL1iqX67rD9Im1Y,DoubleTree by Hilton Punta Cana Downtown,DoubleTree by Hilton Punta Cana Downtown,PUJOYDT,Pipeline,Pipeline,2027-02-20,Punta Cana,Dominican Republic,DoubleTree by Hilton
match,recL3oxie0vNdasoG,Hampton Inn by Hilton Guadalajara/Expo,Hampton Inn by Hilton Guadalajara/Expo,GDLEXHX,Open,Open,2012-08-02,Guadalajara,Mexico,Hampton by Hilton
match,recL5AUBNnGkFGgrM,Hilton Mendoza,Hilton Mendoza,MDZARHH,Open,Open,2023-12-14,Mendoza,Argentina,Hilton
unverified_no_code,recL6NmApK64e6fT6,Homewood Suites by Hilton Florianopolis,,,Pipeline,,,Florianopolis,Brazil,Homewood Suites by Hilton
match,recL9yu9QiYlZPwMg,Hampton by Hilton Inn Silao-Aeropuerto Bajio,Hampton Inn by Hilton Silao-Aeropuerto Bajio,BJXSGHX,Open,Open,2014-11-21,Silao,Mexico,Hampton by Hilton
match,recLQoyNuoJL6CbjB,Embassy Suites by Hilton San Juan Hotel & Casino,Embassy Suites by Hilton San Juan Hotel & Casino,SJUESES,Open,Open,1997-03-01,Carolina,Puerto Rico,Embassy Suites by Hilton
match,recLX8m7rgYH1qeES,Hampton Inn & Suites by Hilton Paraiso,Hampton Inn & Suites by Hilton Paraiso,AGUPTHX,Open,Open,2015-10-15,Paraiso,Mexico,Hampton by Hilton
match,recLzQMo7RhA0u1gJ,Hilton Mexico City Santa Fe,Hilton Mexico City Santa Fe,MEXSAHH,Open,Open,2014-03-27,Mexico City,Mexico,Hilton
match,recM0yKCzuvWNXEIo,Embassy Suites by Hilton Aruba Resort,Embassy Suites by Hilton Aruba Resort,AUAJMES,Open,Open,2023-01-24,Eagle Beach,Aruba,Embassy Suites by Hilton
unverified_no_code,recMKUFCTmWhpcmAT,Hilton Garden Inn,,,Pipeline,,,Medellin,Colombia,Hilton Garden Inn
unverified_no_code,recMLRJKXUoyLYL0M,Canopy by Hilton Guadalajara,,,Pipeline,,,Guadalajara,Mexico,Canopy by Hilton
match,recMoTgleA4ooYcJa,Hilton Barra Rio De Janeiro,Hilton Barra Rio de Janeiro,RIOABHH,Open,Open,2015-04-09,Rio de Janeiro,Brazil,Hilton
match,recNP2jHW1fVPY85A,The Rif at Mangrove Beach Corendon Curacao All-Inclusive Curio by Hilton,"The Rif at Mangrove Beach Corendon Curacao All-Inclusive, Curio by Hilton",CURMGQQ,Open,Open,2023-12-15,Willemstad,Curaçao,Curio Collection by Hilton
match,recNP4X6l4mQKq3SU,Hilton Garden Inn Santo Andre,Hilton Garden Inn Santo Andre,CGHGIGI,Open,Open,2017-09-15,Santo Andre,Brazil,Hilton Garden Inn
unverified_no_code,recNRwEkGwEFm2Fyu,Jean Hotel Polanco Curio Collection by Hilton,,,Pipeline,,,Mexico City,Mexico,Curio Collection by Hilton
unverified_no_code,recNjWxrDI41kqVXt,Waldorf Astoria San Miguel de Allende,,,Pipeline,,,San Miguel de Allende,Mexico,Waldorf Astoria
match,recNmYAApqJk2Z9AJ,Hampton by Hilton Cartagena,Hampton by Hilton Cartagena,CTGHXHX,Open,Open,2013-03-19,Cartagena,Colombia,Hampton by Hilton
match,recO0tYz62oDVOjW4,Embassy Suites by Hilton Dorado Del Mar Beach Resort,Embassy Suites by Hilton Dorado del Mar Beach Resort,DORPRES,Open,Open,2001-08-22,Dorado,Puerto Rico,Embassy Suites by Hilton
match,recO8UEivz9QgCKwd,Hilton Garden Inn Salamanca,Hilton Garden Inn Salamanca,BJXSAGI,Open,Open,2018-08-30,Salamanca,Mexico,Hilton Garden Inn
match,recOF9wBjNxmp2cLY,Tru by Hilton Chillan Ferrat,Tru by Hilton Chillan Ferrat,YAILLRU,Open,Open,2025-04-22,Chillan,Chile,Tru by Hilton
match,recOIDGuz5GkN50j1,Hilton Garden Inn Tucuman,Hilton Garden Inn Tucuman,TUCGIGI,Open,Open,2012-10-09,San Miguel De Tucuman,Argentina,Hilton Garden Inn
match,recONWBAFUADzHmFz,Hilton Garden Inn Pereira,Hilton Garden Inn Pereira,PEIPAGI,Pipeline,Pipeline,2026-09-29,Pereira,Colombia,Hilton Garden Inn
unverified_no_code,recOg5h5pPLfAGChO,DoubleTree by Hilton Lima San Isidro,,,Pipeline,,,San Isidro,Peru,DoubleTree by Hilton
match,recP4HW9GeBifcrDu,Hilton Garden Inn Monterrey Airport,Hilton Garden Inn Monterrey Airport,MTYAIGI,Open,Open,2015-08-27,Monterrey,Mexico,Hilton Garden Inn
unverified_no_code,recP7uycsQ8bHaKqy,Hilton Garden Inn Guatape,,,Pipeline,,,Guatape,Colombia,Hilton Garden Inn
match,recPH5LiNI6mJ0C6Z,Hampton by Hilton Bogota Usaquen,Hampton by Hilton Bogotá - Usaquén,BOGUSHX,Open,Open,2015-08-19,Bogota,Colombia,Hampton by Hilton
match,recPJzIUz9kHwEnsA,Motto by Hilton Recife Antigo,Motto by Hilton Recife,RECECUA,Open,Open,2026-02-11,Recife,Brazil,Motto by Hilton
match,recQ5SlL6FCVfRa8z,Canopy by Hilton Sao Paulo Jardins,Canopy by Hilton Sao Paulo Jardins,GRUJAPY,Open,Open,2021-02-04,Sao Paulo,Brazil,Canopy by Hilton
match,recQZSsoTzMBQEV9u,Hampton Inn Durango,Hampton Inn by Hilton Durango,DGOHXHX,Open,Open,2016-06-30,Durango,Mexico,Hampton by Hilton
match,recQuAnkcwSbLUnkG,Hampton Inn by Hilton Tijuana,Hampton Inn by Hilton Tijuana,TIJTOHX,Open,Open,2017-10-19,Tijuana,Mexico,Hampton by Hilton
unverified_no_code,recRIL2ncWJZfFTB1,Hilton Garden Inn La Plata Argoth,,,Pipeline,,,La Plata,Argentina,Hilton Garden Inn
match,recRwIdA4l429nWnN,Hampton Inn Irapuato,Hampton Inn by Hilton Irapuato,BJXIRHX,Open,Open,2016-10-04,Irapuato,Mexico,Hampton by Hilton
match,recSTvtsdrlB4tzsA,DoubleTree by Hilton Hotel Cariari San Jose,DoubleTree by Hilton Hotel Cariari San Jose - Costa Rica,SJODTDT,Open,Open,2008-01-01,San Jose,Costa Rica,DoubleTree by Hilton
unverified_no_code,recSXZrxJfWPalFLq,Hampton by Hilton Tulum,,,Pipeline,,,Tulum,Mexico,Hampton by Hilton
unverified_no_code,recT3Fb4XUGjaP1rM,Homewood Suites by Hilton Merida,,,Pipeline,,,Mérida,Mexico,Homewood Suites by Hilton
unverified_no_code,recT4nqXT4R2qeXBj,Hampton by Hilton Culiacan,,,Pipeline,,,Culiacán Rosales,Mexico,Hampton by Hilton
match,recT6BHrfZMM7g5f9,Hilton San Salvador,Hilton San Salvador,SALSAHH,Open,Open,2023-10-01,San Salvador,El Salvador,Hilton
match,recTNEARTDZMpglqw,Hampton Inn & Suites Mexico City - Centro Historico,Hampton Inn & Suites Mexico City - Centro Historico,MEXCHHX,Open,Open,2008-12-01,Mexico City,Mexico,Hampton by Hilton
match,recTVMMcf8DcRXLi5,Hilton Garden Inn Sao Jose do Rio Preto,Hilton Garden Inn Sao Jose do Rio Preto,SAODLGI,Open,Open,2023-03-15,Sao Jose do Rio Preto,Brazil,Hilton Garden Inn
match,recTh8yjp8TKdigcP,Hampton by Hilton Barranquilla,Hampton by Hilton Barranquilla,BAQHXHX,Open,Open,2013-02-05,Barranquilla,Colombia,Hampton by Hilton
match,recTjYJPhwL821Sxl,Mahogany Bay Resort & Beach Club Curio Collection by Hilton,"Mahogany Bay Resort & Beach Club, Curio Collection by Hilton",TZAMBQQ,Open,Open,2017-12-06,San Pedro,Belize,Curio Collection by Hilton
unverified_no_code,recTwRwTbA8niywmv,Hampton by Hilton Cañuelas,,,Pipeline,,,Cañuelas,Argentina,Hampton by Hilton
match,recTwfH8I5m042F7j,Tru by Hilton Criciuma,Tru by Hilton Criciuma,CCMSCRU,Open,Open,2022-04-14,Criciuma,Brazil,Tru by Hilton
match,recU3UNBEZPtrETuz,Hilton Pilar,Hilton Pilar,BUEPIHH,Open,Open,2018-11-01,Pilar,Argentina,Hilton
match,recUCjevWreNAb1eW,Tru by Hilton Cali Sur,Tru by Hilton Cali Sur,CLOUDRU,Open,Open,2024-10-01,Cali,Colombia,Tru by Hilton
match,recUamZuzYMygWAOs,Hampton Inn Villahermosa,Hampton Inn by Hilton Villahermosa,VSATAHX,Open,Open,2015-09-29,Villahermosa,Mexico,Hampton by Hilton
match,recUfTgFSZ5sPh5PN,Hampton Inn by Hilton Queretaro Tecnologico,Hampton Inn by Hilton Queretaro Tecnologico,QROHTHX,Open,Open,2010-06-15,Queretaro,Mexico,Hampton by Hilton
unverified_no_code,recUfg2NwXX3DvDWF,Hilton Garden Inn San Fernando South Park,,,Pipeline,,,San Fernando,Trinidad and Tobago,Hilton Garden Inn
unverified_no_code,recUnBTixwCeIUIyi,Hilton Garden Inn Punta Cana,,,Pipeline,,,Punta Cana,Dominican Republic,Hilton Garden Inn
match,recUpdB7gyQPf7Ncp,Hampton by Hilton Bariloche,Hampton by Hilton Bariloche,BRCHXHX,Open,Open,2019-11-12,San Carlos de Bariloche,Argentina,Hampton by Hilton
unverified_no_code,recVbStgFNUHlyXrH,Hampton by Hilton Queretaro Airport,,,Pipeline,,,Navajas,Mexico,Hampton by Hilton
match,recVkD7AvbN5HFiep,Hilton Garden Inn Santa Ana San Jose,Hilton Garden Inn Santa Ana San Jose,SJOGSGI,Open,Open,2020-12-01,Santa Ana,Costa Rica,Hilton Garden Inn
unverified_no_code,recVv0tMh9mWFFs9A,Hilton Garden Inn Dorado,,,Pipeline,,,Dorado,Puerto Rico,Hilton Garden Inn
match,recW4v8SI56tuzgTZ,Hilton Princess San Pedro Sula,Hilton Princess San Pedro Sula,SAPHFHF,Open,Open,,San Pedro Sula,Honduras,Hilton
match,recW6b1Ka8EAtiFkt,Hilton Garden Inn Tuxtla Gutierrez,Hilton Garden Inn Tuxtla Gutierrez,TGZGIGI,Open,Open,2011-09-14,Tuxtla Gutierrez,Mexico,Hilton Garden Inn
match,recWEUUJs8nUqEO93,DoubleTree by Hilton Buenos Aires,DoubleTree by Hilton Buenos Aires,BUESIDT,Open,Open,2024-01-23,Buenos Aires,Argentina,DoubleTree by Hilton
match,recWYEaasdglayvsS,Hilton Garden Inn Itajai Praia Brava,Hilton Garden Inn Itajaí Praia Brava,NVTJSGI,Open,Open,2018-12-21,Itajai,Brazil,Hilton Garden Inn
unverified_no_code,recWoRZiIfJtcVKW3,Motto by Hilton Sao Paulo Ibirapuera,,,Pipeline,,,Sao Paulo,Brazil,Motto by Hilton
unverified_no_code,recWyQk68vXI7rxOf,Hampton by Hilton Punta Cana,,,Pipeline,,,Punta Cana,Dominican Republic,Hampton by Hilton
unverified_no_code,recXAzmdIWfxXdOcd,Hilton Garden Inn Buenos Aires Norte,,,Pipeline,,,Buenos Aires,Argentina,Hilton Garden Inn
match,recXcBj5m93CwTjvc,Hilton Garden Inn Uruapan,Hilton Garden Inn Uruapan,UPNMTGI,Pipeline,Pipeline,2026-08-27,Uruapan,Mexico,Hilton Garden Inn
match,recXn9OjqYwHfWBou,Hilton Garden Inn La Romana,Hilton Garden Inn La Romana,LRMLMGI,Open,Open,2023-07-12,La Romana,Dominican Republic,Hilton Garden Inn
unverified_no_code,recXxX3Lpml1MSRic,Tru by Hilton Cali Sur,,,Open,,,Cali,Colombia,Tru by Hilton
unverified_no_code,recY2Ch11LpIOWgcV,Hilton Garden Inn Itapetininga,,,Pipeline,,,Itapetininga,Brazil,Hilton Garden Inn
match,recY4B8n5czlpTJuw,Hampton Inn by Hilton Tampico Aeropuerto,Hampton Inn by Hilton Tampico Aeropuerto,TAMHSHX,Open,Open,2006-05-01,Tampico,Mexico,Hampton by Hilton
unverified_no_code,recY5p63cSCeW2RqT,Hilton Tijuana,,,Pipeline,,,Tijuana,Mexico,Hilton
unverified_no_code,recYIi4bcLLcAhc8A,Hilton Georgetown,,,Pipeline,,,Georgetown,Guyana,Hilton
match,recYKdA0XOm6RpkLs,Almenat Embu das Artes Sao Paulo Tapestry Collection by Hilton,"Almenat Embu das Artes, Tapestry Collection by Hilton",CGHEMUP,Open,Open,2021-09-01,Embu Das Artes,Brazil,Tapestry Collection by Hilton
match,recYMJkXlhXlgKzuS,Salvio Parque 93 Bogota Curio Collection by Hilton,"Salvio Parque 93 Bogota, Curio Collection by Hilton",BOGSPQQ,Open,Open,2023-06-15,Bogota,Colombia,Curio Collection by Hilton
match,recYNB1AtH9Ebd641,Motto by Hilton Cusco,Motto by Hilton Cusco,CUZINUA,Open,Open,2024-01-25,Cusco,Peru,Motto by Hilton
unverified_no_code,recYSBCEindmgPhAm,Hilton Garden Inn Itapema,,,Pipeline,,,Itapema,Brazil,Hilton Garden Inn
match,recYdFCf6D1LfvkLh,Hotel Santiago Curio Collection by Hilton,"Hotel Santiago, Curio Collection by Hilton",STISAQQ,Open,Open,2024-12-12,Santiago de los Caballeros,Dominican Republic,Curio Collection by Hilton
unverified_no_code,recYjfpMp6dkRoaNt,Doubletree Suites by Hilton Georgetown,,,Pipeline,,,Georgetown,Guyana,DoubleTree by Hilton
match,recYrcf8HpJcNOqki,Ola Santiago Providencia Tapestry Collection by Hilton,"Ola Santiago Providencia, Tapestry Collection by Hilton",SCLPVUP,Open,Open,2023-04-27,Providencia,Chile,Tapestry Collection by Hilton
match,recZ00RNzg2wdr51M,Hampton by Hilton Grand Cayman Seven Mile Beach,Hampton by Hilton Grand Cayman Seven Mile Beach,GCMGCHX,Open,Open,2021-09-08,Cayman Islands,Cayman Islands,Hampton by Hilton
match,recZ0XRAtXv7Qy11w,Hilton Cartagena,Hilton Cartagena Hotel,CTGHIHH,Open,Open,,Cartagena,Colombia,Hilton
match,recZ85139KQRXwdmA,Hilton Garden Inn Belo Horizonte,Hilton Garden Inn Belo Horizonte,BHZBRGI,Open,Open,2016-02-18,Belo Horizonte,Brazil,Hilton Garden Inn
unverified_no_code,recZDon2IJp4CUuGi,"EOS Tulum, Curio Collection by Hilton",,,Pipeline,,,Tulum,Mexico,Curio Collection by Hilton
match,recZMExPQYHr6kHxO,Canopy by Hilton Cancun La Isla,Canopy by Hilton Cancun La Isla,CUNLIPY,Open,Open,2020-01-28,Cancun,Mexico,Canopy by Hilton
match,recZUCo7AVnTGfDBC,Hilton Garden Inn La Romana,Hilton Garden Inn La Romana,LRMLMGI,Open,Open,2023-07-12,La Romana,Dominican Republic,Hilton Garden Inn
match,recZY8fmuGXQd3DxN,Koi Resort Saint Kitts Curio Collection by Hilton,"Koi Resort Saint Kitts, Curio Collection by Hilton",SKBKRQQ,Open,Open,2019-12-18,Basseterre,Saint Kitts and Nevis,Curio Collection by Hilton
match,recZoafahfTVVw3Sd,DoubleTree By Hilton Hotel Iquitos,DoubleTree by Hilton Hotel Iquitos,IQTIPDT,Open,Open,2018-02-22,Iquitos,Peru,DoubleTree by Hilton
match,recZt66WxPF4ZyobF,DoubleTree by Hilton Sao Paulo Itaim,DoubleTree by Hilton Sao Paulo Itaim,SAODTDT,Open,Open,2019-11-08,Sao Paulo,Brazil,DoubleTree by Hilton
match,recaVvZSMGbd1rHpU,Hilton Garden Inn Silao Aeropuerto Bajio,Hilton Garden Inn Silao Aeropuerto Bajio,BJXBAGI,Open,Open,2021-12-08,Silao,Mexico,Hilton Garden Inn
match,recakpiy3h4GVib7S,The Fives Downtown Hotel & Residences Curio Collection by Hilton,"The Fives Downtown Hotel & Residences, Curio Collection by Hilton",CUNCUQQ,Open,Open,2017-12-14,Playa del Carmen,Mexico,Curio Collection by Hilton
match,recay9xFI8MtlYzHh,Hampton Inn Merida,Hampton Inn by Hilton Merida,MIDHXHX,Open,Open,2015-08-13,Merida,Mexico,Hampton by Hilton
unverified_no_code,recb68oT5LFG7G29l,Hampton by Hilton Rosario,,,Pipeline,,,Rosario,Argentina,Hampton by Hilton
match,recbKqG7onY9CGh38,Hampton by Hilton Santo Domingo Airport,Hampton by Hilton Santo Domingo Airport,SDQAPHX,Open,Open,2017-12-14,Santo Domingo,Dominican Republic,Hampton by Hilton
match,recbVuvzXs4Ql6eVS,Hilton Garden Inn Iquique,Hilton Garden Inn Iquique,IQQCLGI,Open,Open,2016-03-03,Iquique,Chile,Hilton Garden Inn
unverified_no_code,recbd0xveGeTxBx8s,Tru by Hilton Arecibo,,,Pipeline,,,Arecibo,Puerto Rico,Tru by Hilton
match,recbdedl2JBYhgHJY,Hampton by Hilton Santiago Las Condes,Hampton by Hilton Santiago Las Condes,SCLARHX,Open,Open,2023-09-14,Santiago,Chile,Hampton by Hilton
unverified_no_code,recbrgHCWRzxEIbEK,Tru by Hilton Sao Paulo Tatuapé,,,Pipeline,,,Sao Paulo,Brazil,Tru by Hilton
match,recbwfCdvb9eM7QXh,Hilton Garden Inn Cancun Airport,Hilton Garden Inn Cancun Airport,CUNROGI,Open,Open,2022-03-01,Cancun,Mexico,Hilton Garden Inn
match,recc9iBzvAiIhqWkp,Hampton Inn by Hilton Monterrey-Airport,Hampton Inn by Hilton Monterrey Apodaca,MTYTVHX,Open,Open,2018-06-28,Apodaca,Mexico,Hampton by Hilton
match,recchfm6iGfZQvmTV,Hilton Porto Alegre,Hilton Porto Alegre,POAOBHH,Open,Open,2022-02-01,Porto Alegre,Brazil,Hilton
match,reccnr9ls6vsNqeTl,Hampton by Hilton Montevideo Carrasco,Hampton by Hilton Montevideo Carrasco,MVDHXHX,Open,Open,2017-08-22,Montevideo,Uruguay,Hampton by Hilton
match,reccrgIzgwN619CSv,Tru Ciudad Valles,Tru by Hilton Ciudad Valles,SLPCVRU,Pipeline,Pipeline,2026-09-24,Ciudad Valles,Mexico,Tru by Hilton
match,recd2KmrvpM1S5Amv,Homewood Suites by Hilton Saltillo,Homewood Suites by Hilton Saltillo,SLWSMHW,Open,Open,2025-08-28,Saltillo,Mexico,Homewood Suites by Hilton
unverified_no_code,recdbZjWb5AKph0ee,Tru by Hilton Sao Paulo Congonhas Airport,,,Pipeline,,,São Paulo,Brazil,Tru by Hilton
unverified_no_code,recdorwekj2x6vT8s,Motto by Hilton Cusco,,,Pipeline,,,Cusco,Peru,Motto by Hilton
match,recdugEph9J9j3ihS,Hampton Inn & Suites by Hilton Los Cabos,Hampton Inn & Suites by Hilton Los Cabos,SJDMXHX,Open,Open,2015-09-10,San Jose Del Cabo,Mexico,Hampton by Hilton
match,recdvilqvKRr4ZdBv,Hampton by Hilton Medellin,Hampton by Hilton Medellin,MDEHXHX,Open,Open,2016-11-17,Medellin,Colombia,Hampton by Hilton
match,rece70okrjADMQLlJ,Hilton Queretaro,Hilton Queretaro,QROJSHH,Open,Open,2024-05-29,Queretaro,Mexico,Hilton
unverified_no_code,receJrhmDhwgwOQAz,"The KAYOS Grace Bay Turks & Caicos, LXR Hotels & Resorts",,,Pipeline,,,Providenciales,Turks and Caicos Islands,LXR Hotels & Resorts
unverified_no_code,recewD5Kt7F6MDpyD,Homewood Suites by Hilton Punta Cana Bavaro,,,Pipeline,,,Punta Cana,Dominican Republic,Homewood Suites by Hilton
match,recfAsadhal5KlF7D,Hampton Inn by Hilton Monterrey Apodaca,Hampton Inn by Hilton Monterrey Apodaca,MTYTVHX,Open,Open,2018-06-28,Apodaca,Mexico,Hampton by Hilton
match,recgDZkiRysKvgCMz,Hampton by Hilton San Jose Airport,Hampton by Hilton San Jose Airport,SJCAPHX,Open,Open,2001-12-05,Alajuela,Costa Rica,Hampton by Hilton
match,recgIjT7jiohm6Qgm,Caribe Hilton,Caribe Hilton,SJNHIHH,Open,Open,,San Juan,Puerto Rico,Hilton
match,recgMPbrbOCxL0KBs,Hampton Inn by Hilton Piedras Negras,Hampton Inn by Hilton Piedras Negras,PDSHXHX,Open,Open,2016-08-17,Piedras Negras,Mexico,Hampton by Hilton
unverified_no_code,recgcOVunMPjXkJIH,"Kailani Grand Cayman, Curio Collection by Hilton",,,Pipeline,,,George Town,Cayman Islands,Curio Collection by Hilton
unverified_no_code,recgeikvPO8zuKTyJ,"ONE True Blue Beach Hotel & Residences, Tapestry Collection by Hilton",,,Pipeline,,,St George's,Grenada,Tapestry Collection by Hilton
match,recgikCWhrvjTV7X2,DoubleTree by Hilton Hotel San Juan Puerto Rico,DoubleTree by Hilton Hotel San Juan,SJUDTDT,Open,Open,2008-12-15,Santurce,Puerto Rico,DoubleTree by Hilton
unverified_no_code,recgm6jqMdbsfyH1r,Hilton Garden Inn New Kingston,,,Pipeline,,,Kingston,Jamaica,Hilton Garden Inn
match,recgr76Mtrt0ocudg,Waldorf Astoria Los Cabos Pedregal,Waldorf Astoria Los Cabos Pedregal,SJDWAWA,Open,Open,2019-09-24,Cabo San Lucas,Mexico,Waldorf Astoria
unverified_no_code,rechPRYcGCIXYysLp,Waldorf Astoria Antigua,,,Pipeline,,,St. Johns,Antigua and Barbuda,Waldorf Astoria
match,rechQ0MeFN0eQjDkl,Palacio Provincial San Juan Curio Collection by Hilton,"Palacio Provincial San Juan, Curio Collection by Hilton",SJUPPQQ,Open,Open,2024-06-25,San Juan,Puerto Rico,Curio Collection by Hilton
unverified_no_code,rechTFNeAAYgr9mms,Hyatt Vivid Playa del Carmen,,,Open,,,Playa Del Carmen,Mexico,Hilton
match,rechcNXNRIUaRNE8V,DoubleTree by Hilton Trujillo,DoubleTree by Hilton Trujillo,TRUEEDT,Open,Open,2022-02-14,Trujillo,Peru,DoubleTree by Hilton
unverified_no_code,rechsPpynyQwgwDXE,Tru by Hilton Merida,,,Pipeline,,,Mérida,Mexico,Tru by Hilton
match,reci3EBLJU1VCdyvA,Hilton Garden Inn Santiago Airport,Hilton Garden Inn Santiago Airport,SCLGIGI,Open,Open,2011-06-27,Santiago,Chile,Hilton Garden Inn
match,reciBq33l2r5v3dTG,Homewood Suites by Hilton Santo Domingo,Homewood Suites by Hilton Santo Domingo,SDQHWHW,Open,Open,2019-09-26,Santo Domingo,Dominican Republic,Homewood Suites by Hilton
match,reciEMhEl62tszmhZ,Hilton Garden Inn Lima Surco,Hilton Garden Inn Lima Surco,LIMSSGI,Open,Open,2016-11-10,Lima,Peru,Hilton Garden Inn
unverified_no_code,reciQhlhMvvRHjOKJ,Hilton Ushuaia,,,Pipeline,,,Ushuaia,Argentina,Hilton
match,recj0s8y9XLlZTEXx,Hilton Garden Inn Asuncion Aviadores del Chaco,Hilton Garden Inn Asuncion Aviadores del Chaco,ASUPYGI,Open,Open,2025-05-23,Asuncion,Paraguay,Hilton Garden Inn
match,recjJtNESmG0lxTdu,Hilton Rio de Janeiro Copacabana,Hilton Rio de Janeiro Copacabana,RIOCCHH,Open,Open,2017-05-02,Rio De Janeiro,Brazil,Hilton
match,recjVB7A0jclbqsis,Hampton by Hilton Arequipa,Hampton by Hilton Arequipa,AQPPEHX,Open,Open,2022-06-21,Arequipa,Peru,Hampton by Hilton
match,recjoG2WljFKbuh26,Condado Palm Inn San Juan Tapestry Collection by Hilton,"Condado Palm Inn San Juan, Tapestry Collection by Hilton",SJUCDUP,Open,Open,2023-06-29,San Juan,Puerto Rico,Tapestry Collection by Hilton
match,recjqOzoMxEjYNP2k,Hampton Inn Ciudad Victoria,Hampton Inn by Hilton Ciudad Victoria,CDJVCHX,Open,Open,2008-11-22,Ciudad Victoria,Mexico,Hampton by Hilton
match,recjvQh52k0iRrhYL,Hampton By Hilton Bogota Airport,Hampton by Hilton Bogota Airport,BOGHXHX,Open,Open,2017-10-03,Bogota,Colombia,Hampton by Hilton
unverified_no_code,reck0OX02AXOCxrxh,Hilton at Resorts World Bimini,,,Open,,,North Bimini,Bahamas,Hilton
unverified_no_code,reck2PvK11s2dCIim,Hilton Garden Inn Tegucigalpa,,,Pipeline,,,Tegucigalpa,Honduras,Hilton Garden Inn
match,reck3mcnNoBHtzN83,Hilton San Luis Potosi,Hilton San Luis Potosi,SLPHHHH,Open,Open,2015-05-01,San Luis Potosi,Mexico,Hilton
match,reck4i7JuuTqy8hPt,Hilton Garden Inn Guatemala City,Hilton Garden Inn Guatemala City,GUAGCGI,Open,Open,2015-07-02,Guatemala City,Guatemala,Hilton Garden Inn
match,reckMQcc7aIuXXn2B,Hilton Colon Guayaquil,Hilton Colon Guayaquil,GYEHIHF,Open,Open,2026-04-28,Guayaquil,Ecuador,Hilton
unverified_no_code,reckPAF3CABmHLFuR,Hilton Garden Inn Zacatecas,,,Pipeline,,,Zacatecas,Mexico,Hilton Garden Inn
match,reckRoTLLalQbN4Dt,Hilton Sao Paulo Morumbi,Hilton Sao Paulo Morumbi,SAOMOHH,Open,Open,,Sao Paulo,Brazil,Hilton
match,reckvgWP2CZlqOAf1,Hampton Inn San Juan Del Rio,Hampton Inn by Hilton San Juan del Rio,QROSJHX,Open,Open,2012-10-10,San Juan Del Rio,Mexico,Hampton by Hilton
unverified_no_code,reclS6G7japB4CAme,Hilton Garden Inn Mazatlan Malecon,,,Pipeline,,,Mazatlán,Mexico,Hilton Garden Inn
match,recmFSGlsmUfjjfVN,Hilton Garden Inn Maceio,Hilton Garden Inn Maceio,MCZHGGI,Open,Open,2024-09-03,Maceio,Brazil,Hilton Garden Inn
unverified_no_code,recmKm1fOIKj7XNle,Hampton by Hilton Mazatlan,,,Pipeline,,,Mazatlán,Mexico,Hampton by Hilton
unverified_no_code,recmb1oP0m9YF5C1F,Tru by Hilton Neuquen,,,Pipeline,,,Neuquén,Argentina,Tru by Hilton
match,recmeTWJ5zeyfgxx5,Hilton Monterrey,Hilton Monterrey Valle,MTYVOHH,Open,Open,2023-03-28,Monterrey,Mexico,Hilton
match,recmnQNMFWsCvLlxc,Hilton Garden Inn San Jose Airport City Mall,Hilton Garden Inn San Jose Airport City Mall,SJOACGI,Open,Open,2023-12-04,Alajuela,Costa Rica,Hilton Garden Inn
match,recn6Dia9FIlxvFKl,The Yucatan Playa del Carmen Tapestry Collection by Hilton,"The Yucatan Playa del Carmen, Tapestry Collection by Hilton",CZMPDUP,Open,Open,2021-05-12,Playa del Carmen,Mexico,Tapestry Collection by Hilton
match,recn8YF4gllYW9ijZ,Hilton Garden Inn San Jose La Sabana,Hilton Garden Inn San Jose La Sabana,SJOLSGI,Open,Open,2015-05-12,San Jose,Costa Rica,Hilton Garden Inn
match,recnScFPB3hSmdxjR,Hilton Garden Inn Montevideo,Hilton Garden Inn Montevideo,MVDMVGI,Open,Open,2015-12-01,Montevideo,Uruguay,Hilton Garden Inn
unverified_no_code,recnV6adKBfss0VfR,"Elephant Tree Resort and Villas Tobago, Tapestry Collection by Hilton",,,Pipeline,,,Roxborough,Trinidad and Tobago,Tapestry Collection by Hilton
unverified_no_code,recnWV84KWzMjGaSA,Hilton Garden Inn Toluca Tollocan,,,Pipeline,,,Toluca de Lerdo,Mexico,Hilton Garden Inn
match,recnePczxISckoGX9,Conrad Tulum Riviera Maya,Conrad Tulum Riviera Maya,CUNCICI,Open,Open,2021-12-09,Tulum,Mexico,Conrad
unverified_no_code,recnghPQp1s9E0fPq,Tru by Hilton Punta Cana Dominican Republic,,,Pipeline,,,Punta Cana,Dominican Republic,Tru by Hilton
unverified_no_code,recnnoSEtyC1eRWJ3,Tru by Hilton Santo Domingo,,,Pipeline,,,Santo Domingo,Dominican Republic,Tru by Hilton
match,recns9k9Wnvl3gHNU,Hampton by Hilton Antofagasta,Hampton by Hilton Antofagasta,ANFACHX,Open,Open,2019-03-21,Antofagasta,Chile,Hampton by Hilton
unverified_no_code,reco6uZTYF8hdpjjJ,Hampton by Hilton Panama,,,Open,,,Panama City,Panama,Hampton by Hilton
match,recoCJxA2Qem4vxnX,Hilton Garden Inn San Juan Condado,Hilton Garden Inn San Juan Condado,SJUSJGI,Open,Open,2023-12-14,San Juan,Puerto Rico,Hilton Garden Inn
unverified_no_code,recoR17mFObR37FS4,Home2 Suites by Hilton Monterrey Santa Catarina,,,Pipeline,,,Ciudad Santa Catarina,Mexico,Home2 Suites by Hilton
match,recofgevY6v7A3j3e,Hampton Inn by Hilton Guadalajara Airport,Hampton Inn by Hilton Guadalajara-Aeropuerto,GDLHAHX,Open,Open,2008-09-13,El Salto,Mexico,Hampton by Hilton
match,recogOWwY4RqoMW7u,LXR Hotels & Resorts Zemi Beach House,"Zemi Beach House, LXR Hotels & Resorts",AXAZBOL,Open,Open,2019-12-03,Shoal Bay,Anguilla,LXR Hotels & Resorts
match,recp3BuHUFzFeCNd5,Hilton Trinidad & Conference Centre,Hilton Trinidad & Conference Centre,POSHIHH,Open,Open,,Port of Spain,Trinidad and Tobago,Hilton
match,recpFa441YMotl8Lw,DoubleTree by Hilton Celaya,DoubleTree by Hilton Celaya,CYWCEDT,Open,Open,2019-12-03,Celaya,Mexico,DoubleTree by Hilton
unverified_no_code,recpIgNueFuEmnBSv,Hilton Garden Inn Saltillo,,,Pipeline,,,Saltillo,Mexico,Hilton Garden Inn
match,recpRSWB5yXwXdyHG,Hilton Guadalajara Midtown,Hilton Guadalajara Midtown,GDLGMHH,Open,Open,2018-11-20,Guadalajara,Mexico,Hilton
match,recpSXUiBJyCS9ESu,DoubleTree by Hilton Guayaquil,DoubleTree by Hilton Guayaquil,GYEEKDT,Open,Open,2024-10-03,Guayaquil,Ecuador,DoubleTree by Hilton
match,recphttl3lgozk9Gj,Hampton by Hilton Cali Colombia,"Hampton by Hilton Cali, Colombia",CLOHXHX,Open,Open,2014-06-10,Cali,Colombia,Hampton by Hilton
match,recpvs4LwBMc0GKNZ,Hampton Inn by Hilton Reynosa/Zona Industrial,Hampton Inn by Hilton Reynosa/Zona Industrial,REXHAHX,Open,Open,2008-06-03,Reynosa,Mexico,Hampton by Hilton
match,recpyBukrc5Pmffok,Curio Collection by Hilton Mangrove Beach Corendon Curacao All-Inclusive Resort,"Mangrove Beach Corendon Curacao All-Inclusive Resort, Curio by Hilton",CURRYQQ,Open,Open,2021-09-01,Willemstad,Curaçao,Curio Collection by Hilton
match,recq8Rg8upSJf92vL,Hilton Garden Inn Boca Del Rio Veracruz,Hilton Garden Inn Boca del Rio Veracruz,VERBRGI,Open,Open,2014-02-18,Boca del Rio,Mexico,Hilton Garden Inn
unverified_no_code,recqOCUeRMrh06nef,Hilton Monterrey,,,Pipeline,,,Monterrey,Mexico,Hilton
match,recqW4g4LGNvnovrq,Hampton Inn by Hilton Leon Guanajuato,Hampton Inn by Hilton Leon Guanajuato,BJXLGHX,Open,Open,2015-11-03,Leon,Mexico,Hampton by Hilton
match,recqYSyQtGP2bCxG7,Hampton Inn by Hilton San Juan Hato Rey,Hampton by Hilton San Juan City Center,SJACCHX,Pipeline,Pipeline,2026-09-17,San Juan,Puerto Rico,Hampton by Hilton
match,recr2wc8oBpm46jWj,DoubleTree by Hilton Foz do Iguacu Brazil,DoubleTree by Hilton Foz do Iguacu Brazil,IGUCUDT,Open,Open,2022-11-09,Foz do Iguaçu,Brazil,DoubleTree by Hilton
match,recr3DXLHdh09J8mi,Hampton by Hilton St. Thomas,Hampton by Hilton St. Thomas,STTUNHX,Open,Open,2025-08-05,Charlotte Amalie,US Virgin Islands,Hampton by Hilton
match,recrHckQP55XZ9T9G,Hampton Inn by Hilton Chihuahua City,Hampton Inn by Hilton Chihuahua City,CUUMXHX,Open,Open,2000-04-04,Chihuahua,Mexico,Hampton by Hilton
match,recrQn2SaH08gIknY,Hilton Garden Inn Bogota Airport,Hilton Garden Inn Bogota Airport,BOGATGI,Open,Open,2018-02-01,Bogota,Colombia,Hilton Garden Inn
unverified_no_code,recrVkCsIjx0hjr3K,Dreams Rose Hall Resort & Spa,,,Open,,,Montego Bay,Jamaica,Hilton
match,recrikOk2m2grKJv9,Royal Palm Galapagos Curio Collection by Hilton,"Royal Palm Galapagos, Curio Collection Hotel by Hilton",GPSRPQQ,Open,Open,2022-06-30,Puerto Ayora,Ecuador,Curio Collection by Hilton
match,recrp3O4pJkbNDl4Q,MS Milenium Monterrey Curio Collection by Hilton,"MS Milenium Monterrey, Curio Collection by Hilton",MTYMMQQ,Open,Open,2020-12-01,San Pedro Garza Garcia,Mexico,Curio Collection by Hilton
match,recrt0BVRIc581hh9,Hampton by Hilton Valledupar,Hampton by Hilton Valledupar,VUPHXHX,Open,Open,2015-04-14,Valledupar,Colombia,Hampton by Hilton
match,recsfdgt5QDnDJNO4,Hampton by Hilton Santa Cruz/Equipetrol Bolivia,"Hampton by Hilton Santa Cruz/Equipetrol, Bolivia",SRZEQHX,Open,Open,2015-12-15,Santa Cruz,Bolivia,Hampton by Hilton
unverified_no_code,recsoakzBMUN6jde5,"Buenos Aires Parque Leloir, Hilton Garden Inn",,,Pipeline,,,Parque Leloir,Argentina,Hilton Garden Inn
match,recstmPTvHzDCYdCY,Hilton Garden Inn Guadalajara Airport,Hilton Garden Inn Guadalajara Airport,GDLAPGI,Open,Open,2024-03-26,Guadalajara,Mexico,Hilton Garden Inn
match,rectQ1CDJUMv5xNJ9,Hilton Vallarta Riviera All Inclusive Resort,Hilton Vallarta Riviera All-Inclusive Resort,PVRPAHH,Open,Open,2021-08-16,Sur Puerto Vallarta,Mexico,Hilton
unverified_graphql_error,rectfK5qimGPYc6Re,"Hilton La Romana, an All-Inclusive Adult Only Resort",,LRMDOHH,Open,,,La Romana,Dominican Republic,Hilton
unverified_no_code,rectfLvMQpQiU459M,"Qarib Hotel Bombinhas, Tapestry Collection by Hilton",,,Pipeline,,,Bombinhas,Brazil,Tapestry Collection by Hilton
match,rectoi6KxnMR0guvX,Gran Hotel Costa Rica Curio Collection by Hilton,"Gran Hotel Costa Rica, Curio Collection by Hilton",SJOCUQQ,Open,Open,2018-07-10,San Jose,Costa Rica,Curio Collection by Hilton
match,recu51JABui6zulIr,Botanika Osa Peninsula Resort Curio Collection by Hilton,"Botanika Osa Peninsula Costa Rica Resort, Curio Collection by Hilton",PJMCRQQ,Open,Open,2022-05-03,Puerto Jimenez,Costa Rica,Curio Collection by Hilton
unverified_no_code,recuQ0ApQUbAen1HU,"Hampton by Hilton Kingston, Jamaica",,,Pipeline,,,Kingston,Jamaica,Hampton by Hilton
match,recuWLICx9WtOrSvh,Hilton Garden Inn Monterrey Obispado,Hilton Garden Inn Monterrey Obispado,MTYGIGI,Open,Open,2020-03-10,Monterrey,Mexico,Hilton Garden Inn
match,recunKuZvWFIcaTEx,Hampton by Hilton Bucaramanga,Hampton by Hilton Bucaramanga,BGAHXHX,Open,Open,2016-07-14,Bucaramanga,Colombia,Hampton by Hilton
unverified_no_code,recuyD1bkJRgNElgG,Tru by Hilton Bariloche,,,Pipeline,,,San Carlos de Bariloche,Argentina,Tru by Hilton
match,recuzI4Vhe1Mu1pjQ,Embassy Suites by Hilton Santo Domingo,Embassy Suites by Hilton Santo Domingo,SDQSDES,Open,Open,2014-06-20,Santo Domingo,Dominican Republic,Embassy Suites by Hilton
match,recv0t7j79fnXdXlR,Hilton Panama,Hilton Panama,PTYHFHH,Open,Open,2014-08-14,Panama,Panama,Hilton
match,recv7oiw7f6fX8SOj,Tru by Hilton Monterrey Fundidora,Tru by Hilton Monterrey Fundidora,MTYMARU,Open,Open,2022-12-15,Monterrey,Mexico,Tru by Hilton
match,recvFI0CWUThIwUTS,Hilton Garden Inn Leon Poliforum,Hilton Garden Inn Leon,BJXADGI,Open,Open,2020-11-17,Leon,Mexico,Hilton Garden Inn
match,recvQ61LspBBZxM0t,DoubleTree by Hilton Lima San Isidro,DoubleTree by Hilton Lima San Isidro,LIMALDT,Open,Open,2024-03-11,San Isidro,Peru,DoubleTree by Hilton
match,recvRQ6pgTaVqXr6y,Hilton Garden Inn San Jose Airport City Mall,Hilton Garden Inn San Jose Airport City Mall,SJOACGI,Open,Open,2023-12-04,Alajuela,Costa Rica,Hilton Garden Inn
match,recvd2hgI3OySeBWW,Homewood Suites by Hilton Cariari San Jose,Homewood Suites by Hilton Cariari San Jose,SJOHEHW,Open,Open,2025-08-12,San Jose,Costa Rica,Homewood Suites by Hilton
match,recvrtZoFJjmDZqun,Hilton Garden Inn San Juan Condado,Hilton Garden Inn San Juan Condado,SJUSJGI,Open,Open,2023-12-14,San Juan,Puerto Rico,Hilton Garden Inn
unverified_no_code,recwRYg4AizBAI6cD,Tru by Hilton Monterrey Apodaca,,,Pipeline,,,Ciudad Apodaca,Mexico,Tru by Hilton
match,recwszIyvIDDuaFgC,Hampton Inn Zacatecas,Hampton Inn by Hilton Zacatecas,ZCLHXHX,Open,Open,2015-05-01,Zacatecas,Mexico,Hampton by Hilton
unverified_no_code,recwxmC825XAsUVZl,Hilton Medellin,,,Pipeline,,,Medellín,Colombia,Hilton
unverified_no_code,recx0OvNOBmyS6SUP,Fiesta Inn Express Cancun Cumbres,,,Open,,,Cancun,Mexico,Hampton by Hilton
unverified_no_code,recx3WgeBGaGsx0Ee,Hilton Cancun Resort,,,Open,,,Cancun,Mexico,Hilton
match,recxCNeu71Xyy8xhY,DoubleTree by Hilton Hotel Queretaro,DoubleTree by Hilton Hotel Queretaro,QRODTDT,Open,Open,2011-07-19,Queretaro,Mexico,DoubleTree by Hilton
match,recxEvJftgktdI6oE,Hilton Garden Inn Salta,Hilton Garden Inn Salta – San Lorenzo Chico,SLACKGI,Pipeline,Pipeline,2027-07-06,Salta,Argentina,Hilton Garden Inn
unverified_no_code,recxd8bXWvmBgLici,Tru by Hilton Monterrey Santa Catarina,,,Pipeline,,,Ciudad Santa Catarina,Mexico,Tru by Hilton
match,recxriaGzhdw0HAyb,Waldorf Astoria Cancun,Waldorf Astoria Riviera Maya,CUNWAWA,Open,Open,2022-11-01,Cancun,Mexico,Waldorf Astoria
match,recxwqV4cQPaaT3T0,Hilton Garden Inn Santa Marta,Hilton Garden Inn Santa Marta,SMRGIGI,Open,Open,2018-03-22,Santa Marta,Colombia,Hilton Garden Inn
unverified_no_code,recyXMli3PThcNSet,Tru by Hilton Altamira Puerto,,,Pipeline,,,Altamira,Mexico,Tru by Hilton
match,recyYi9T5S2WCoFoV,Hampton Inn by Hilton Monterrey/Galerias-Obispado,Hampton Inn by Hilton Monterrey/Galerías-Obispado,MTYGAHX,Open,Open,1997-08-08,Monterrey,Mexico,Hampton by Hilton
match,recylWxkvo9yFTDJj,DoubleTree by Hilton Hotel Santiago - Vitacura,DoubleTree by Hilton Hotel Santiago - Vitacura,SCLSVDT,Open,Open,2015-04-08,Santiago,Chile,DoubleTree by Hilton
match,recypLLe3st6SJl0s,Nacar Hotel Cartagena Curio Collection,"Nacar Hotel Cartagena, Curio Collection by Hilton",CTGMAQQ,Open,Open,2020-12-15,Cartagena,Colombia,Curio Collection by Hilton
match,recyq7cHeUFqDjPLs,SORO Montevideo Curio Collection by Hilton,"SORO Montevideo, Curio Collection by Hilton",MVDSOQQ,Open,Open,2019-10-15,Montevideo,Uruguay,Curio Collection by Hilton
match,recysCtTLGnftfwni,Hilton Garden Inn Aguascalientes,Hilton Garden Inn Aguascalientes,AGUGIGI,Open,Open,2017-11-15,Aguascalientes,Mexico,Hilton Garden Inn
match,recz39d2LktlKidzz,Hilton Tulum Riviera Maya All-Inclusive,Hilton Tulum Riviera Maya All-Inclusive Resort,CUNHIHH,Open,Open,2022-04-07,Tulum,Mexico,Hilton
match,recz4rePhwtGzaTzr,Hualta Hotel Mendoza Curio Collection by Hilton,"Hualta Hotel Mendoza, Curio Collection by Hilton",MDZAHQQ,Open,Open,2023-09-15,Mendoza,Argentina,Curio Collection by Hilton
match,reczdjyhPCOlyIHgw,Hilton Garden Inn Puebla Angelopolis,Hilton Garden Inn Puebla Angelópolis,PBCGIGI,Open,Open,2016-11-29,San Andres Cholula,Mexico,Hilton Garden Inn
match,reczeUpJMc6uiCfGw,Hilton Garden Inn Guadalajara Airport,Hilton Garden Inn Guadalajara Airport,GDLAPGI,Open,Open,2024-03-26,Guadalajara,Mexico,Hilton Garden Inn