legacyRecordId,legacyHotelName,legacyCountry,targetBrand,lookupStatus,nearbyCount,bestOsmSourceRecordId,bestOsmName,matchConfidence,matchScore,distanceMeters,candidateAlreadyExists,wouldCreateCuratedCandidate,matchReason
rec0EpqT5eOpSeqle,Comfort Hotel Sao Caetano,Brazil,Comfort Inn & Suites,no_nearby_osm,0,,,none,0,,false,false,No nearby OSM match
rec0Z3KDZDLYLjyQF,Comfort Hotel Sertaozinho,Brazil,Comfort Inn & Suites,ok,3,node/3495963003,Confort Hotel,none,49,19,true,false,No credible OSM match for Choice target
rec0aasxB3kfvUGk5,Comfort Inn Queretaro Tecnologico,Mexico,Comfort Inn & Suites,ok,3,node/1942092142,Cayala Inn,none,46,9,true,false,No credible OSM match for Choice target
rec1E6GwQPkcYgLzo,Sleep Inn Torreon,Mexico,Sleep Inn,ok,1,node/852076023,Hampton Inn,none,39,428,true,false,No credible OSM match for Choice target
rec1saEQEVimscdNZ,Sleep Inn Puebla Centro Historico,,,overpass_error,0,,,none,0,,false,false,"Overpass HTTP 429: <?xml version=""1.0"" encoding=""UTF-8""?>
<!DOCTYPE html PUBLIC ""-//W3C//DTD XHTML 1.0 Strict//EN""
    ""http://www.w3.org/TR/xhtml1/DTD/xhtml1-strict.dtd"">
<html xmlns=""http://www.w3.org/1999/xhtml"" xml:lang=""en"" lang=""en"">
<head>
  <meta http-equiv=""content-type"" content=""text/html; charset=utf-8"" lang=""en""/>
  <title>OSM3S Response</title>
</head>
<body>

<p>The data included in this document is from www.openstreetmap.org. The data is made available under ODbL.</p>
<p><strong style=""color:#FF0000"
rec1tK1hmOMPahzSm,Radisson Hotel Curico,Chile,Radisson by Choice,ok,2,way/562641301,Diego de Almagro,none,45,181,true,false,No credible OSM match for Choice target
rec2LMW5amO5Z7R7x,Radisson Recife,Brazil,Radisson by Choice,ok,3,node/812000698,Beach Class Suites,none,35,111,true,false,No credible OSM match for Choice target
rec2hRrU0bZxd1AD4,Quality Hotel & Suites Natal,Brazil,Quality Inn,ok,20,node/1368100797,Coco Verde Flats,none,35,494,true,false,No credible OSM match for Choice target
rec2wIqZVeq7laR6r,Radisson Hotel Santo Domingo,Dominican Republic,Radisson by Choice,ok,3,node/3216771022,Radisson Hotel Santo Domingo,high,100,21,true,false,"Strong name (100%), same country, 21m"
rec3VuBaUE93xPcfE,Radisson Hotel Vale dos Vinhedos,Brazil,Radisson by Choice,ok,1,way/558906574,Vuiello Bruschi Hotel,none,53,6,false,false,No credible OSM match for Choice target
rec41pj0cY3OXH0Hv,Radisson Paraiso Hotel Mexico City,Mexico,Radisson by Choice,ok,1,way/471959541,Radisson Paraiso Hotel Mexico City,high,98,5,true,false,"Strong name (100%), same country, 5m"
rec4gTiLtqAToexR2,Comfort Inn Ciudad Juarez,Mexico,Comfort Inn & Suites,ok,7,node/3099728016,El Conquistador,none,25,466,true,false,No credible OSM match for Choice target
rec5FH1lc338JOxX1,Comfort Inn Real San Miguel,El Salvador,Comfort Inn & Suites,ok,1,way/378491621,Comfort Inn,medium,86,18,false,true,"Good name (75%), same country, 18m"
rec5FTPBwWJrS7KRF,Quality Hotel Faria Lima,Brazil,Quality Inn,ok,3,node/5186087795,Hotel Arcobello,none,46,318,true,false,No credible OSM match for Choice target
rec5JWoqtJQBQIGhO,Comfort Hotel Maceio,Brazil,Comfort Inn & Suites,ok,10,node/644457520,Costa Mar,none,35,6,true,false,No credible OSM match for Choice target
rec5loLpOWwfXL9ua,Sleep Inn Manaus,Brazil,Sleep Inn,ok,4,node/1746270746,Novotel,none,25,356,true,false,No credible OSM match for Choice target
rec6aUiqKl87vRVXG,Emotions All Inclusive Juan Dolio Ascend Hotel Collection,Dominican Republic,Ascend Collection,ok,2,node/6468314516,Hotel Emotions by Hodelpa,none,46,7,true,false,No credible OSM match for Choice target
rec6kARmGoWlSxpJV,Radisson Poliforum Plaza Hotel Leon,Mexico,Radisson by Choice,ok,1,node/4389216210,Radisson Poliforum Plaza Hotel Leon,high,100,45,true,false,"Strong name (100%), same country, 45m"
rec6mRuB2thYBcO4L,Comfort Hotel Goiania,Brazil,Comfort Inn & Suites,ok,2,node/10111761581,Rede Andrade Goiania Centro,none,44,248,true,false,No credible OSM match for Choice target
rec6sVPgm8E8UNHTA,Radisson Hotel Trinidad,Trinidad and Tobago,Radisson by Choice,ok,2,way/100855893,Hyatt Regency Trinidad,none,56,205,true,false,No credible OSM match for Choice target
rec6w6h6tfQUrn2uO,Quality Hotel Vitoria,Brazil,Quality Inn,ok,1,way/320384022,Quality Hotel Aeroporto Vitória,medium,76,20,false,true,"Good name (75%), same country, 20m"
rec7Ny9PfihzkgEGK,Comfort Inn Irapuato,Mexico,Comfort Inn & Suites,no_nearby_osm,0,,,none,0,,false,false,No nearby OSM match
rec7O9qgI7zbuI7Pk,Comfort Hotel Mogi Guacu,Brazil,Comfort Inn & Suites,ok,1,way/436318075,Comfort Hotel,medium,94,85,false,true,"Good name (75%), same country, 85m"
rec7bk5veMtcKm8La,Radisson Hotel Curitiba,Brazil,Radisson by Choice,ok,4,node/679715036,Bourbon Batel Express,none,35,123,true,false,No credible OSM match for Choice target
rec7wuYYenSfiKwIo,Park Inn Berrini,Brazil,Park Inn by Choice,ok,3,node/2222870498,Hotel Intercity Berrini,none,56,141,true,false,No credible OSM match for Choice target
rec7z5uQ9n5KRxloL,Quality Inn Piedras Negras,Mexico,Quality Inn,no_nearby_osm,0,,,none,0,,false,false,No nearby OSM match
rec8CrfZn86Bxs31p,Sleep Inn Queretaro,Mexico,Sleep Inn,ok,5,node/3141918837,Danés,none,25,441,true,false,No credible OSM match for Choice target
rec8VbiatJup4g2ZI,Radisson Hotel Puerto Varas,Chile,Radisson by Choice,ok,36,node/363402771,Bellavista,none,35,151,true,false,Country does not match OSM candidate
rec99PlN1Z4j0pSZj,Radisson Hotel & Convention Center Toluca,Mexico,Radisson by Choice,ok,4,node/947410240,Holiday Inn Express Toluca,none,52,138,true,false,No credible OSM match for Choice target
rec9JUj4ObNRgs8JC,Sleep Inn Guadalajara Galerias,Mexico,Sleep Inn,no_nearby_osm,0,,,none,0,,false,false,No nearby OSM match
rec9nG8vcyOmZXJSR,Hotel Chihuahua San Francisco,,,overpass_error,0,,,none,0,,false,false,"Overpass HTTP 429: <?xml version=""1.0"" encoding=""UTF-8""?>
<!DOCTYPE html PUBLIC ""-//W3C//DTD XHTML 1.0 Strict//EN""
    ""http://www.w3.org/TR/xhtml1/DTD/xhtml1-strict.dtd"">
<html xmlns=""http://www.w3.org/1999/xhtml"" xml:lang=""en"" lang=""en"">
<head>
  <meta http-equiv=""content-type"" content=""text/html; charset=utf-8"" lang=""en""/>
  <title>OSM3S Response</title>
</head>
<body>

<p>The data included in this document is from www.openstreetmap.org. The data is made available under ODbL.</p>
<p><strong style=""color:#FF0000"
recABeu9m90R7W5xC,Park Inn by Radisson Mazatlan,Mexico,Park Inn by Choice,ok,5,node/848132766,Crowne Plaza,none,25,428,true,false,No credible OSM match for Choice target
recAXPslFL4gB6JXi,"Park Inn By Radisson San Jose, Costa Rica",Costa Rica,Park Inn by Choice,ok,12,node/3982520175,Aldea Hostel,none,35,262,true,false,No credible OSM match for Choice target
recB0sjy8eQbw7IkO,"Radisson Hotel Sao Paulo, Pinheiros",Brazil,Radisson by Choice,ok,4,node/892104234,Mercure Apartments São Paulo Excellence,none,41,269,true,false,No credible OSM match for Choice target
recBY6pWoJPO5SYYp,Comfort Suites Sao Jose Do Rio Preto,Brazil,Comfort Suites,ok,1,way/424814153,Faria Lima Flat Service,none,45,39,false,false,No credible OSM match for Choice target
recBqjM7mQgCZIpqh,Comfort Hotel Taguatinga,Brazil,Comfort Inn & Suites,ok,7,way/160342160,Atlântico Hotel,none,49,94,false,false,No credible OSM match for Choice target
recC9ZIeByrNob1dw,Quality Hotel St Paul Rio Preto,Brazil,Quality Inn,no_nearby_osm,0,,,none,0,,false,false,No nearby OSM match
recCDEah4N9Ue6zcF,Clarion Hotel San Pedro Sula,Honduras,Clarion,ok,3,node/3171513035,Hotel Clarion,none,57,14,true,false,No credible OSM match for Choice target
recCFOVKqiBIfxfu5,Clarion Hotel Faria Lima,Brazil,Clarion,ok,8,node/1974956000,Transamerica La Residence,none,35,112,true,false,No credible OSM match for Choice target
recCZqZoIfrf7MKAZ,Quality Hotel Aracaju,Brazil,Quality Inn,ok,1,way/95641843,Quality,medium,86,12,false,true,"Good name (75%), same country, 12m"
recCdbhX9YK5Lfo6g,Comfort Inn Delicias,Mexico,Comfort Inn & Suites,ok,1,way/1111146096,Hotel Comfort Inn,low,63,19,false,false,"Partial name/brand match within 19m, same country"
recCsMQgmbOIyGm7e,Comfort Inn Puebla Centro Historico,Mexico,Comfort Inn & Suites,ok,3,node/1835993789,Virreyes,none,25,401,true,false,No credible OSM match for Choice target
recDLgo6qnMMm44Kr,Radisson Hotel Barra Rio De Janeiro,Brazil,Radisson by Choice,ok,1,way/779042795,Radisson Hotel Barra Rio de Janeiro,high,100,13,false,true,"Strong name (100%), same country, 13m"
recDRdpfwuFTi4hJt,El Cid Marina Beach Hotel,Mexico,Ascend Collection,ok,4,node/3832800415,El Cid Marina Beach Hotel,high,100,186,true,false,"Strong name (100%), same country, 186m"
recE6QDoq1xtuncTD,Radisson Vila Olimpia Sao Paulo,Brazil,Radisson by Choice,ok,5,node/2299038651,Ceaser Park,none,25,370,true,false,No credible OSM match for Choice target
recFODBnRGXiPIhWN,Quality Suites Joao Pessoa,Brazil,Quality Inn,ok,11,node/4568389698,HOTEL VILLAGE PREMIUM,none,25,270,true,false,No credible OSM match for Choice target
recFm03giCXiSunLp,Radisson Hotel Diamond Barranquilla,Colombia,Radisson by Choice,ok,7,way/561115746,Hotel Charthon,none,36,438,true,false,No credible OSM match for Choice target
recHJi993HTEUWJFV,Ascend Hotel Collection Mas Na at the Groves,Puerto Rico,Ascend Collection,no_nearby_osm,0,,,none,0,,false,false,No nearby OSM match
recI1Szkt2BtPnsnF,Radisson Cartagena Ocean Pavillion Hotel,Colombia,Radisson by Choice,ok,4,node/13389006353,Faranda Collection Cartagena a Member Of Radisson Individuals,none,56,198,true,false,No credible OSM match for Choice target
recIBD6ezsMUAfMg0,Hotel Casa La Factoria by Faranda Boutique a member of Radisson Individuals,Colombia,Radisson Individuals by Choice,ok,34,node/1260302993,Hostal Santo Domingo,none,35,181,true,false,No credible OSM match for Choice target
recID0aQJjjVchBOp,Faranda Collection Barranquilla a member of Radisson Individuals,Colombia,Radisson Individuals by Choice,ok,5,node/4715805489,The meeting point,none,25,403,true,false,No credible OSM match for Choice target
recImFmHWCO2hYUZM,Faranda Collection Cali A Member Of Radisson Individuals,Colombia,Radisson Individuals by Choice,ok,23,node/1224814557,Posada San Antonio,none,25,434,true,false,No credible OSM match for Choice target
recJG39v9OTcwihy8,Comfort Inn & Suites Levittown,Puerto Rico,Comfort Inn & Suites,ok,1,node/8321395988,Comfort Inn & Suites,medium,84,8,false,true,"Good name (75%), same country, 8m"
recJHMJ5eeqBvGzBt,Comfort Hotel Franca,Brazil,Comfort Inn & Suites,ok,1,way/295443729,Confort Hotel,none,59,32,false,false,No credible OSM match for Choice target
recJW1QBKl60HKqDC,Park Plaza Porto Alegre Moinhos de Vento,Brazil,Park Plaza by Choice,ok,2,node/845440422,Hilton Porto Alegre,none,49,360,true,false,No credible OSM match for Choice target
recJbdVpfPwdnTX7X,Radisson Aquatica Resort Barbados,Barbados,Radisson by Choice,ok,3,way/244702969,Barbados Hilton,none,36,470,false,false,No credible OSM match for Choice target
recJuVUstMrQOH8lv,Radisson Hotel Oscar Freire,Brazil,Radisson by Choice,ok,7,node/5058261752,WZ Hotel,none,46,301,true,false,No credible OSM match for Choice target
recKaE1DQ7B9NbGTy,Quality Suites Oscar Freire,Brazil,Quality Inn,ok,4,node/892104234,Mercure Apartments São Paulo Excellence,none,45,230,true,false,No credible OSM match for Choice target
recKsMXA0bk9sxztJ,Radisson Hotel Monterrey San Jeronimo,Mexico,Radisson by Choice,ok,2,node/795734928,Four Points by Sheraton Galerias Monterrey,none,41,466,true,false,No credible OSM match for Choice target
recLfJf5Y3l37uaMD,Comfort Hotel Guarulhos Airport,Brazil,Comfort Inn & Suites,ok,4,node/6507247920,Sleep Inn Guarulhos,none,54,30,true,false,No credible OSM match for Choice target
recM6H22waiVJHUGk,"The Mangrove, An Ascend Hotel Collection Member",US Virgin Islands,Ascend Collection,ok,2,node/453039965,"The Ritz-Carlton, Saint Thomas",none,31,275,false,false,No credible OSM match for Choice target
recMX7xtaElXbVUVP,Clarion Suites Guatemala City,,,overpass_error,0,,,none,0,,false,false,"Overpass HTTP 429: <?xml version=""1.0"" encoding=""UTF-8""?>
<!DOCTYPE html PUBLIC ""-//W3C//DTD XHTML 1.0 Strict//EN""
    ""http://www.w3.org/TR/xhtml1/DTD/xhtml1-strict.dtd"">
<html xmlns=""http://www.w3.org/1999/xhtml"" xml:lang=""en"" lang=""en"">
<head>
  <meta http-equiv=""content-type"" content=""text/html; charset=utf-8"" lang=""en""/>
  <title>OSM3S Response</title>
</head>
<body>

<p>The data included in this document is from www.openstreetmap.org. The data is made available under ODbL.</p>
<p><strong style=""color:#FF0000"
recQ33UuRCjytmL54,Radisson Blu Sao Paulo,Brazil,Radisson Blu by Choice,ok,4,node/1974956000,Transamerica La Residence,none,25,318,true,false,No credible OSM match for Choice target
recQVxeHdrKdQlQNF,Radisson Grenada Beach Resort,Grenada,Radisson by Choice,ok,4,node/5808110053,Seabreeze hotel,none,25,293,false,false,No credible OSM match for Choice target
recQcydlpW55d7TKb,Radisson Puebla Angelopolis,Mexico,Radisson by Choice,ok,1,node/5955272235,Hotel Four Points,none,35,21,true,false,No credible OSM match for Choice target
recROU7DMIHSXYyCc,Sleep Inn Mexicali,Mexico,Sleep Inn,ok,1,way/1175733753,Sleep inn,medium,76,7,false,true,"Good name (75%), same country, 7m"
recRTjo9e5hXY1WSk,Radisson Hotel Tapatio Guadalajara,Mexico,Radisson by Choice,ok,1,way/483101495,Hotel El Tapatío,none,57,84,true,false,No credible OSM match for Choice target
recSUnFspVNPm8Zt7,"Radisson Blu Hotel Resort & Spa, Papagayo, Costa Rica",Costa Rica,Radisson Blu by Choice,ok,3,node/1230251511,Hotel Casa Conde,none,31,414,true,false,No credible OSM match for Choice target
recSUtTbCWRjYhsUV,Radisson RED Miraflores,Peru,Radisson RED by Choice,ok,40,node/2411899241,José Antonio Hoteles,none,35,356,true,false,No credible OSM match for Choice target
recTkv8cbk8MZW9pt,Comfort Hotel & Suites Natal,Brazil,Comfort Inn & Suites,ok,21,node/1368100797,Coco Verde Flats,none,35,444,true,false,No credible OSM match for Choice target
recULuD2QBXPk4p2U,Comfort Inn Tampico,Mexico,Comfort Inn & Suites,no_nearby_osm,0,,,none,0,,false,false,No nearby OSM match
recUMyhRYKH5y7aIV,"Atlantique View Resort And Spa, Ascend Hotel Collection",Dominica,Ascend Collection,ok,1,way/369358315,Atlantique Resort & Spa,none,47,64,false,false,No credible OSM match for Choice target
recUQrkSxWLn01s92,Comfort Hotel Fortaleza,Brazil,Comfort Inn & Suites,ok,11,node/10140065707,Hotel Pauli,none,49,447,true,false,No credible OSM match for Choice target
recURnlEeQal1W77R,Hotel Faranda Guayacanes a member of Radisson Individuals,Panama,Radisson Individuals by Choice,ok,1,way/1114727711,Hotel Faranda Guayacanes Chitre,none,56,29,true,false,No credible OSM match for Choice target
recUxlOxvAr3rrWb0,Comfort Suites Londrina,Brazil,Comfort Suites,ok,2,way/414740504,Villalba Hotel,none,35,122,false,false,No credible OSM match for Choice target
recVCFNAE867smKyT,Comfort Hotel Ibirapuera,Brazil,Comfort Inn & Suites,ok,5,way/521399675,Wyndham Ibirapuera,none,49,451,false,false,No credible OSM match for Choice target
recW9oKmmNs3gswgb,Hotel Faranda Bolivar Cucuta A Member Of Radisson Individuals,Colombia,Radisson Individuals by Choice,ok,1,node/587549058,"Hotel Faranda Bolívar Cúcuta, a member of Radisson Individuals",medium,78,55,true,false,"Good name (78%), same country, 55m"
recWK7cfMtuIj89xd,Quality Inn Ciudad Obregon,Mexico,Quality Inn,ok,3,node/5564723772,Wyndham Garden,none,35,50,true,false,No credible OSM match for Choice target
recWVBjYACTzmVLeN,Comfort Inn Chihuahua,Mexico,Comfort Inn & Suites,no_nearby_osm,0,,,none,0,,false,false,No nearby OSM match
recXsdIoD3FNG093n,Emotions All Inclusive Puerto Plata Ascend Hotel Collection,Dominican Republic,Ascend Collection,ok,6,node/1234382123,Emotion By Hodelpa.,none,35,25,true,false,No credible OSM match for Choice target
recYAoPBUGOcs2ujj,Radisson Bogota Metrotel,Colombia,Radisson by Choice,ok,5,node/2597158140,Radisson Metrotel Royal Park,none,57,25,true,false,No credible OSM match for Choice target
recYq8Xdh6uHvdjsU,Radisson Hotel Santa Cruz,Bolivia,Radisson by Choice,ok,1,way/555846218,Radisson Hotel Santa Cruz,high,98,31,false,true,"Strong name (100%), same country, 31m"
recZI5mQ4c0lNhns5,Ascend Collection Roxborough,Trinidad and Tobago,Ascend Collection,no_nearby_osm,0,,,none,0,,false,false,No nearby OSM match
recak8mGBPSSEBswK,Quality Suites Vila Velha,Brazil,Quality Inn,ok,2,way/323734959,Champagnat Praia Hotel,none,35,440,false,false,No credible OSM match for Choice target
recazBNxPazCs8y7a,Quality Hotel Goiania,Brazil,Quality Inn,no_nearby_osm,0,,,none,0,,false,false,No nearby OSM match
recbl4EWE8dzSS0lO,Amberes 64 Ascend Hotel Collection,Mexico,Ascend Collection,ok,17,node/3974573414,Hotel Suites Amberes,none,53,10,true,false,No credible OSM match for Choice target
reccUca5e2ucKq8gs,Quality Hotel Paulista Sao Paulo,Brazil,Quality Inn,ok,11,node/1801306041,Le Premier,none,35,204,true,false,No credible OSM match for Choice target
reccXi9kLfZrKEW42,Quality Hotel Real Aeropuerto,El Salvador,Quality Inn,no_nearby_osm,0,,,none,0,,false,false,No nearby OSM match
reccYplUPmgS84rxI,Grand Hotel Guayaquil Ascend Hotel Collection,Ecuador,Ascend Collection,ok,24,node/412096490,Hotel La Torre,none,33,307,true,false,No credible OSM match for Choice target
recdMCXtrk9IeKyzi,Quality Hotel Jundiai,Brazil,Quality Inn,no_nearby_osm,0,,,none,0,,false,false,No nearby OSM match
recdMIRgh88xccup0,Sleep Inn Paulinia,Brazil,Sleep Inn,ok,1,way/1451416922,Sleep Inn Paulínia,medium,88,335,false,true,"Good name (100%), same country, 335m"
recebpzkwn6zMzja5,Comfort Inn Real La Union,El Salvador,Comfort Inn & Suites,ok,1,way/403753780,Comfort Inn La Unión,medium,79,54,false,true,"Good name (80%), same country, 54m"
recekU5u0u05pxpLd,Radisson Hotel Flecheiras,Brazil,Radisson by Choice,ok,2,node/9881569782,InnTribus Hotel,none,49,202,true,false,No credible OSM match for Choice target
receraO6a2LBlAFS9,Quality Hotel Blumenau,Brazil,Quality Inn,ok,1,way/352100643,Quality Hotel,medium,86,9,false,true,"Good name (75%), same country, 9m"
recetmfWRpItxC3HM,Comfort Suites Flamboyant,Brazil,Comfort Suites,ok,1,way/764268047,Comfort Suites Flamboyant,high,98,8,false,true,"Strong name (100%), same country, 8m"
recexALRJCnOkTBt1,Country Inn & Suites By Radisson San Jose Aeropuerto Costa Rica,Costa Rica,Country Inn & Suites by Choice,ok,8,node/623418162,Adventure Inn Hotel,none,30,333,true,false,No credible OSM match for Choice target
recfJwzEQpnITOiLm,Quality Suites Vila Olimpia,Brazil,Quality Inn,ok,3,node/2299038651,Ceaser Park,none,25,497,true,false,No credible OSM match for Choice target
recfyYM0Axiz3Gwe8,Radisson RED Campinas,Brazil,Radisson RED by Choice,ok,3,node/1712160715,Royal Palm Tower,none,25,364,true,false,No credible OSM match for Choice target
recg8zrORIFqjCXZn,Park Inn by Radisson Los Olivos de Vallenar,Chile,Park Inn by Choice,no_nearby_osm,0,,,none,0,,false,false,No nearby OSM match
recgLsIbA1EGCjwc8,Radisson Blu Aruba,Aruba,Radisson Blu by Choice,ok,7,node/3102989929,Playa Linda Beach Resort,none,25,433,false,false,No credible OSM match for Choice target
recgmC79m175Dqusa,Sleep Inn Monterrey Norte,Mexico,Sleep Inn,ok,6,node/1356420898,Wyndham Garden Monterrey Norte,none,43,315,true,false,No credible OSM match for Choice target
recguCs8MkHILsbxx,Comfort Suites Alphaville,Brazil,Comfort Suites,ok,1,way/551740665,Radisson Hotel Alphaville,none,56,32,false,false,No credible OSM match for Choice target
rech7Ag8cwcCWuCm1,"Abitta Boutique Hotel, Ascend Hotel Collection",Puerto Rico,Ascend Collection,ok,19,node/4790471460,The Wave Hotel,none,32,382,false,false,No credible OSM match for Choice target
rech8GkDM3tYQfXph,Radisson by Choice Saltillo,Mexico,Radisson by Choice,ok,5,way/96949283,Quality Inn Eurotel Saltillo,none,33,574,true,false,No credible OSM match for Choice target
rechf9uLqHiVO2cHI,Hotel Casa Don Luis by Faranda Boutique a member of Radisson Individuals,Colombia,Radisson Individuals by Choice,ok,40,node/1260302993,Hostal Santo Domingo,none,25,268,true,false,No credible OSM match for Choice target
rechpqr6FU54kolgw,"Hotel El Panama by Faranda Grand, a member of Radisson Individuals",Panama,Radisson Individuals by Choice,ok,31,node/4375586294,Sonesta Panamá,none,30,272,true,false,No credible OSM match for Choice target
recioal2ei61BfUlU,Radisson Hotel Espirito Santo do Pinhal,Brazil,Radisson by Choice,no_nearby_osm,0,,,none,0,,false,false,No nearby OSM match
recjTNbfPSlClglNl,Sleep Inn Leon Antares,Mexico,Sleep Inn,ok,1,node/3126154937,Fiesta Inn,none,46,106,true,false,No credible OSM match for Choice target
recjdH2Tyu2VzuGlu,"Radisson Blu Hotel & Residences, Punta Blanca",Ecuador,Radisson Blu by Choice,no_nearby_osm,0,,,none,0,,false,false,No nearby OSM match
reckAXJ5I86EVPeSx,Sleep Inn Hermosillo,Mexico,Sleep Inn,ok,2,way/1143831877,City Express,none,45,220,false,false,No credible OSM match for Choice target
reckCUhhCBwcmr4xm,Comfort Inn & Suites in Scarborough,,,overpass_error,0,,,none,0,,false,false,"Overpass HTTP 504: <?xml version=""1.0"" encoding=""UTF-8""?>
<!DOCTYPE html PUBLIC ""-//W3C//DTD XHTML 1.0 Strict//EN""
    ""http://www.w3.org/TR/xhtml1/DTD/xhtml1-strict.dtd"">
<html xmlns=""http://www.w3.org/1999/xhtml"" xml:lang=""en"" lang=""en"">
<head>
  <meta http-equiv=""content-type"" content=""text/html; charset=utf-8"" lang=""en""/>
  <title>OSM3S Response</title>
</head>
<body>

<p>The data included in this document is from www.openstreetmap.org. The data is made available under ODbL.</p>
<p><strong style=""color:#FF0000"
reckVbvXmaRgUR0I7,Comfort Hotel Araraquara,Brazil,Comfort Inn & Suites,ok,3,way/381301568,Comfort Hotel,medium,76,22,false,true,"Good name (75%), same country, 22m"
reckVsfRC9Uu7gUUH,Comfort Hotel Bauru,Brazil,Comfort Inn & Suites,ok,2,way/582730223,Quality Suites Garden,none,25,365,false,false,No credible OSM match for Choice target
recl3N6lOAzypuVzl,El Cid Granada Hotel,Mexico,Ascend Collection,ok,11,node/848316821,Best Western Hotel Posada Freeman Zona Dorada,none,51,152,true,false,No credible OSM match for Choice target
reclMDaf12SrNMDS9,El Cid Castilla Beach Hotel,Mexico,Ascend Collection,ok,11,node/848316821,Best Western Hotel Posada Freeman Zona Dorada,none,50,194,true,false,No credible OSM match for Choice target
recljXyUE3I8sCoxc,El Cid El Moro Beach Hotel,,,overpass_error,0,,,none,0,,false,false,"Overpass HTTP 429: <?xml version=""1.0"" encoding=""UTF-8""?>
<!DOCTYPE html PUBLIC ""-//W3C//DTD XHTML 1.0 Strict//EN""
    ""http://www.w3.org/TR/xhtml1/DTD/xhtml1-strict.dtd"">
<html xmlns=""http://www.w3.org/1999/xhtml"" xml:lang=""en"" lang=""en"">
<head>
  <meta http-equiv=""content-type"" content=""text/html; charset=utf-8"" lang=""en""/>
  <title>OSM3S Response</title>
</head>
<body>

<p>The data included in this document is from www.openstreetmap.org. The data is made available under ODbL.</p>
<p><strong style=""color:#FF0000"
reclz7kJwj8ingYtd,Radisson Hotel Guayaquil,Ecuador,Radisson by Choice,ok,2,node/5040021021,Raddison,none,35,48,true,false,No credible OSM match for Choice target
recmUIsMtSQstxOe5,Radisson Hotel Anapolis,Brazil,Radisson by Choice,ok,1,node/5833189686,Park Imperial,none,35,25,true,false,No credible OSM match for Choice target
recmwIu1CUPcrXKrt,Radisson Hotel Alphaville,Brazil,Radisson by Choice,ok,1,way/551740665,Radisson Hotel Alphaville,high,100,31,false,true,"Strong name (100%), same country, 31m"
recn3JrmcYAy2cMC8,Comfort Suites Brasilia,Brazil,Comfort Suites,ok,26,node/2675388247,Le Quartier - Hotel e Bureau,none,25,482,true,false,No credible OSM match for Choice target
recnOOi1m9szzaCZO,Radisson Hotel Decapolis Miraflores,Peru,Radisson by Choice,ok,39,node/775343196,Hostal Porta,none,35,302,true,false,No credible OSM match for Choice target
recnRhbLv4aQUIT5e,Sleep Inn Paseo Las Damas,Costa Rica,Sleep Inn,ok,40,node/2107649538,Hemingway Inn,none,44,267,true,false,No credible OSM match for Choice target
recntqtcFNwKZjXWE,Radisson Hotel Cuernavaca,Mexico,Radisson by Choice,ok,1,way/1359927593,Radisson Cuernavaca,low,80,111,false,false,"Partial name/brand match within 111m, same country"
reco6dhOREJ8JyAfa,Comfort Inn Joinville,,,overpass_error,0,,,none,0,,false,false,"Overpass HTTP 429: <?xml version=""1.0"" encoding=""UTF-8""?>
<!DOCTYPE html PUBLIC ""-//W3C//DTD XHTML 1.0 Strict//EN""
    ""http://www.w3.org/TR/xhtml1/DTD/xhtml1-strict.dtd"">
<html xmlns=""http://www.w3.org/1999/xhtml"" xml:lang=""en"" lang=""en"">
<head>
  <meta http-equiv=""content-type"" content=""text/html; charset=utf-8"" lang=""en""/>
  <title>OSM3S Response</title>
</head>
<body>

<p>The data included in this document is from www.openstreetmap.org. The data is made available under ODbL.</p>
<p><strong style=""color:#FF0000"
recoJUXtur0QtOKhH,Radisson Hotel Colonia Del Sacramento,Uruguay,Radisson by Choice,ok,28,node/1882522262,Hostel Colonial,none,25,350,false,false,Country does not match OSM candidate
recp21Xe2exhYCQLi,Quality Hotel Real San Jose,Costa Rica,Quality Inn,ok,1,way/31824212,Four Points by Sheraton,none,35,21,true,false,No credible OSM match for Choice target
recpAblJ67kBs4bHa,Comfort Inn Hermosillo Airport,Mexico,Comfort Inn & Suites,ok,2,node/4735554645,Motel Caribe,none,25,289,true,false,No credible OSM match for Choice target
recqAsAbHmJ5Vg2j7,Quality Hotel Real Aeropuerto Santo Domingo,,,overpass_error,0,,,none,0,,false,false,"Overpass HTTP 429: <?xml version=""1.0"" encoding=""UTF-8""?>
<!DOCTYPE html PUBLIC ""-//W3C//DTD XHTML 1.0 Strict//EN""
    ""http://www.w3.org/TR/xhtml1/DTD/xhtml1-strict.dtd"">
<html xmlns=""http://www.w3.org/1999/xhtml"" xml:lang=""en"" lang=""en"">
<head>
  <meta http-equiv=""content-type"" content=""text/html; charset=utf-8"" lang=""en""/>
  <title>OSM3S Response</title>
</head>
<body>

<p>The data included in this document is from www.openstreetmap.org. The data is made available under ODbL.</p>
<p><strong style=""color:#FF0000"
recqJ1LzgkeNC0DB9,Quality Inn Aguascalientes,Mexico,Quality Inn,ok,10,node/1872993029,Hotel Francia,none,35,202,true,false,No credible OSM match for Choice target
recqjKt6MSUdEoo0t,Comfort Serra da Canastra,Brazil,Comfort Inn & Suites,no_nearby_osm,0,,,none,0,,false,false,No nearby OSM match
recqyAf5fPBAGDIcM,Faranda Collection Medellin A Member Of Radisson Individuals,Colombia,Radisson Individuals by Choice,ok,6,node/4227197889,Waypoint Hostel,none,25,379,true,false,No credible OSM match for Choice target
recrPx45Dd2EMY3TH,Radisson Hotel Maiorana Belem,Brazil,Radisson by Choice,ok,7,node/2012679210,Grand Mercure Belém,none,54,195,true,false,No credible OSM match for Choice target
recrq5oWLlU3I3Wdg,Quality Hotel Porto Alegre,Brazil,Quality Inn,ok,2,node/4190362079,Hotel Laghetto Viverone Moinhos,none,43,426,true,false,No credible OSM match for Choice target
recssgUodOjS9owNf,Quality Hotel Rio de Janeiro - Barra da Tijuca,Brazil,Quality Inn,ok,1,way/303362855,Quality Rio Olympic Park,none,56,3,false,false,No credible OSM match for Choice target
recsyaMGAIQQuvOI3,Comfort Suites Vitoria,Brazil,Comfort Suites,ok,1,way/51533341,Hotel Ibis,none,25,372,false,false,No credible OSM match for Choice target
rect6xTnJsjJyA6Ei,Radisson Colon 2000 Hotel & Casino,Panama,Radisson by Choice,ok,4,node/6187168486,Hotel Paris,none,34,487,true,false,No credible OSM match for Choice target
rectlLKZ1wbhYj7md,Radisson Hotel Paulista Sao Paulo,Brazil,Radisson by Choice,ok,7,node/10865891623,Transamerica Prime Paradise Garden,none,35,365,true,false,No credible OSM match for Choice target
recuPczqHC2srskUK,Quality Suites Alphaville,Brazil,Quality Inn,ok,1,way/551740665,Radisson Hotel Alphaville,none,46,552,false,false,No credible OSM match for Choice target
recv3ZtsBl2gDlDH6,Sleep Inn Ciudad De Mexico Cuajimalpa,Mexico,Sleep Inn,no_nearby_osm,0,,,none,0,,false,false,No nearby OSM match
recv3es2CjcAZmg5l,Quality Hotel & Suites Brasilia,Brazil,Quality Inn,no_nearby_osm,0,,,none,0,,false,false,No nearby OSM match
recvZLmhFh4pyzYu8,Radisson Hotel Paramaribo,Suriname,Radisson by Choice,ok,14,node/4408453455,Paramaribo,medium,66,443,false,true,"Good name (75%), same country, 443m"
recvyJN4aD5Gh4yXJ,Quality Hotel Sao Caetano,Brazil,Quality Inn,no_nearby_osm,0,,,none,0,,false,false,No nearby OSM match
recw2SzhnSQtODy4Y,"Hotel Faranda Express Soloy and Casino, A Member of Radisson Individuals",Panama,Radisson Individuals by Choice,ok,27,node/4306384691,hotel San Remo,none,40,111,true,false,No credible OSM match for Choice target
recw8qQXKshGnAqI0,Park Inn by Radisson Puerto Varas,Chile,Park Inn by Choice,ok,34,node/363389497,Compass del Sur,none,35,94,true,false,Country does not match OSM candidate
recwFcrhjKMW6g86m,ME Cabo,Mexico,Everhome Suites,ok,6,way/381633931,Casa Dorada Los Cabos Resort & Spa,none,35,169,true,false,No credible OSM match for Choice target
recwGtRq733LfHvaH,Radisson Montevideo Victoria Plaza Hotel,Uruguay,Radisson by Choice,ok,19,node/1167139189,Radisson Montevideo Victoria Plaza Hotel,none,98,24,false,false,Country does not match OSM candidate
recwmqTUKqPmsjElm,Radisson San Jose-Costa Rica,Costa Rica,Radisson by Choice,ok,5,way/379385502,Hotel Villa Tournón,none,25,308,true,false,No credible OSM match for Choice target
recwrzq0Sq9wUqx42,Comfort Inn Ciudad Juarez,Mexico,Comfort Inn & Suites,ok,5,node/13256703176,Extended Suites Ciudad Juárez Consulado,none,51,146,true,false,No credible OSM match for Choice target
recwvcWrWpiq3kuq9,Comfort Hotel & Suites Rondonopolis,Brazil,Comfort Inn & Suites,ok,2,node/5924411572,Confort Hotel,none,46,25,true,false,No credible OSM match for Choice target
recxeNGJrgFgfGWsY,Radisson Blu Belo Horizonte,Brazil,Radisson Blu by Choice,ok,6,node/1071064637,Hotel Mercure,none,25,440,true,false,No credible OSM match for Choice target
recy5vv0a3sGia5Fn,Radisson Hotel Pinheiros Sao Paulo,Brazil,Radisson by Choice,ok,4,node/892104234,Mercure Apartments São Paulo Excellence,none,49,269,true,false,No credible OSM match for Choice target
recyL5evuY45rEV6E,Comfort Inn San Luis Potosi,Mexico,Comfort Inn & Suites,ok,1,node/3674254181,Hotel Real de Minas,none,25,390,true,false,No credible OSM match for Choice target
