applyRank,candidateRecordId,osmName,osmCity,osmCountry,osmLatitude,osmLongitude,matchedLegacyRecordId,matchedLegacyName,distanceMeters,matchScore,matchReason,verifiedHotelName,verifiedCity,verifiedCountry,verifiedLatitude,verifiedLongitude,verifiedDedupeKey,promotionRiskNote
1,rec016JgYG9LfmE9u,Hotel Oviedo,Acapulco,Mexico,16.8491264,-99.9074675,recSgph8EuTYl6lPz,Hotel Oviedo,17,100,"Strong name similarity (100%), same country, 17m apart",Hotel Oviedo,Acapulco,Mexico,16.8491264,-99.9074675,hotel oviedo|acapulco|mexico,High-confidence legacy census match; score meets promote threshold.
2,rec0J8vKJ3bPOwl79,Hotel Grand Reyes,Monterrey,Mexico,25.6693001,-100.3240227,recBal5hNRV9uLJF5,Hotel Grand Reyes,2,100,"Strong name similarity (100%), same country, 2m apart",Hotel Grand Reyes,Monterrey,Mexico,25.6693001,-100.3240227,hotel grand reyes|monterrey|mexico,High-confidence legacy census match; score meets promote threshold.
3,rec0Tbi1AYlJwkALE,Quality Inn Monterrey La Fe,Guadalupe,Mexico,25.7061302,-100.224838,recYWzUR6gif6SobH,Quality Inn Monterrey La Fe,23,100,"Strong name similarity (100%), same country, 23m apart",Quality Inn Monterrey La Fe,Guadalupe,Mexico,25.7061302,-100.224838,quality inn monterrey la fe|guadalupe|mexico,High-confidence legacy census match; score meets promote threshold.
4,rec0hiKesf9FpS7xV,Hotel San Luis Lindavista,Culiacán,MX,24.7906355,-107.3932913,recCvai7WKaArDkdF,Hotel San Luis Lindavista,26,100,"Strong name similarity (100%), same country, 26m apart",Hotel San Luis Lindavista,Culiacán,MX,24.7906355,-107.3932913,hotel san luis lindavista|culiacan|mx,High-confidence legacy census match; score meets promote threshold.
5,rec0wfy4fw8nKPCGH,Hyatt Ziva Cancun,Cancun,Mexico,21.1358966,-86.7418761,recoeBetweOi0KzW7,Hyatt Ziva Cancun,46,100,"Strong name similarity (100%), same country, 46m apart",Hyatt Ziva Cancun,Cancun,Mexico,21.1358966,-86.7418761,hyatt ziva cancun|cancun|mexico,High-confidence legacy census match; score meets promote threshold.
6,rec13cNoNXyupJIAD,Hotel Plaza Magnolias,San Cristóbal de Las Casas,Mexico,16.7350938,-92.6374264,recC2VmwvCFYDvbDG,Plaza Magnolias Hotel,94,100,"Strong name similarity (100%), same country, 94m apart",Hotel Plaza Magnolias,San Cristóbal de Las Casas,Mexico,16.7350938,-92.6374264,hotel plaza magnolias|san cristobal de las casas|mexico,High-confidence legacy census match; score meets promote threshold.
7,rec1mxL8IlrGg7qj0,Los Patios Hotel,Cabo San Lucas,MX,22.9041095,-109.8879499,recPOuMJiCcvaWbCc,Los Patios Hotel,46,100,"Strong name similarity (100%), same country, 46m apart",Los Patios Hotel,Cabo San Lucas,MX,22.9041095,-109.8879499,los patios hotel|cabo san lucas|mx,High-confidence legacy census match; score meets promote threshold.
8,rec20LxaVdycTyu1t,Hotel Avenida,Campeche,MX,19.8346832,-90.5445722,recZsMRiCCY79qv9o,Hotel Avenida,36,100,"Strong name similarity (100%), same country, 36m apart",Hotel Avenida,Campeche,MX,19.8346832,-90.5445722,hotel avenida|campeche|mx,High-confidence legacy census match; score meets promote threshold.
9,rec2DYHDcC737oDja,Travohotel Monterrey Histórico,Monterrey,MX,25.6687053,-100.3180533,recRIcNPOGbw9eLwD,Travohotel Monterrey Historico,115,100,"Strong name similarity (100%), same country, 115m apart",Travohotel Monterrey Histórico,Monterrey,MX,25.6687053,-100.3180533,travohotel monterrey historico|monterrey|mx,High-confidence legacy census match; score meets promote threshold.
10,rec2EXafuUgoPbxNr,Sunscape Dorado Pacifico Ixtapa,Ixtapa Zihuatanejo,Mexico,17.6609137,-101.6040816,recIUPC8F5gmjwthy,Sunscape Dorado Pacifico Ixtapa,13,100,"Strong name similarity (100%), same country, 13m apart",Sunscape Dorado Pacifico Ixtapa,Ixtapa Zihuatanejo,Mexico,17.6609137,-101.6040816,sunscape dorado pacifico ixtapa|ixtapa zihuatanejo|mexico,High-confidence legacy census match; score meets promote threshold.
11,rec31tymnW5mtoMrg,Emporio Cancun,Cancún,Mexico,21.0732077,-86.7758638,recp0SWsVwAdA1I8l,Emporio Cancun,39,100,"Strong name similarity (100%), same country, 39m apart",Emporio Cancun,Cancún,Mexico,21.0732077,-86.7758638,emporio cancun|cancun|mexico,High-confidence legacy census match; score meets promote threshold.
12,rec3pK9PlkJhiMl4d,Hotel Kabii,Oaxaca,MX,17.0617758,-96.7280544,recpw7F1LnjkjcfS9,Hotel Kabii,11,100,"Strong name similarity (100%), same country, 11m apart",Hotel Kabii,Oaxaca,MX,17.0617758,-96.7280544,hotel kabii|oaxaca|mx,High-confidence legacy census match; score meets promote threshold.
13,rec4RaIkInvsWInw2,Hotel Suites Flamboyanes,Mérida,Mexico,20.9840971,-89.639076,recasIskFXmEVtlPu,Hotel Suites Flamboyanes,23,100,"Strong name similarity (100%), same country, 23m apart",Hotel Suites Flamboyanes,Mérida,Mexico,20.9840971,-89.639076,hotel suites flamboyanes|merida|mexico,High-confidence legacy census match; score meets promote threshold.
14,rec4tcSW5rvRfEzjg,Hotel Gran Centenario,Mérida,Mexico,20.9711153,-89.6232274,recnV9EwcPrSUtPmD,Gran Centenario Hotel,4,100,"Strong name similarity (100%), same country, 4m apart",Hotel Gran Centenario,Mérida,Mexico,20.9711153,-89.6232274,hotel gran centenario|merida|mexico,High-confidence legacy census match; score meets promote threshold.
15,rec4vYY4nWha8Q2mK,Hotel Don Cenobio,Villa de Mitla,MX,16.9215815,-96.3631536,recrNECm9gPblfdxj,Hotel Don Cenobio,21,100,"Strong name similarity (100%), same country, 21m apart",Hotel Don Cenobio,Villa de Mitla,MX,16.9215815,-96.3631536,hotel don cenobio|villa de mitla|mx,High-confidence legacy census match; score meets promote threshold.
16,rec5EdxT596zMPpuQ,Hotel Río Vista,El Fuerte,Mexico,26.4233106,-108.620819,recFDjIsixJcjRBrB,Hotel Rio Vista,9,100,"Strong name similarity (100%), same country, 9m apart",Hotel Río Vista,El Fuerte,Mexico,26.4233106,-108.620819,hotel rio vista|el fuerte|mexico,High-confidence legacy census match; score meets promote threshold.
17,rec5WDWS7wv7MWpKL,Holiday Inn Express Toluca,Toluca,Mexico,19.2872805,-99.6253941,recJrc3Ga4eQmq6Cx,Holiday Inn Express Toluca,10,100,"Strong name similarity (100%), same country, 10m apart",Holiday Inn Express Toluca,Toluca,Mexico,19.2872805,-99.6253941,holiday inn express toluca|toluca|mexico,High-confidence legacy census match; score meets promote threshold.
18,rec5pewAqXvm1jsrJ,Santa Ana Hotel,Mérida,Mexico,20.9768289,-89.621851,recJEuu0L6aut46bc,Hotel Santa Ana,4,100,"Strong name similarity (100%), same country, 4m apart",Santa Ana Hotel,Mérida,Mexico,20.9768289,-89.621851,santa ana hotel|merida|mexico,High-confidence legacy census match; score meets promote threshold.
19,rec63w2VOc0I756uX,Hotel Los Andes,Coatzacoalcos,Mexico,18.1129021,-94.4482852,reccO0wEiQYCqSTqf,Hotel Los Andes,40,100,"Strong name similarity (100%), same country, 40m apart",Hotel Los Andes,Coatzacoalcos,Mexico,18.1129021,-94.4482852,hotel los andes|coatzacoalcos|mexico,High-confidence legacy census match; score meets promote threshold.
20,rec64ZClnjssGr68O,Hotel Victoria,Taxco de Alarcón,Mexico,18.5550308,-99.6079352,rec9kiFTXghkHWxsl,Hotel Victoria,99,100,"Strong name similarity (100%), same country, 99m apart",Hotel Victoria,Taxco de Alarcón,Mexico,18.5550308,-99.6079352,hotel victoria|taxco de alarcon|mexico,High-confidence legacy census match; score meets promote threshold.
21,rec6QkuyGjlmeusaW,Costa Sol Hotel & Villas,Boca del Río,Mexico,19.1074415,-96.1024285,recmvT8GK17jeg9V8,Costa Sol Hotel & Villas,41,100,"Strong name similarity (100%), same country, 41m apart",Costa Sol Hotel & Villas,Boca del Río,Mexico,19.1074415,-96.1024285,costa sol hotel & villas|boca del rio|mexico,High-confidence legacy census match; score meets promote threshold.
22,rec6ZtLQW0Tc3E9aF,Hotel Villas Dalí,Boca del Rio,Mexico,19.1592861,-96.1174559,recJswBGnKA6Ewq5w,Hotel Villas Dali,22,100,"Strong name similarity (100%), same country, 22m apart",Hotel Villas Dalí,Boca del Rio,Mexico,19.1592861,-96.1174559,hotel villas dali|boca del rio|mexico,High-confidence legacy census match; score meets promote threshold.
23,rec6jgTP7QjxclDxb,Hotel Victoria,Mérida,Mexico,20.9886681,-89.6167532,recaW8hUP07LAeece,Victoria Hotel,37,100,"Strong name similarity (100%), same country, 37m apart",Hotel Victoria,Mérida,Mexico,20.9886681,-89.6167532,hotel victoria|merida|mexico,High-confidence legacy census match; score meets promote threshold.
24,rec6l3YuncO0tMVDq,Villas Sacbe,Playa del Carmen,Mexico,20.6274627,-87.0709246,recevGfeqRnHKESGL,Villas Sacbe,33,100,"Strong name similarity (100%), same country, 33m apart",Villas Sacbe,Playa del Carmen,Mexico,20.6274627,-87.0709246,villas sacbe|playa del carmen|mexico,High-confidence legacy census match; score meets promote threshold.
25,rec70RBXUdSKR6LGT,Hotel Atlantico,Veracruz,Mexico,19.1752301,-96.1218589,recOIPTki3fU2hV8l,Hotel Atlantico,11,100,"Strong name similarity (100%), same country, 11m apart",Hotel Atlantico,Veracruz,Mexico,19.1752301,-96.1218589,hotel atlantico|veracruz|mexico,High-confidence legacy census match; score meets promote threshold.
26,rec71XisRC8mRgOA5,Hampton Inn Irapuato,Irapuato,Mexico,20.6773881,-101.3678156,recRwIdA4l429nWnN,Hampton Inn Irapuato,24,100,"Strong name similarity (100%), same country, 24m apart",Hampton Inn Irapuato,Irapuato,Mexico,20.6773881,-101.3678156,hampton inn irapuato|irapuato|mexico,High-confidence legacy census match; score meets promote threshold.
27,rec7QCKWcSlQuLAjw,Hotel Posada de la Condesa,Guanajuato,Mexico,21.017082,-101.2548531,recHgvrB5WeLeefya,Hotel Posada De La Condesa,158,100,"Strong name similarity (100%), same country, 158m apart",Hotel Posada de la Condesa,Guanajuato,Mexico,21.017082,-101.2548531,hotel posada de la condesa|guanajuato|mexico,High-confidence legacy census match; score meets promote threshold.
28,rec7Sb1VbZlsPFWof,Kempinski Hotel Cancún,Cancún,Mexico,21.0932159,-86.768063,recWalnwM44iLxkUv,Kempinski Hotel Cancun,2,100,"Strong name similarity (100%), same country, 2m apart",Kempinski Hotel Cancún,Cancún,Mexico,21.0932159,-86.768063,kempinski hotel cancun|cancun|mexico,High-confidence legacy census match; score meets promote threshold.
29,rec7VX1LiNeTrlxTd,Hotel Parador San Agustín,Oaxaca,Mexico,17.0602884,-96.7238327,recH4O3ULBg8KT0vC,Hotel Parador San Agustin,22,100,"Strong name similarity (100%), same country, 22m apart",Hotel Parador San Agustín,Oaxaca,Mexico,17.0602884,-96.7238327,hotel parador san agustin|oaxaca|mexico,High-confidence legacy census match; score meets promote threshold.
30,rec7jmv5fPbGyw7Tc,Hotel Casa San Ángel,Mérida,MX,20.9741204,-89.6194871,recenb6VrMgvZixcm,Hotel Casa San Angel,10,100,"Strong name similarity (100%), same country, 10m apart",Hotel Casa San Ángel,Mérida,MX,20.9741204,-89.6194871,hotel casa san angel|merida|mx,High-confidence legacy census match; score meets promote threshold.
31,rec80GHRkkjUsbOo8,Hotel Las Pergolas,Guadalajara,MX,20.675618,-103.3823593,recOwDAGoLAIYRdOR,Las Pergolas Hotel,17,100,"Strong name similarity (100%), same country, 17m apart",Hotel Las Pergolas,Guadalajara,MX,20.675618,-103.3823593,hotel las pergolas|guadalajara|mx,High-confidence legacy census match; score meets promote threshold.
32,rec80JOahMFKmHlE1,Aventura Mexicana,Playa del Carmen,Mexico,20.6318086,-87.0694432,rec9Y12sDOWJqpq3b,Aventura Mexicana,31,100,"Strong name similarity (100%), same country, 31m apart",Aventura Mexicana,Playa del Carmen,Mexico,20.6318086,-87.0694432,aventura mexicana|playa del carmen|mexico,High-confidence legacy census match; score meets promote threshold.
33,rec81QI7PhFPr4uj3,Hotel Aurora,Oaxaca,Mexico,17.0583608,-96.7254119,rec3TBHI2hSlI0Lgm,Hotel Aurora,7,100,"Strong name similarity (100%), same country, 7m apart",Hotel Aurora,Oaxaca,Mexico,17.0583608,-96.7254119,hotel aurora|oaxaca|mexico,High-confidence legacy census match; score meets promote threshold.
34,rec85TJtgjkC8pZs2,Hacienda De Cobos,Guanajuato,Mexico,21.0199885,-101.2610587,recywHJappzQej8Ik,Hacienda De Cobos,12,100,"Strong name similarity (100%), same country, 12m apart",Hacienda De Cobos,Guanajuato,Mexico,21.0199885,-101.2610587,hacienda de cobos|guanajuato|mexico,High-confidence legacy census match; score meets promote threshold.
35,rec9JBbvtb4szT6UD,Hotel Santa Anita,Los Mochis,MX,25.7891555,-108.9952648,recQYl7pJV4krPkgl,Hotel Santa Anita,26,100,"Strong name similarity (100%), same country, 26m apart",Hotel Santa Anita,Los Mochis,MX,25.7891555,-108.9952648,hotel santa anita|los mochis|mx,High-confidence legacy census match; score meets promote threshold.
36,rec9mtWf4AhjdRmMT,Oaxaca Guest Hotel,Oaxaca de Juárez,Mexico,17.0891095,-96.7459195,recRC0antoTpGK1wC,Oaxaca Guest Hotel,23,100,"Strong name similarity (100%), same country, 23m apart",Oaxaca Guest Hotel,Oaxaca de Juárez,Mexico,17.0891095,-96.7459195,oaxaca guest hotel|oaxaca de juarez|mexico,High-confidence legacy census match; score meets promote threshold.
37,rec9o85yJ2IWZSoFV,Hotel Kyrios,Boca del Rio,Mexico,19.1656074,-96.1113169,recVmCs08HSmwCx4w,Hotel Kyrios,8,100,"Strong name similarity (100%), same country, 8m apart",Hotel Kyrios,Boca del Rio,Mexico,19.1656074,-96.1113169,hotel kyrios|boca del rio|mexico,High-confidence legacy census match; score meets promote threshold.
38,recAUP90xtWlOQboi,Hotel Meridano,Mérida,MX,20.9698502,-89.6183947,rec0iLWjbn56Av46p,Hotel Meridano,37,100,"Strong name similarity (100%), same country, 37m apart",Hotel Meridano,Mérida,MX,20.9698502,-89.6183947,hotel meridano|merida|mx,High-confidence legacy census match; score meets promote threshold.
39,recAYMAoNiZsWTCuQ,Hotel El Dorado,Los Mochis,MX,25.7976188,-108.9895141,receN5VHsACLXCuyO,Hotel El Dorado,2,100,"Strong name similarity (100%), same country, 2m apart",Hotel El Dorado,Los Mochis,MX,25.7976188,-108.9895141,hotel el dorado|los mochis|mx,High-confidence legacy census match; score meets promote threshold.
40,recB4bDVWjsc0U9rl,Hotel Suites Villasol,Puerto Escondido,Mexico,15.865586,-97.0849542,recHpSbVm63Y56pUY,Hotel Suites Villasol,40,100,"Strong name similarity (100%), same country, 40m apart",Hotel Suites Villasol,Puerto Escondido,Mexico,15.865586,-97.0849542,hotel suites villasol|puerto escondido|mexico,High-confidence legacy census match; score meets promote threshold.
41,recBWJ7Fuzh8JO4II,Hotel Francia Aguascalientes,Aguascalientes,Mexico,21.8810937,-102.295222,recdXWw77C9OG8YWN,Hotel Francia Aguascalientes,19,100,"Strong name similarity (100%), same country, 19m apart",Hotel Francia Aguascalientes,Aguascalientes,Mexico,21.8810937,-102.295222,hotel francia aguascalientes|aguascalientes|mexico,High-confidence legacy census match; score meets promote threshold.
42,recBktAI9umIEU0gQ,Hotel Hacienda Sanchez,Valladolid,Mexico,20.7026372,-88.2021757,recDJt2EFBn1yUw6j,Hotel Hacienda Sanchez,65,100,"Strong name similarity (100%), same country, 65m apart",Hotel Hacienda Sanchez,Valladolid,Mexico,20.7026372,-88.2021757,hotel hacienda sanchez|valladolid|mexico,High-confidence legacy census match; score meets promote threshold.
43,recCgd9EdnJRo9kUO,Hyatt Zilara Cancun,Cancún,Mexico,21.1191472,-86.7564783,recUqQ13K7Vx0RRbU,Hyatt Zilara Cancun,18,100,"Strong name similarity (100%), same country, 18m apart",Hyatt Zilara Cancun,Cancún,Mexico,21.1191472,-86.7564783,hyatt zilara cancun|cancun|mexico,High-confidence legacy census match; score meets promote threshold.
44,recD3L9Xmv8ZgJBjG,Hotel Santa Fe Express,Culiacan,MX,24.8077898,-107.3985498,recZ5nXfUbJOR0dwQ,Hotel Santa Fe Express,10,100,"Strong name similarity (100%), same country, 10m apart",Hotel Santa Fe Express,Culiacan,MX,24.8077898,-107.3985498,hotel santa fe express|culiacan|mx,High-confidence legacy census match; score meets promote threshold.
45,recD5zSGNaDg4v0jH,Hotel Ticuán,Tijuana,Mexico,32.5284444,-117.0371691,recetk8yPBh462SxU,Hotel Ticuan,15,100,"Strong name similarity (100%), same country, 15m apart",Hotel Ticuán,Tijuana,Mexico,32.5284444,-117.0371691,hotel ticuan|tijuana|mexico,High-confidence legacy census match; score meets promote threshold.
46,recDYa23ERoTstP3D,Paradisus Cancún,Cancún,Mexico,21.0836032,-86.7720649,recmnLr3qzfdZlusZ,Paradisus Cancun,31,100,"Strong name similarity (100%), same country, 31m apart",Paradisus Cancún,Cancún,Mexico,21.0836032,-86.7720649,paradisus cancun|cancun|mexico,High-confidence legacy census match; score meets promote threshold.
47,recDlqrv3mWXXCsgD,Hotel Ferri,Oaxaca,Mexico,17.0597406,-96.7285126,recuAAiaADebbvGou,Hotel Ferri,3,100,"Strong name similarity (100%), same country, 3m apart",Hotel Ferri,Oaxaca,Mexico,17.0597406,-96.7285126,hotel ferri|oaxaca|mexico,High-confidence legacy census match; score meets promote threshold.
48,recEBlZN1tXs6KtXY,Hotel Adhara Express,Cancun City,Mexico,21.1628365,-86.8291492,recvs9OpefaebaOB9,Hotel Adhara Express,8,100,"Strong name similarity (100%), same country, 8m apart",Hotel Adhara Express,Cancun City,Mexico,21.1628365,-86.8291492,hotel adhara express|cancun city|mexico,High-confidence legacy census match; score meets promote threshold.
49,recEHfSUWwqOo1T7K,Hotel Misión Express Pachuca,Pachuca,MX,20.1269566,-98.7357509,recZ2qJrF1xvtBf4o,Hotel Mision Express Pachuca,2,100,"Strong name similarity (100%), same country, 2m apart",Hotel Misión Express Pachuca,Pachuca,MX,20.1269566,-98.7357509,hotel mision express pachuca|pachuca|mx,High-confidence legacy census match; score meets promote threshold.
50,recEKZEwwo6domrOz,Hotel Torre,Monterrey,Mexico,25.6886895,-100.3147073,recCJX38BRsCZRLcH,Hotel Torre,5,100,"Strong name similarity (100%), same country, 5m apart",Hotel Torre,Monterrey,Mexico,25.6886895,-100.3147073,hotel torre|monterrey|mexico,High-confidence legacy census match; score meets promote threshold.
51,recEKcgXFSbcJcx3M,Hotel La Riviera,Culiacán,MX,24.8156164,-107.3956195,recddPdA017Y5brP1,Hotel La Riviera,19,100,"Strong name similarity (100%), same country, 19m apart",Hotel La Riviera,Culiacán,MX,24.8156164,-107.3956195,hotel la riviera|culiacan|mx,High-confidence legacy census match; score meets promote threshold.
52,recEYc8le75ZyeQn9,Grand Hotel Tijuana,Tijuana,Mexico,32.5128115,-117.0076986,recT6L5tx8oOSA8xb,Grand Hotel Tijuana,47,100,"Strong name similarity (100%), same country, 47m apart",Grand Hotel Tijuana,Tijuana,Mexico,32.5128115,-117.0076986,grand hotel tijuana|tijuana|mexico,High-confidence legacy census match; score meets promote threshold.
53,recEyeNoYpDExKjmf,Hotel San Francisco,Tapachula,Mexico,14.9003786,-92.2668326,recx3hEMhkrMGQf6w,Hotel San Francisco,13,100,"Strong name similarity (100%), same country, 13m apart",Hotel San Francisco,Tapachula,Mexico,14.9003786,-92.2668326,hotel san francisco|tapachula|mexico,High-confidence legacy census match; score meets promote threshold.
54,recF41VBRfD7igjdf,Hotel las Américas,San Andrés Cholula,Mexico,19.0564998,-98.2959488,recmlRAKVfDf3zMkf,Hotel Las Americas,30,100,"Strong name similarity (100%), same country, 30m apart",Hotel las Américas,San Andrés Cholula,Mexico,19.0564998,-98.2959488,hotel las americas|san andres cholula|mexico,High-confidence legacy census match; score meets promote threshold.
55,recFgIpkyKHf0NkTh,Hyatt Place Tijuana,Tijuana,Mexico,32.5154909,-117.011673,recnRriBrKPTeU20i,Hyatt Place Tijuana,20,100,"Strong name similarity (100%), same country, 20m apart",Hyatt Place Tijuana,Tijuana,Mexico,32.5154909,-117.011673,hyatt place tijuana|tijuana|mexico,High-confidence legacy census match; score meets promote threshold.
56,recFqs81LPAjh60xU,Hotel San Diego,Mazatlán,Mexico,23.2388757,-106.4448886,recZMuFMBOHuqGi6o,Hotel San Diego,37,100,"Strong name similarity (100%), same country, 37m apart",Hotel San Diego,Mazatlán,Mexico,23.2388757,-106.4448886,hotel san diego|mazatlan|mexico,High-confidence legacy census match; score meets promote threshold.
57,recG7eBgIW25Yg9V0,Hotel San Juan,Mérida,Mexico,20.9708211,-89.6211599,recwFR4bfcuiDBTO4,Hotel San Juan,35,100,"Strong name similarity (100%), same country, 35m apart",Hotel San Juan,Mérida,Mexico,20.9708211,-89.6211599,hotel san juan|merida|mexico,High-confidence legacy census match; score meets promote threshold.
58,recGeL1hRnZNS9o0D,Hotel Solamar Inn,Mazatlán,Mexico,23.2588974,-106.462258,rec1DvFepSYrKjwEe,Hotel Solamar Inn,37,100,"Strong name similarity (100%), same country, 37m apart",Hotel Solamar Inn,Mazatlán,Mexico,23.2588974,-106.462258,hotel solamar inn|mazatlan|mexico,High-confidence legacy census match; score meets promote threshold.
59,recGmv1A81xg9hJSt,Hotel Los Juaninos,Morelia,Mexico,19.7025036,-101.1912739,recInJpNFtkzDVo4I,Hotel Los Juaninos,26,100,"Strong name similarity (100%), same country, 26m apart",Hotel Los Juaninos,Morelia,Mexico,19.7025036,-101.1912739,hotel los juaninos|morelia|mexico,High-confidence legacy census match; score meets promote threshold.
60,recHJb2ET5PFvRu1D,Hotel San Diego,Guanajuato,Mexico,21.0157985,-101.2532486,recsdtXRFzZLdXfRk,Hotel San Diego,75,100,"Strong name similarity (100%), same country, 75m apart",Hotel San Diego,Guanajuato,Mexico,21.0157985,-101.2532486,hotel san diego|guanajuato|mexico,High-confidence legacy census match; score meets promote threshold.
61,recHYTNNmQypvNTcg,Hotel Holly,Mérida,Mexico,20.9811047,-89.6165422,recUMd3apeZs3c4cH,Hotel Holly,17,100,"Strong name similarity (100%), same country, 17m apart",Hotel Holly,Mérida,Mexico,20.9811047,-89.6165422,hotel holly|merida|mexico,High-confidence legacy census match; score meets promote threshold.
62,recHthtJPLCTTVsiw,Holiday Inn Durango,Durango,Mexico,24.0559401,-104.6149384,recg5SYVhlTU8bvVo,Holiday Inn Durango,66,100,"Strong name similarity (100%), same country, 66m apart",Holiday Inn Durango,Durango,Mexico,24.0559401,-104.6149384,holiday inn durango|durango|mexico,High-confidence legacy census match; score meets promote threshold.
63,recI2LGqWeuEuruw5,Hotel El Sembrador,Guasave,MX,25.5635041,-108.4647506,recfmf9kPUcYtsw76,Hotel El Sembrador,16,100,"Strong name similarity (100%), same country, 16m apart",Hotel El Sembrador,Guasave,MX,25.5635041,-108.4647506,hotel el sembrador|guasave|mx,High-confidence legacy census match; score meets promote threshold.
64,recIKk3VMdjfkb2nh,Hotel Del Norte,Mexicali,Mexico,32.6645133,-115.4946727,rechWuk81snoxvpzi,Hotel Del Norte,13,100,"Strong name similarity (100%), same country, 13m apart",Hotel Del Norte,Mexicali,Mexico,32.6645133,-115.4946727,hotel del norte|mexicali|mexico,High-confidence legacy census match; score meets promote threshold.
65,recIbHl1FdnDMvhp8,Hotel Colonial Acopinalco Inn,Apan,Mexico,19.7110149,-98.5340471,rec8bIaf05i23Y9fM,Hotel Colonial Acopinalco Inn,16,100,"Strong name similarity (100%), same country, 16m apart",Hotel Colonial Acopinalco Inn,Apan,Mexico,19.7110149,-98.5340471,hotel colonial acopinalco inn|apan|mexico,High-confidence legacy census match; score meets promote threshold.
66,recIdYbQWx2EeWcpb,Hotel Paraíso Del Desierto,Puerto Peñasco,Mexico,31.319899,-113.5402983,recW78ubP3rA60Du8,Hotel Paraiso Del Desierto,24,100,"Strong name similarity (100%), same country, 24m apart",Hotel Paraíso Del Desierto,Puerto Peñasco,Mexico,31.319899,-113.5402983,hotel paraiso del desierto|puerto penasco|mexico,High-confidence legacy census match; score meets promote threshold.
67,recJIU4TGShswtLUv,Suites del Sol,Mérida,Mexico,20.9799032,-89.6194103,rec1bX54vbqI9FQbq,Suites Del Sol,16,100,"Strong name similarity (100%), same country, 16m apart",Suites del Sol,Mérida,Mexico,20.9799032,-89.6194103,suites del sol|merida|mexico,High-confidence legacy census match; score meets promote threshold.
68,recJY5pqWBjbnQgwo,Hotel Victoria,Oaxaca,MX,17.0731399,-96.7294227,recizKtNgFJXIscj2,Hotel Victoria,84,100,"Strong name similarity (100%), same country, 84m apart",Hotel Victoria,Oaxaca,MX,17.0731399,-96.7294227,hotel victoria|oaxaca|mx,High-confidence legacy census match; score meets promote threshold.
69,recJcnVyTThHxxwAl,Hotel Museo Palacio de San Agustín,San Luis Potosí,Mexico,22.1492351,-100.9760721,recjyH65GR0EGkg10,Hotel Museo Palacio De San Agustin,7,100,"Strong name similarity (100%), same country, 7m apart",Hotel Museo Palacio de San Agustín,San Luis Potosí,Mexico,22.1492351,-100.9760721,hotel museo palacio de san agustin|san luis potosi|mexico,High-confidence legacy census match; score meets promote threshold.
70,recJfuVSzel6aQX9i,Hotel La Quinta Posada Real,Culiacan,MX,24.8041991,-107.3828441,recgaPw5rHVzMpcfX,Hotel La Quinta Posada Real,15,100,"Strong name similarity (100%), same country, 15m apart",Hotel La Quinta Posada Real,Culiacan,MX,24.8041991,-107.3828441,hotel la quinta posada real|culiacan|mx,High-confidence legacy census match; score meets promote threshold.
71,recKD3g03tG1shEVr,Victoria Express Durango,Durango,Mexico,24.0477878,-104.6250339,recZ8PYreGtPGVDpJ,Victoria Express Durango,10,100,"Strong name similarity (100%), same country, 10m apart",Victoria Express Durango,Durango,Mexico,24.0477878,-104.6250339,victoria express durango|durango|mexico,High-confidence legacy census match; score meets promote threshold.
72,recKWgHFSOa0JKJ95,Siesta Real Hotel,Mexicali,Mexico,32.6561979,-115.4517278,recqvv5OcS2nDWJ2E,Siesta Real Hotel,39,100,"Strong name similarity (100%), same country, 39m apart",Siesta Real Hotel,Mexicali,Mexico,32.6561979,-115.4517278,siesta real hotel|mexicali|mexico,High-confidence legacy census match; score meets promote threshold.
73,recKsiPYVGm4duwnK,Hotel Palacio Maya,Mérida,Mexico,20.9817069,-89.6221001,recFJ6lQSw1HYsP0i,Hotel Palacio Maya,20,100,"Strong name similarity (100%), same country, 20m apart",Hotel Palacio Maya,Mérida,Mexico,20.9817069,-89.6221001,hotel palacio maya|merida|mexico,High-confidence legacy census match; score meets promote threshold.
74,recLLgVrWf7TGcN0u,Krystal Grand Los Cabos,San Jose del Cabo,Mexico,23.0329935,-109.7130563,recMWHByXsnVNjJEp,Krystal Grand Los Cabos,47,100,"Strong name similarity (100%), same country, 47m apart",Krystal Grand Los Cabos,San Jose del Cabo,Mexico,23.0329935,-109.7130563,krystal grand los cabos|san jose del cabo|mexico,High-confidence legacy census match; score meets promote threshold.
75,recLRrqOywtrUknve,Krystal Puerto Vallarta,Puerto Vallarta,Mexico,20.647573,-105.2409823,recSlzySlnmcpLejR,Krystal Puerto Vallarta,118,100,"Strong name similarity (100%), same country, 118m apart",Krystal Puerto Vallarta,Puerto Vallarta,Mexico,20.647573,-105.2409823,krystal puerto vallarta|puerto vallarta|mexico,High-confidence legacy census match; score meets promote threshold.
76,recLYjH49A7XeBw8m,Hotel Villa de León,Oaxaca de Juárez,Mexico,17.0646745,-96.7220553,rec0EsdUkXiVjfdLF,Hotel Villa De Leon,12,100,"Strong name similarity (100%), same country, 12m apart",Hotel Villa de León,Oaxaca de Juárez,Mexico,17.0646745,-96.7220553,hotel villa de leon|oaxaca de juarez|mexico,High-confidence legacy census match; score meets promote threshold.
77,recLhRmVP4dU52YsG,Hotel Azteca de Oro,Mexicali,Mexico,32.6443536,-115.4675955,reckH50UsKbRdhYyy,Hotel Azteca De Oro,19,100,"Strong name similarity (100%), same country, 19m apart",Hotel Azteca de Oro,Mexicali,Mexico,32.6443536,-115.4675955,hotel azteca de oro|mexicali|mexico,High-confidence legacy census match; score meets promote threshold.
78,recLrqlMyGTncFgxj,Corona Hotel & Spa,Ensenada,Mexico,31.8562997,-116.619195,recbHzli5uNQ2NI5C,Corona Hotel & Spa,25,100,"Strong name similarity (100%), same country, 25m apart",Corona Hotel & Spa,Ensenada,Mexico,31.8562997,-116.619195,corona hotel & spa|ensenada|mexico,High-confidence legacy census match; score meets promote threshold.
79,recLsMvTYVeaG9Xv7,La Villa de San Quintin,San Quintin,Mexico,30.5573595,-115.9400802,recLX4uCIFXgVTlJZ,La Villa De San Quintin,3,100,"Strong name similarity (100%), same country, 3m apart",La Villa de San Quintin,San Quintin,Mexico,30.5573595,-115.9400802,la villa de san quintin|san quintin|mexico,High-confidence legacy census match; score meets promote threshold.
80,recLyZYeRvqDijVPd,Hotel Rias,Veracruz,Mexico,19.1826486,-96.1348352,recgWoSwn10Ra4Rjk,Hotel Rias,8,100,"Strong name similarity (100%), same country, 8m apart",Hotel Rias,Veracruz,Mexico,19.1826486,-96.1348352,hotel rias|veracruz|mexico,High-confidence legacy census match; score meets promote threshold.
81,recMAki972pQVQRmn,Hotel Azucenas,Oaxaca de Juarez,Mexico,17.0649134,-96.7291106,recdzyl66ocrtTTnG,Hotel Azucenas,1,100,"Strong name similarity (100%), same country, 1m apart",Hotel Azucenas,Oaxaca de Juarez,Mexico,17.0649134,-96.7291106,hotel azucenas|oaxaca de juarez|mexico,High-confidence legacy census match; score meets promote threshold.
82,recMQINu1WF1yOWtL,Hotel Casa Real,Poza Rica,Mexico,20.5275827,-97.4668852,rec5tKlBF3Nz6znSr,Hotel Casa Real,12,100,"Strong name similarity (100%), same country, 12m apart",Hotel Casa Real,Poza Rica,Mexico,20.5275827,-97.4668852,hotel casa real|poza rica|mexico,High-confidence legacy census match; score meets promote threshold.
83,recMTNO8YGOd2oI2k,Best Western Global Express,Veracruz,Mexico,19.1566098,-96.192999,recx19f6ctDCcfICg,Best Western Global Express,23,100,"Strong name similarity (100%), same country, 23m apart",Best Western Global Express,Veracruz,Mexico,19.1566098,-96.192999,best western global express|veracruz|mexico,High-confidence legacy census match; score meets promote threshold.
84,recMYtNBQSQavbBBJ,Presidente Intercontinental Puebla,Puebla,Mexico,19.0605185,-98.2208057,rececc1CD3eZKTH9r,InterContinental Presidente Puebla,68,100,"Strong name similarity (100%), same country, 68m apart",Presidente Intercontinental Puebla,Puebla,Mexico,19.0605185,-98.2208057,presidente intercontinental puebla|puebla|mexico,High-confidence legacy census match; score meets promote threshold.
85,recMoMdc07OPKYLZc,Hotel Bahía Huatulco,Santa María Huatulco,Mexico,15.762404,-96.1251624,recUhCuDPwh0T61GN,Hotel Bahia Huatulco,1,100,"Strong name similarity (100%), same country, 1m apart",Hotel Bahía Huatulco,Santa María Huatulco,Mexico,15.762404,-96.1251624,hotel bahia huatulco|santa maria huatulco|mexico,High-confidence legacy census match; score meets promote threshold.
86,recMqNFF6qkRcTZUI,Posada Real Puerto Escondido,Puerto Escondido,Mexico,15.8645955,-97.086122,recxb4BJiQ9ZWSart,Posada Real Puerto Escondido,13,100,"Strong name similarity (100%), same country, 13m apart",Posada Real Puerto Escondido,Puerto Escondido,Mexico,15.8645955,-97.086122,posada real puerto escondido|puerto escondido|mexico,High-confidence legacy census match; score meets promote threshold.
87,recNB7xI9tGUT63tE,Hotel Posada del Hidalgo,El Fuerte,MX,26.4218329,-108.6205199,recbTsvWKZmSz5pXP,Posada Del Hidalgo Hotel,47,100,"Strong name similarity (100%), same country, 47m apart",Hotel Posada del Hidalgo,El Fuerte,MX,26.4218329,-108.6205199,hotel posada del hidalgo|el fuerte|mx,High-confidence legacy census match; score meets promote threshold.
88,recNELeOhNvQkpq9u,Hotel Corintios,Los Mochis,MX,25.7895022,-108.9973791,recwdcLMF2rMBgCAp,Hotel Corintios,22,100,"Strong name similarity (100%), same country, 22m apart",Hotel Corintios,Los Mochis,MX,25.7895022,-108.9973791,hotel corintios|los mochis|mx,High-confidence legacy census match; score meets promote threshold.
89,recNcAelRr89J6y9l,Hotel Veracruz,Oaxaca de Juárez,Mexico,17.0708759,-96.717444,recE0E5a4VUOMwPoH,Hotel Veracruz,4,100,"Strong name similarity (100%), same country, 4m apart",Hotel Veracruz,Oaxaca de Juárez,Mexico,17.0708759,-96.717444,hotel veracruz|oaxaca de juarez|mexico,High-confidence legacy census match; score meets promote threshold.
90,recOPd3qILJuwz0AK,Hotel San Marcos,Culiacan,MX,24.8051572,-107.3947933,recxtLWYhXg1rLUoS,San Marcos Hotel,20,100,"Strong name similarity (100%), same country, 20m apart",Hotel San Marcos,Culiacan,MX,24.8051572,-107.3947933,hotel san marcos|culiacan|mx,High-confidence legacy census match; score meets promote threshold.
91,recOdSutt4VfVk2af,Hotel Ánuá,Oaxaca de Juárez,Mexico,17.0623656,-96.7264156,recB6hwkpTMMbbs4l,Hotel Anua,7,100,"Strong name similarity (100%), same country, 7m apart",Hotel Ánuá,Oaxaca de Juárez,Mexico,17.0623656,-96.7264156,hotel anua|oaxaca de juarez|mexico,High-confidence legacy census match; score meets promote threshold.
92,recOfdSXXbL5E5P77,Hotel del Gobernador,Mérida,MX,20.9693526,-89.6265363,rectcf0J7cTCaKEon,Hotel Del Gobernador,21,100,"Strong name similarity (100%), same country, 21m apart",Hotel del Gobernador,Mérida,MX,20.9693526,-89.6265363,hotel del gobernador|merida|mx,High-confidence legacy census match; score meets promote threshold.
93,recPHldPrCpybjV97,Hotel Privilege Aluxes,Isla Mujeres,Mexico,21.2578843,-86.7505739,rech82GkeK419UAed,Privilege Aluxes Hotel,44,100,"Strong name similarity (100%), same country, 44m apart",Hotel Privilege Aluxes,Isla Mujeres,Mexico,21.2578843,-86.7505739,hotel privilege aluxes|isla mujeres|mexico,High-confidence legacy census match; score meets promote threshold.
94,recPZfObunFpqrhWt,Hotel Villas Santa Ana,Boca del Rio,Mexico,19.1325669,-96.1063732,recsdVhlbhU9tThdS,Hotel Villas Santa Ana,31,100,"Strong name similarity (100%), same country, 31m apart",Hotel Villas Santa Ana,Boca del Rio,Mexico,19.1325669,-96.1063732,hotel villas santa ana|boca del rio|mexico,High-confidence legacy census match; score meets promote threshold.
95,recPtoV1li3ON2x1N,Beachscape Kin Ha Villas & Suites,Cancun,Mexico,21.1360619,-86.7537212,recDbFY5kl7mEEEtL,Beachscape Kin Ha Villas & Suites,45,100,"Strong name similarity (100%), same country, 45m apart",Beachscape Kin Ha Villas & Suites,Cancun,Mexico,21.1360619,-86.7537212,beachscape kin ha villas & suites|cancun|mexico,High-confidence legacy census match; score meets promote threshold.
96,recPyCk5L1cFcrTwq,Hotel Apolo Dorado,Chihuahua,Mexico,28.6355646,-106.0838466,recbaQDlYYWBdudqM,Hotel Apolo Dorado,14,100,"Strong name similarity (100%), same country, 14m apart",Hotel Apolo Dorado,Chihuahua,Mexico,28.6355646,-106.0838466,hotel apolo dorado|chihuahua|mexico,High-confidence legacy census match; score meets promote threshold.
97,recQOPc0yskYazfof,Hotel Kasino,Montemorelos,MX,25.1865735,-99.8345017,recexPga9iET2SifC,Hotel Kasino,9,100,"Strong name similarity (100%), same country, 9m apart",Hotel Kasino,Montemorelos,MX,25.1865735,-99.8345017,hotel kasino|montemorelos|mx,High-confidence legacy census match; score meets promote threshold.
98,recQUHR45DwViqr4q,Hotel Baluarte,Veracruz,Mexico,19.1992298,-96.1330542,recyIN3sTNTNigltI,Hotel Baluarte,31,100,"Strong name similarity (100%), same country, 31m apart",Hotel Baluarte,Veracruz,Mexico,19.1992298,-96.1330542,hotel baluarte|veracruz|mexico,High-confidence legacy census match; score meets promote threshold.
99,recQYbAc9Xm8vZ4Fa,Hotel Ambassador Merida,Mérida,MX,20.969318,-89.628038,recuuBpTYHpxEyNhO,Hotel Ambassador Merida,31,100,"Strong name similarity (100%), same country, 31m apart",Hotel Ambassador Merida,Mérida,MX,20.969318,-89.628038,hotel ambassador merida|merida|mx,High-confidence legacy census match; score meets promote threshold.
100,recQcJ54MjPLaaBnv,Hotel Las Margaritas Mérida,Mérida,Mexico,20.9858354,-89.6383689,recvELozgQ7RBwSuN,Hotel Las Margaritas Merida,19,100,"Strong name similarity (100%), same country, 19m apart",Hotel Las Margaritas Mérida,Mérida,Mexico,20.9858354,-89.6383689,hotel las margaritas merida|merida|mexico,High-confidence legacy census match; score meets promote threshold.
101,recQlCpHKIs6wlyQ4,Hotel Ziami,Veracruz,Mexico,19.1848493,-96.125592,recRlg5aksNdIPsCk,Hotel Ziami,20,100,"Strong name similarity (100%), same country, 20m apart",Hotel Ziami,Veracruz,Mexico,19.1848493,-96.125592,hotel ziami|veracruz|mexico,High-confidence legacy census match; score meets promote threshold.
102,recR8EoMAjgZpRAfh,Hotel Capri,León,Mexico,21.1209869,-101.6829478,rec6KwX66v8DLlHCq,Capri Hotel,25,100,"Strong name similarity (100%), same country, 25m apart",Hotel Capri,León,Mexico,21.1209869,-101.6829478,hotel capri|leon|mexico,High-confidence legacy census match; score meets promote threshold.
103,recRPNUPlTqLOOuNg,Hotel Santa Fe,Puerto Escondido,Mexico,15.857886,-97.0587503,reczeSIz3JMiTblQo,Hotel Santa Fe,8,100,"Strong name similarity (100%), same country, 8m apart",Hotel Santa Fe,Puerto Escondido,Mexico,15.857886,-97.0587503,hotel santa fe|puerto escondido|mexico,High-confidence legacy census match; score meets promote threshold.
104,recSEdorZxoW2xYNT,Sleep Inn Mazatlan,Mazatlan,Mexico,23.2838381,-106.444839,recRJCsqWdTRChk7s,Sleep Inn Mazatlan,21,100,"Strong name similarity (100%), same country, 21m apart",Sleep Inn Mazatlan,Mazatlan,Mexico,23.2838381,-106.444839,sleep inn mazatlan|mazatlan|mexico,High-confidence legacy census match; score meets promote threshold.
105,recSauPr7Bs6Q8TxW,Jungla Caribe,Playa del Carmen,Mexico,20.6257818,-87.0728757,recI8fFzNtJT0pftb,Jungla Caribe,48,100,"Strong name similarity (100%), same country, 48m apart",Jungla Caribe,Playa del Carmen,Mexico,20.6257818,-87.0728757,jungla caribe|playa del carmen|mexico,High-confidence legacy census match; score meets promote threshold.
106,recSnpXUUYzIxAzq7,The Royal Haciendas,Playa del Carmen,Mexico,20.6562966,-87.0425211,recsXkJMeyDFi0zGj,The Royal Haciendas,25,100,"Strong name similarity (100%), same country, 25m apart",The Royal Haciendas,Playa del Carmen,Mexico,20.6562966,-87.0425211,the royal haciendas|playa del carmen|mexico,High-confidence legacy census match; score meets promote threshold.
107,recStjvbLmEDxzhoC,HOTEL SAN ANGEL,San Luis Río Colorado,Mexico,32.4792809,-114.7699436,recw77NNy0ut4gnEx,Hotel San Angel,51,100,"Strong name similarity (100%), same country, 51m apart",HOTEL SAN ANGEL,San Luis Río Colorado,Mexico,32.4792809,-114.7699436,hotel san angel|san luis rio colorado|mexico,High-confidence legacy census match; score meets promote threshold.
108,recT9yv7La9vE7iZ7,Hotel Fiesta Versalles,Monterrey,Mexico,25.6716134,-100.3205489,recGl9In6F0dz3AN8,Hotel Fiesta Versalles,5,100,"Strong name similarity (100%), same country, 5m apart",Hotel Fiesta Versalles,Monterrey,Mexico,25.6716134,-100.3205489,hotel fiesta versalles|monterrey|mexico,High-confidence legacy census match; score meets promote threshold.
109,recTHi0MfwWQy6esC,Hotel Plaza Morelos,Toluca de Lerdo,Mexico,19.2916404,-99.6596507,recH084yzeMhxVrZS,Hotel Plaza Morelos,11,100,"Strong name similarity (100%), same country, 11m apart",Hotel Plaza Morelos,Toluca de Lerdo,Mexico,19.2916404,-99.6596507,hotel plaza morelos|toluca de lerdo|mexico,High-confidence legacy census match; score meets promote threshold.
110,recTXYupVZ5PvdsCB,Hotel Playa Mazatlan,Mazatlán,Mexico,23.2410996,-106.4505563,recrJjFwnHTOzN1w5,Hotel Playa Mazatlan,132,100,"Strong name similarity (100%), same country, 132m apart",Hotel Playa Mazatlan,Mazatlán,Mexico,23.2410996,-106.4505563,hotel playa mazatlan|mazatlan|mexico,High-confidence legacy census match; score meets promote threshold.
111,recTlwk5bCB1OkwC8,La Misión de Fray Diego,Mérida,Mexico,20.9680246,-89.6265227,recOF7ZWHJi8ZqApP,La Mision De Fray Diego,50,100,"Strong name similarity (100%), same country, 50m apart",La Misión de Fray Diego,Mérida,Mexico,20.9680246,-89.6265227,la mision de fray diego|merida|mexico,High-confidence legacy census match; score meets promote threshold.
112,recTrlOSBh9NLw9cb,Suites & Hotel Punta Esmeralda,Puerto Escondido,MX,15.840539,-97.0449433,rec3mYnJEY8Mr47CA,Punta Esmeralda Suites & Hotel,16,100,"Strong name similarity (100%), same country, 16m apart",Suites & Hotel Punta Esmeralda,Puerto Escondido,MX,15.840539,-97.0449433,suites & hotel punta esmeralda|puerto escondido|mx,High-confidence legacy census match; score meets promote threshold.
113,recTs9td0sylRdXiH,Hotel Amparo,Veracruz,Mexico,19.1994601,-96.1370476,recEPr4CNNx6XINvm,Hotel Amparo,8,100,"Strong name similarity (100%), same country, 8m apart",Hotel Amparo,Veracruz,Mexico,19.1994601,-96.1370476,hotel amparo|veracruz|mexico,High-confidence legacy census match; score meets promote threshold.
114,recTtTvZczaolVbTB,Hotel Posada Del Carmen,Oaxaca,MX,17.0563615,-96.7278063,recUeIeHg8Zub4BYq,Hotel Posada Del Carmen,5,100,"Strong name similarity (100%), same country, 5m apart",Hotel Posada Del Carmen,Oaxaca,MX,17.0563615,-96.7278063,hotel posada del carmen|oaxaca|mx,High-confidence legacy census match; score meets promote threshold.
115,recU5Q2KNhmEHCH6f,Hotel Casa Lucía,Mérida,Mexico,20.9714077,-89.622213,recxUYhSPLpbr7ItM,Hotel Casa Lucia,28,100,"Strong name similarity (100%), same country, 28m apart",Hotel Casa Lucía,Mérida,Mexico,20.9714077,-89.622213,hotel casa lucia|merida|mexico,High-confidence legacy census match; score meets promote threshold.
116,recUIYuiOOovoTZdw,Hotel Alameda,Morelia,Mexico,19.7031154,-101.1942909,rec8GZePdw7z8VWjL,Hotel Alameda,17,100,"Strong name similarity (100%), same country, 17m apart",Hotel Alameda,Morelia,Mexico,19.7031154,-101.1942909,hotel alameda|morelia|mexico,High-confidence legacy census match; score meets promote threshold.
117,recUa6rp5VnfdiN4o,Hotel Fundador,Monterrey,Mexico,25.6681717,-100.307174,reczdbosV5zfSVSOG,Hotel Fundador,5,100,"Strong name similarity (100%), same country, 5m apart",Hotel Fundador,Monterrey,Mexico,25.6681717,-100.307174,hotel fundador|monterrey|mexico,High-confidence legacy census match; score meets promote threshold.
118,recUdjrotiA3fWq4n,La Marina Inn,San José del Cabo,MX,23.0608015,-109.6711157,recL4ebkT1yndabTj,La Marina Inn,11,100,"Strong name similarity (100%), same country, 11m apart",La Marina Inn,San José del Cabo,MX,23.0608015,-109.6711157,la marina inn|san jose del cabo|mx,High-confidence legacy census match; score meets promote threshold.
119,recVQgebxIpL7mULQ,Hotel F Star,Boca del Rio,Mexico,19.1557647,-96.098295,reczbiZ63eNz2Uq6z,Hotel F Star,16,100,"Strong name similarity (100%), same country, 16m apart",Hotel F Star,Boca del Rio,Mexico,19.1557647,-96.098295,hotel f star|boca del rio|mexico,High-confidence legacy census match; score meets promote threshold.
120,recVohn1cOTCuiMJy,Casa del Agua Hotel,Guanajuato,Mexico,21.0168112,-101.2526382,rec8g18xY50Ddjk11,Hotel Casa Del Agua,10,100,"Strong name similarity (100%), same country, 10m apart",Casa del Agua Hotel,Guanajuato,Mexico,21.0168112,-101.2526382,casa del agua hotel|guanajuato|mexico,High-confidence legacy census match; score meets promote threshold.
121,recVuOX7i3BNmcMtB,Fairfield Inn & Suites Querétaro Juriquilla,Santiago de Querétaro,Mexico,20.6767913,-100.4301948,recjTMphMNCHTCJtH,Fairfield Inn & Suites Queretaro Juriquilla,10,100,"Strong name similarity (100%), same country, 10m apart",Fairfield Inn & Suites Querétaro Juriquilla,Santiago de Querétaro,Mexico,20.6767913,-100.4301948,fairfield inn & suites queretaro juriquilla|santiago de queretaro|mexico,High-confidence legacy census match; score meets promote threshold.
122,recWhIk6GZ6mYSF2R,Holiday Inn Express Merida Centro,Mérida,MX,20.9702559,-89.6226105,recmz28GQOp3G78qZ,Holiday Inn Express Merida Centro,16,100,"Strong name similarity (100%), same country, 16m apart",Holiday Inn Express Merida Centro,Mérida,MX,20.9702559,-89.6226105,holiday inn express merida centro|merida|mx,High-confidence legacy census match; score meets promote threshold.
123,recWjBgRwgEexZUxO,Hotel del Valle,Culiacan,MX,24.8028223,-107.3919113,recJZy0pXuEucG5yn,Hotel Del Valle,23,100,"Strong name similarity (100%), same country, 23m apart",Hotel del Valle,Culiacan,MX,24.8028223,-107.3919113,hotel del valle|culiacan|mx,High-confidence legacy census match; score meets promote threshold.
124,recWoP3TqvPDK2twt,Hotel Dubai,Monterrey,Mexico,25.6837005,-100.3202807,recdJO5SkWjk4GQiU,Hotel Dubai,22,100,"Strong name similarity (100%), same country, 22m apart",Hotel Dubai,Monterrey,Mexico,25.6837005,-100.3202807,hotel dubai|monterrey|mexico,High-confidence legacy census match; score meets promote threshold.
125,recWzTeowfVG0VWKv,Hotel Cuellar,Tula de Allende,Mexico,20.0548507,-99.3441736,recYGwUXMUPjQt9Z1,Hotel Cuellar,17,100,"Strong name similarity (100%), same country, 17m apart",Hotel Cuellar,Tula de Allende,Mexico,20.0548507,-99.3441736,hotel cuellar|tula de allende|mexico,High-confidence legacy census match; score meets promote threshold.
126,recX6y896mqO0FVjy,HM Villas Paraiso del Mar,Holbox,Mexico,21.5281873,-87.3728813,reciWvEOlPWd0QvOr,Villas HM Paraiso del Mar,44,100,"Strong name similarity (100%), same country, 44m apart",HM Villas Paraiso del Mar,Holbox,Mexico,21.5281873,-87.3728813,hm villas paraiso del mar|holbox|mexico,High-confidence legacy census match; score meets promote threshold.
127,recXi0LU7ItBCejiW,Misión de los Angeles,Oaxaca de Juárez,Mexico,17.0725145,-96.7188708,recAQhxapC0Z8ZhNs,Mision De Los Angeles,67,100,"Strong name similarity (100%), same country, 67m apart",Misión de los Angeles,Oaxaca de Juárez,Mexico,17.0725145,-96.7188708,mision de los angeles|oaxaca de juarez|mexico,High-confidence legacy census match; score meets promote threshold.
128,recYEvGhFYbxLWuTB,Hotel Costa Club Punta Arena,Puerto Vallarta,Mexico,20.6282575,-105.2300211,recga6rD0tZ1Mnqoz,Costa Club Punta Arena Hotel,108,100,"Strong name similarity (100%), same country, 108m apart",Hotel Costa Club Punta Arena,Puerto Vallarta,Mexico,20.6282575,-105.2300211,hotel costa club punta arena|puerto vallarta|mexico,High-confidence legacy census match; score meets promote threshold.
129,recYJ6fuhWQOhcAwY,Hotel La Siesta,Mazatlán,MX,23.19828,-106.4271317,recBYcEgMdFP0P97I,La Siesta Hotel,35,100,"Strong name similarity (100%), same country, 35m apart",Hotel La Siesta,Mazatlán,MX,23.19828,-106.4271317,hotel la siesta|mazatlan|mx,High-confidence legacy census match; score meets promote threshold.
130,recZ0njsppIaYVhmN,Hotel Moreno,Coatzacoalcos,Mexico,18.1450628,-94.4161471,recxABBAbXCu4tLiC,Hotel Moreno,37,100,"Strong name similarity (100%), same country, 37m apart",Hotel Moreno,Coatzacoalcos,Mexico,18.1450628,-94.4161471,hotel moreno|coatzacoalcos|mexico,High-confidence legacy census match; score meets promote threshold.
131,recZ2flPgu09YkwH3,Ramada Plaza by Wyndham Veracruz Boca del Rio,Boca del Rio,Mexico,19.1412423,-96.1060339,recCTT89f70nxXDmk,Ramada Plaza by Wyndham Veracruz Boca del Rio,8,100,"Strong name similarity (100%), same country, 8m apart",Ramada Plaza by Wyndham Veracruz Boca del Rio,Boca del Rio,Mexico,19.1412423,-96.1060339,ramada plaza by wyndham veracruz boca del rio|boca del rio|mexico,High-confidence legacy census match; score meets promote threshold.
132,recZvN5PHiOqvBdII,Hotel Delfines,Veracruz,Mexico,19.1876478,-96.1252566,recqnVLIUlnq63D9n,Hotel Delfines,5,100,"Strong name similarity (100%), same country, 5m apart",Hotel Delfines,Veracruz,Mexico,19.1876478,-96.1252566,hotel delfines|veracruz|mexico,High-confidence legacy census match; score meets promote threshold.
133,reca8UelXr6K29TWe,Hotel Casa de la Tía Tere,Oaxaca,Mexico,17.0625611,-96.7185639,rechGjyEc4WWFqI5X,Hotel Casa De La Tia Tere,1,100,"Strong name similarity (100%), same country, 1m apart",Hotel Casa de la Tía Tere,Oaxaca,Mexico,17.0625611,-96.7185639,hotel casa de la tia tere|oaxaca|mexico,High-confidence legacy census match; score meets promote threshold.
134,recabcW8cTsYkOpkc,Hotel Panamerican,Puebla,Mexico,19.0529566,-98.2142237,recYacABnNqV8rymt,Hotel Panamerican,46,100,"Strong name similarity (100%), same country, 46m apart",Hotel Panamerican,Puebla,Mexico,19.0529566,-98.2142237,hotel panamerican|puebla|mexico,High-confidence legacy census match; score meets promote threshold.
135,recb3Afl1Cc5oYFm7,Hotel Camba,Oaxaca,MX,17.056908,-96.7216954,recDH0jArqfjpOFKP,Hotel Camba,76,100,"Strong name similarity (100%), same country, 76m apart",Hotel Camba,Oaxaca,MX,17.056908,-96.7216954,hotel camba|oaxaca|mx,High-confidence legacy census match; score meets promote threshold.
136,recbCEJLbOUO4iQXg,Hotel Nacional,Oaxaca,MX,17.0578962,-96.7275877,rec8eVvoZY2XFbJQv,Hotel Nacional,123,100,"Strong name similarity (100%), same country, 123m apart",Hotel Nacional,Oaxaca,MX,17.0578962,-96.7275877,hotel nacional|oaxaca|mx,High-confidence legacy census match; score meets promote threshold.
137,recbVk6Lj6Cx2xmFy,Quinta Rivera,Actopan,Mexico,20.2630494,-98.9435273,recjay45YEgOt8jPE,Quinta Rivera,186,100,"Strong name similarity (100%), same country, 186m apart",Quinta Rivera,Actopan,Mexico,20.2630494,-98.9435273,quinta rivera|actopan|mexico,High-confidence legacy census match; score meets promote threshold.
138,recbrBJ3GeY0IcnIS,Hotel El Mirador,Puerto Escondido,Mexico,15.8615198,-97.0685048,recNpIezOIqfZxMGn,Hotel El Mirador,19,100,"Strong name similarity (100%), same country, 19m apart",Hotel El Mirador,Puerto Escondido,Mexico,15.8615198,-97.0685048,hotel el mirador|puerto escondido|mexico,High-confidence legacy census match; score meets promote threshold.
139,recbxFxnf6u7ECsrn,Hacienda Maria Bonita,Playa del Carmen,Mexico,20.6278059,-87.0726679,recK1NLjtVnP2cOs3,Hacienda Maria Bonita,40,100,"Strong name similarity (100%), same country, 40m apart",Hacienda Maria Bonita,Playa del Carmen,Mexico,20.6278059,-87.0726679,hacienda maria bonita|playa del carmen|mexico,High-confidence legacy census match; score meets promote threshold.
140,recc2t4vXFWGMEXj4,Hotel del Fresno,Fresnillo,Mexico,23.1735179,-102.86932,recZuAZHzIur89d87,Hotel Del Fresno,39,100,"Strong name similarity (100%), same country, 39m apart",Hotel del Fresno,Fresnillo,Mexico,23.1735179,-102.86932,hotel del fresno|fresnillo|mexico,High-confidence legacy census match; score meets promote threshold.
141,reccAahcBHPXnogLb,Hotel Plaza Mirador,Mérida,Mexico,20.9642296,-89.6305925,recZ56PikAbTW3X8Q,Hotel Plaza Mirador,27,100,"Strong name similarity (100%), same country, 27m apart",Hotel Plaza Mirador,Mérida,Mexico,20.9642296,-89.6305925,hotel plaza mirador|merida|mexico,High-confidence legacy census match; score meets promote threshold.
142,reccHXpPNALPp3oja,Hotel Valles,Ciudad Valles,Mexico,21.9915288,-99.0106724,recXHfvngKLWDt6PW,Hotel Valles,47,100,"Strong name similarity (100%), same country, 47m apart",Hotel Valles,Ciudad Valles,Mexico,21.9915288,-99.0106724,hotel valles|ciudad valles|mexico,High-confidence legacy census match; score meets promote threshold.
143,reccRgpm8q373csjP,Hotel Casablanca,Durango,Mexico,24.0241796,-104.6718764,recv1bllWe6NDqVWI,Hotel Casablanca,9,100,"Strong name similarity (100%), same country, 9m apart",Hotel Casablanca,Durango,Mexico,24.0241796,-104.6718764,hotel casablanca|durango|mexico,High-confidence legacy census match; score meets promote threshold.
144,recci55S4N8pWDxC7,Hotel Delfin,Playa del Carmen,Mexico,20.6250241,-87.0736378,recuQLdgpb805OIrC,Hotel Delfin,13,100,"Strong name similarity (100%), same country, 13m apart",Hotel Delfin,Playa del Carmen,Mexico,20.6250241,-87.0736378,hotel delfin|playa del carmen|mexico,High-confidence legacy census match; score meets promote threshold.
145,reccocfAnMJ2bgplu,Comfort Inn Cordoba,Cordoba,Mexico,18.9012523,-96.9472562,recIkCWtNd1CHHym0,Comfort Inn Cordoba,10,100,"Strong name similarity (100%), same country, 10m apart",Comfort Inn Cordoba,Cordoba,Mexico,18.9012523,-96.9472562,comfort inn cordoba|cordoba|mexico,High-confidence legacy census match; score meets promote threshold.
146,reccqiGU2an7mjGmH,Hotel & Suites Hacienda Montesinos,Morelia,Mexico,19.6913815,-101.278754,rect1jRErUd0w4lof,Hotel & Suites Hacienda Montesinos,60,100,"Strong name similarity (100%), same country, 60m apart",Hotel & Suites Hacienda Montesinos,Morelia,Mexico,19.6913815,-101.278754,hotel & suites hacienda montesinos|morelia|mexico,High-confidence legacy census match; score meets promote threshold.
147,reccyGGZQD0nuHjUV,The Melville Boutique Hotel,Mazatlán,MX,23.1981886,-106.424531,recrtvyP0FNE8cfIV,The Melville Boutique Hotel,142,100,"Strong name similarity (100%), same country, 142m apart",The Melville Boutique Hotel,Mazatlán,MX,23.1981886,-106.424531,the melville boutique hotel|mazatlan|mx,High-confidence legacy census match; score meets promote threshold.
148,recdL1spUd5Ee7TyF,Hotel Paraiso Escondido,Puerto Escondido,Mexico,15.8606213,-97.0675032,reckzDxVpYJkX92g0,Hotel Paraiso Escondido,7,100,"Strong name similarity (100%), same country, 7m apart",Hotel Paraiso Escondido,Puerto Escondido,Mexico,15.8606213,-97.0675032,hotel paraiso escondido|puerto escondido|mexico,High-confidence legacy census match; score meets promote threshold.
149,recdX7jfRw43zC9O9,Hotel Mucuy,Mérida,MX,20.9695647,-89.6204031,recIjwNA0wlqwsigU,Hotel Mucuy,2,100,"Strong name similarity (100%), same country, 2m apart",Hotel Mucuy,Mérida,MX,20.9695647,-89.6204031,hotel mucuy|merida|mx,High-confidence legacy census match; score meets promote threshold.
150,recdj5RVaQJPICvFW,Hotel Calenda,Oaxaca de Juárez,Mexico,17.0722556,-96.7218089,recXKsCHr751FsGOg,Hotel Calenda,26,100,"Strong name similarity (100%), same country, 26m apart",Hotel Calenda,Oaxaca de Juárez,Mexico,17.0722556,-96.7218089,hotel calenda|oaxaca de juarez|mexico,High-confidence legacy census match; score meets promote threshold.
151,recdluOzbLiAOQGeG,Hotel El Faro,Veracruz,Mexico,19.1996985,-96.1341301,recYPCKd3SJ5aHFyd,El Faro Hotel,13,100,"Strong name similarity (100%), same country, 13m apart",Hotel El Faro,Veracruz,Mexico,19.1996985,-96.1341301,hotel el faro|veracruz|mexico,High-confidence legacy census match; score meets promote threshold.
152,recdpleIteiDDWbyw,Posada del Tepozteco,Tepoztlan,Mexico,18.9861397,-99.1028919,recucHHMBfpz14WdX,Posada del Tepozteco,19,100,"Strong name similarity (100%), same country, 19m apart",Posada del Tepozteco,Tepoztlan,Mexico,18.9861397,-99.1028919,posada del tepozteco|tepoztlan|mexico,High-confidence legacy census match; score meets promote threshold.
153,receJ7Iy0rBNnTjHC,Hostal de la Monja,Durango,Mexico,24.0250053,-104.6707931,recsGCthfu3Id9CdV,Hostal De La Monja,39,100,"Strong name similarity (100%), same country, 39m apart",Hostal de la Monja,Durango,Mexico,24.0250053,-104.6707931,hostal de la monja|durango|mexico,High-confidence legacy census match; score meets promote threshold.
154,recedEg4Q8DeyAdBx,Dreams Huatulco Resort & Spa,Santa María Huatulco,Mexico,15.7744895,-96.0946277,recuu43cw93fEHMka,Dreams Huatulco Resort & Spa,26,100,"Strong name similarity (100%), same country, 26m apart",Dreams Huatulco Resort & Spa,Santa María Huatulco,Mexico,15.7744895,-96.0946277,dreams huatulco resort & spa|santa maria huatulco|mexico,High-confidence legacy census match; score meets promote threshold.
155,recejLezQ8NCN7L5J,Hotel Valle De Oaxaca,Oaxaca de Juarez,MX,17.0613515,-96.7287974,rec8du8vGqH1D3vUn,Hotel Valle de Oaxaca,2,100,"Strong name similarity (100%), same country, 2m apart",Hotel Valle De Oaxaca,Oaxaca de Juarez,MX,17.0613515,-96.7287974,hotel valle de oaxaca|oaxaca de juarez|mx,High-confidence legacy census match; score meets promote threshold.
156,recenKSPvZ3pYBjqp,Hotel Aventura,Mérida,Mexico,20.9689507,-89.6329278,rece7NmRoyiUAric1,Hotel Aventura,11,100,"Strong name similarity (100%), same country, 11m apart",Hotel Aventura,Mérida,Mexico,20.9689507,-89.6329278,hotel aventura|merida|mexico,High-confidence legacy census match; score meets promote threshold.
157,recf10X3YTBSnMOKw,Hyatt Ziva Puerto Vallarta,Puerto Vallarta,Mexico,20.5843054,-105.2437588,recUq3LjwDniJe9cK,Hyatt Ziva Puerto Vallarta,28,100,"Strong name similarity (100%), same country, 28m apart",Hyatt Ziva Puerto Vallarta,Puerto Vallarta,Mexico,20.5843054,-105.2437588,hyatt ziva puerto vallarta|puerto vallarta|mexico,High-confidence legacy census match; score meets promote threshold.
158,recfJPleLIvzUtVk0,Quinta Real Huatulco,Santa María Huatulco,Mexico,15.7727374,-96.1009698,rec9UPFa6EGEuZIdK,Quinta Real Huatulco,4,100,"Strong name similarity (100%), same country, 4m apart",Quinta Real Huatulco,Santa María Huatulco,Mexico,15.7727374,-96.1009698,quinta real huatulco|santa maria huatulco|mexico,High-confidence legacy census match; score meets promote threshold.
159,recfVnquDQ06GHsb1,Hotel Santillana,Veracruz,Mexico,19.1996105,-96.1363079,rechrsdin4QKnkY8B,Hotel Santillana,7,100,"Strong name similarity (100%), same country, 7m apart",Hotel Santillana,Veracruz,Mexico,19.1996105,-96.1363079,hotel santillana|veracruz|mexico,High-confidence legacy census match; score meets promote threshold.
160,recfjPBU2yrleZDlw,Hotel Camino del Sol,Puerto Escondido,Mexico,15.8670334,-97.0779587,rec8y3CNWaEcraRMy,Hotel Camino Del Sol,4,100,"Strong name similarity (100%), same country, 4m apart",Hotel Camino del Sol,Puerto Escondido,Mexico,15.8670334,-97.0779587,hotel camino del sol|puerto escondido|mexico,High-confidence legacy census match; score meets promote threshold.
161,rech4r0UYFzowwCg5,Hotel Balcon Gueela,Santa María Huatulco,Mexico,15.7633671,-96.1272904,rec8TwKnx65x5G59D,Hotel Balcon Gueela,41,100,"Strong name similarity (100%), same country, 41m apart",Hotel Balcon Gueela,Santa María Huatulco,Mexico,15.7633671,-96.1272904,hotel balcon gueela|santa maria huatulco|mexico,High-confidence legacy census match; score meets promote threshold.
162,rechEJLafmbtWkxAm,Posada El Cid,Oaxaca de Juárez,Mexico,17.0710195,-96.7187218,recbLaN9rLKkHo2bq,Posada El Cid,2,100,"Strong name similarity (100%), same country, 2m apart",Posada El Cid,Oaxaca de Juárez,Mexico,17.0710195,-96.7187218,posada el cid|oaxaca de juarez|mexico,High-confidence legacy census match; score meets promote threshold.
163,rechaEF4EC5bixmY9,Hotel San Jorge,Tepic,Mexico,21.5124326,-104.8935594,recHuV80LmEhTUSLt,Hotel San Jorge,9,100,"Strong name similarity (100%), same country, 9m apart",Hotel San Jorge,Tepic,Mexico,21.5124326,-104.8935594,hotel san jorge|tepic|mexico,High-confidence legacy census match; score meets promote threshold.
164,rechn1cI98B4FEuYV,Hotel Mision Palenque,Palenque,MX,17.5095612,-91.9725631,reciEckDOg09B6UkY,Hotel Mision Palenque,38,100,"Strong name similarity (100%), same country, 38m apart",Hotel Mision Palenque,Palenque,MX,17.5095612,-91.9725631,hotel mision palenque|palenque|mx,High-confidence legacy census match; score meets promote threshold.
165,rechrzxdqF7VwodUa,Hotel Xalapa,Veracruz,Mexico,19.1778008,-96.1413425,rec8VtrC8gxMAqpSI,Hotel Xalapa,12,100,"Strong name similarity (100%), same country, 12m apart",Hotel Xalapa,Veracruz,Mexico,19.1778008,-96.1413425,hotel xalapa|veracruz|mexico,High-confidence legacy census match; score meets promote threshold.
166,reciIepmPmkXi90E6,Hotel San José,Mérida,Mexico,20.9667358,-89.6248234,recrrBw0Xe4OZuxSv,San Jose Hotel,28,100,"Strong name similarity (100%), same country, 28m apart",Hotel San José,Mérida,Mexico,20.9667358,-89.6248234,hotel san jose|merida|mexico,High-confidence legacy census match; score meets promote threshold.
167,reciKUz8jS6PYoHYr,Hotel Venedik,Veracruz,Mexico,19.1714041,-96.1194991,recq9PCBOSMpR1lWF,Hotel Venedik,6,100,"Strong name similarity (100%), same country, 6m apart",Hotel Venedik,Veracruz,Mexico,19.1714041,-96.1194991,hotel venedik|veracruz|mexico,High-confidence legacy census match; score meets promote threshold.
168,reciVCEtcRH8S2Dke,Hotel Trianon,Veracruz,Mexico,19.1980606,-96.1374433,rec1f6sHuDe0tW7q0,Hotel Trianon,15,100,"Strong name similarity (100%), same country, 15m apart",Hotel Trianon,Veracruz,Mexico,19.1980606,-96.1374433,hotel trianon|veracruz|mexico,High-confidence legacy census match; score meets promote threshold.
169,recicqQeufjDZNKLh,Hotel Yauco,El Rosario,Mexico,22.9986222,-105.8565009,recQK1AzqDbnBFVkt,Hotel Yauco,15,100,"Strong name similarity (100%), same country, 15m apart",Hotel Yauco,El Rosario,Mexico,22.9986222,-105.8565009,hotel yauco|el rosario|mexico,High-confidence legacy census match; score meets promote threshold.
170,recj2bnOqCkRt5vgn,Villa Florencia Hotel & Suites,Boca del Rio,Mexico,19.133029,-96.1056529,recF5ZI2UEDuQfKc7,Villa Florencia Hotel & Suites,5,100,"Strong name similarity (100%), same country, 5m apart",Villa Florencia Hotel & Suites,Boca del Rio,Mexico,19.133029,-96.1056529,villa florencia hotel & suites|boca del rio|mexico,High-confidence legacy census match; score meets promote threshold.
171,recjEME52yfoGfmrL,Hotel La morada,San Miguel de Allende,Mexico,20.9140201,-100.7429544,recIdmVP6u3mrmBJj,La Morada Hotel,12,100,"Strong name similarity (100%), same country, 12m apart",Hotel La morada,San Miguel de Allende,Mexico,20.9140201,-100.7429544,hotel la morada|san miguel de allende|mexico,High-confidence legacy census match; score meets promote threshold.
172,recjVsrhXYr6VTrWb,Comfort Inn Monterrey Norte,Monterrey,Mexico,25.7236431,-100.2597816,reckXdxL9QjSPDM0m,Comfort Inn Monterrey Norte,5,100,"Strong name similarity (100%), same country, 5m apart",Comfort Inn Monterrey Norte,Monterrey,Mexico,25.7236431,-100.2597816,comfort inn monterrey norte|monterrey|mexico,High-confidence legacy census match; score meets promote threshold.
173,recjenAOeYKSGEL4n,Hotel Iq,Escuinapa,MX,22.8340636,-105.7774025,recfXetG509Iv4bzN,Hotel IQ,11,100,"Strong name similarity (100%), same country, 11m apart",Hotel Iq,Escuinapa,MX,22.8340636,-105.7774025,hotel iq|escuinapa|mx,High-confidence legacy census match; score meets promote threshold.
174,reckP4bY7ntgq3vzx,Hotel Isabel,Guadalajara,Mexico,20.6692808,-103.36038,recVNFVf5lWfPhqWj,Isabel Hotel,4,100,"Strong name similarity (100%), same country, 4m apart",Hotel Isabel,Guadalajara,Mexico,20.6692808,-103.36038,hotel isabel|guadalajara|mexico,High-confidence legacy census match; score meets promote threshold.
175,reckXvg0Fj8oXEeCq,Hotel Enríquez,Coatzacoalcos,Mexico,18.1475777,-94.4183533,recEjmNYFuunT9LK0,Hotel Enriquez,10,100,"Strong name similarity (100%), same country, 10m apart",Hotel Enríquez,Coatzacoalcos,Mexico,18.1475777,-94.4183533,hotel enriquez|coatzacoalcos|mexico,High-confidence legacy census match; score meets promote threshold.
176,reckbTTZLDR73wUGR,Capital Plaza Hotel,Chetumal,Mexico,18.503074,-88.2953314,recLiefsAy2MQqb0y,Capital Plaza Hotel,5,100,"Strong name similarity (100%), same country, 5m apart",Capital Plaza Hotel,Chetumal,Mexico,18.503074,-88.2953314,capital plaza hotel|chetumal|mexico,High-confidence legacy census match; score meets promote threshold.
177,reclA77aC9dfK7Xqz,Hotel Emily,Pachuca,MX,20.1266786,-98.7322459,recAVpKEqm5cmrVQN,Hotel Emily,26,100,"Strong name similarity (100%), same country, 26m apart",Hotel Emily,Pachuca,MX,20.1266786,-98.7322459,hotel emily|pachuca|mx,High-confidence legacy census match; score meets promote threshold.
178,reclno0bw4OEXrcb1,Hotel Villa Cahita,Los Mochis,MX,25.7982491,-108.9885163,recUsJHIDBm7OGWfI,Hotel Villa Cahita,5,100,"Strong name similarity (100%), same country, 5m apart",Hotel Villa Cahita,Los Mochis,MX,25.7982491,-108.9885163,hotel villa cahita|los mochis|mx,High-confidence legacy census match; score meets promote threshold.
179,reclwC8vxPPyxa7oJ,Hotel de Los Arcos,"Córdoba, Veracruz",Mexico,18.885673,-96.9244916,recl78ygIRbtY36Qy,Hotel De Los Arcos,26,100,"Strong name similarity (100%), same country, 26m apart",Hotel de Los Arcos,"Córdoba, Veracruz",Mexico,18.885673,-96.9244916,"hotel de los arcos|cordoba, veracruz|mexico",High-confidence legacy census match; score meets promote threshold.
180,recm0A0bawYS2p1gn,Barrio Latino Hotel,Playa del Carmen,Mexico,20.6249877,-87.0752471,recVDs1cOruOlfTHD,Barrio Latino Hotel,36,100,"Strong name similarity (100%), same country, 36m apart",Barrio Latino Hotel,Playa del Carmen,Mexico,20.6249877,-87.0752471,barrio latino hotel|playa del carmen|mexico,High-confidence legacy census match; score meets promote threshold.
181,recn1llrDPDiLoDHz,Hotel Hacienda Cola de Caballo,Santiago,Mexico,25.3689805,-100.1602457,recomEt7yKBD3B2u1,Hotel Hacienda Cola De Caballo,94,100,"Strong name similarity (100%), same country, 94m apart",Hotel Hacienda Cola de Caballo,Santiago,Mexico,25.3689805,-100.1602457,hotel hacienda cola de caballo|santiago|mexico,High-confidence legacy census match; score meets promote threshold.
182,recnUXjyw0zXvblDB,Royal Villas Resort,Mazatlán,Mexico,23.2486861,-106.454899,recLl9Iy8X0ltbfhT,Royal Villas Resort,11,100,"Strong name similarity (100%), same country, 11m apart",Royal Villas Resort,Mazatlán,Mexico,23.2486861,-106.454899,royal villas resort|mazatlan|mexico,High-confidence legacy census match; score meets promote threshold.
183,recnqAQAExfkhNvaz,La Tortuga Hotel & Spa,Playa del Carmen,Mexico,20.6289133,-87.0719259,rec7dCy1gUGzLK9dv,La Tortuga Hotel & Spa,53,100,"Strong name similarity (100%), same country, 53m apart",La Tortuga Hotel & Spa,Playa del Carmen,Mexico,20.6289133,-87.0719259,la tortuga hotel & spa|playa del carmen|mexico,High-confidence legacy census match; score meets promote threshold.
184,recnrYVTvMawAqh2W,Magic Blue,Playa del Carmen,Mexico,20.6280047,-87.0727709,reczk92re7E9x8F85,Magic Blue,47,100,"Strong name similarity (100%), same country, 47m apart",Magic Blue,Playa del Carmen,Mexico,20.6280047,-87.0727709,magic blue|playa del carmen|mexico,High-confidence legacy census match; score meets promote threshold.
185,recnv5TWQnwJmuBFW,Finest Playa Mujeres,Zona Continental de Isla Mujeres,Mexico,21.2447319,-86.8058883,recNZ3FDVstpJodxR,Finest Playa Mujeres,27,100,"Strong name similarity (100%), same country, 27m apart",Finest Playa Mujeres,Zona Continental de Isla Mujeres,Mexico,21.2447319,-86.8058883,finest playa mujeres|zona continental de isla mujeres|mexico,High-confidence legacy census match; score meets promote threshold.
186,recnvww4RWfmzOrvT,Hotel Lizbeth,Tula de Allende,Mexico,20.0540765,-99.3390761,reco3kgbef7vQ0Hmv,Hotel Lizbeth,12,100,"Strong name similarity (100%), same country, 12m apart",Hotel Lizbeth,Tula de Allende,Mexico,20.0540765,-99.3390761,hotel lizbeth|tula de allende|mexico,High-confidence legacy census match; score meets promote threshold.
187,recny2ODI1PNSysKz,Posada del Centro,Oaxaca de Juárez,Mexico,17.0626678,-96.7280119,recJslDuZA2gor4VZ,Posada Del Centro,2,100,"Strong name similarity (100%), same country, 2m apart",Posada del Centro,Oaxaca de Juárez,Mexico,17.0626678,-96.7280119,posada del centro|oaxaca de juarez|mexico,High-confidence legacy census match; score meets promote threshold.
188,recoJpHidOtw2bKdf,Hotel Plaza Catedral,Durango,Mexico,24.024854,-104.670802,recpLxR96nYEmrwYH,Hotel Plaza Catedral,13,100,"Strong name similarity (100%), same country, 13m apart",Hotel Plaza Catedral,Durango,Mexico,24.024854,-104.670802,hotel plaza catedral|durango|mexico,High-confidence legacy census match; score meets promote threshold.
189,recoODk0WtYMMJmz9,Holiday Inn Tuxpan - Convention Center,Tuxpan,Mexico,20.9576591,-97.3427162,recrzfx69zpzhIgS4,Holiday Inn Tuxpan - Convention Center,9,100,"Strong name similarity (100%), same country, 9m apart",Holiday Inn Tuxpan - Convention Center,Tuxpan,Mexico,20.9576591,-97.3427162,holiday inn tuxpan - convention center|tuxpan|mexico,High-confidence legacy census match; score meets promote threshold.
190,recoQaQBWEUH18FWu,Hotel De Cima,Mazatlán,MX,23.2168327,-106.4213339,recfMb7u87RfjnQqv,Hotel De Cima,23,100,"Strong name similarity (100%), same country, 23m apart",Hotel De Cima,Mazatlán,MX,23.2168327,-106.4213339,hotel de cima|mazatlan|mx,High-confidence legacy census match; score meets promote threshold.
191,recocY4WcxtY4oc60,The Palms Resort of Mazatlan,Mazatlán,Mexico,23.2556435,-106.4594516,recj03W74by6m7eze,The Palms Resort Of Mazatlan,20,100,"Strong name similarity (100%), same country, 20m apart",The Palms Resort of Mazatlan,Mazatlán,Mexico,23.2556435,-106.4594516,the palms resort of mazatlan|mazatlan|mexico,High-confidence legacy census match; score meets promote threshold.
192,recodGUTU3fn4eiNW,Hyatt Ziva Los Cabos,San Jose del Cabo,Mexico,23.0417189,-109.7015225,rec4mfvDCaeELs42L,Hyatt Ziva Los Cabos,55,100,"Strong name similarity (100%), same country, 55m apart",Hyatt Ziva Los Cabos,San Jose del Cabo,Mexico,23.0417189,-109.7015225,hyatt ziva los cabos|san jose del cabo|mexico,High-confidence legacy census match; score meets promote threshold.
193,recpB9hZCdbAm6DS8,Hotel Novit,Mexico City,Mexico,19.3960739,-99.1720085,rech5d5YYqsglHLlm,Novit Hotel,9,100,"Strong name similarity (100%), same country, 9m apart",Hotel Novit,Mexico City,Mexico,19.3960739,-99.1720085,hotel novit|mexico city|mexico,High-confidence legacy census match; score meets promote threshold.
194,recpC00PQmluP1khp,Hotel Plaza Conejo,Santa María Huatulco,Mexico,15.7650593,-96.1378884,recKeZOQjHfPB6cMf,Plaza Conejo Hotel,5,100,"Strong name similarity (100%), same country, 5m apart",Hotel Plaza Conejo,Santa María Huatulco,Mexico,15.7650593,-96.1378884,hotel plaza conejo|santa maria huatulco|mexico,High-confidence legacy census match; score meets promote threshold.
195,recpOVDulrYKoF01e,Ambiance Suites Cancún,Cancún,Mexico,21.1509862,-86.8254323,recuZx5Kp3VWD9pVg,Ambiance Suites Cancun,9,100,"Strong name similarity (100%), same country, 9m apart",Ambiance Suites Cancún,Cancún,Mexico,21.1509862,-86.8254323,ambiance suites cancun|cancun|mexico,High-confidence legacy census match; score meets promote threshold.
196,recpamiec4lZieOhD,Hotel Santa Lucía,Mérida,Mexico,20.9709024,-89.6229011,rech1OB6oqOSiZeqE,Hotel Santa Lucia,20,100,"Strong name similarity (100%), same country, 20m apart",Hotel Santa Lucía,Mérida,Mexico,20.9709024,-89.6229011,hotel santa lucia|merida|mexico,High-confidence legacy census match; score meets promote threshold.
197,recpwYixsV0NpVAyk,Hotel Fray Junípero Serra,Tepic,Mexico,21.5114867,-104.8920788,rec8gAXu8ia9IRJj5,Hotel Fray Junipero Serra,29,100,"Strong name similarity (100%), same country, 29m apart",Hotel Fray Junípero Serra,Tepic,Mexico,21.5114867,-104.8920788,hotel fray junipero serra|tepic|mexico,High-confidence legacy census match; score meets promote threshold.
198,recpz2PZ8lkPMx2O4,Hotel Casa de Sierra Azul,Oaxaca,Mexico,17.0604376,-96.7226682,recyWD7scahdukFuv,Hotel Casa De Sierra Azul,16,100,"Strong name similarity (100%), same country, 16m apart",Hotel Casa de Sierra Azul,Oaxaca,Mexico,17.0604376,-96.7226682,hotel casa de sierra azul|oaxaca|mexico,High-confidence legacy census match; score meets promote threshold.
199,recq5iiPg2TOqEvv4,Hotel Jiménez,Oaxaca de Juárez,MX,17.0614271,-96.7296141,recmYhW3pqLzHDyRp,Hotel Jimenez,2,100,"Strong name similarity (100%), same country, 2m apart",Hotel Jiménez,Oaxaca de Juárez,MX,17.0614271,-96.7296141,hotel jimenez|oaxaca de juarez|mx,High-confidence legacy census match; score meets promote threshold.
200,recqGIxLwMdw5vctL,Viceroy Los Cabos,San Jose del Cabo,Mexico,23.0439747,-109.6979043,recSn5WqJTz58JPJg,Viceroy Los Cabos,91,100,"Strong name similarity (100%), same country, 91m apart",Viceroy Los Cabos,San Jose del Cabo,Mexico,23.0439747,-109.6979043,viceroy los cabos|san jose del cabo|mexico,High-confidence legacy census match; score meets promote threshold.
201,recqTRplBnObxPVGD,Hotel Emporio Mazatlán,Mazatlán,Mexico,23.2397692,-106.446982,recr9ZqfsUJ6MMnCZ,Emporio Hotel Mazatlan,24,100,"Strong name similarity (100%), same country, 24m apart",Hotel Emporio Mazatlán,Mazatlán,Mexico,23.2397692,-106.446982,hotel emporio mazatlan|mazatlan|mexico,High-confidence legacy census match; score meets promote threshold.
202,recrJm577TENzBLD2,Hotel Rosa del Alba,Chetumal,Mexico,18.5021151,-88.2954938,recn7usgkEhpSHFJX,Hotel Rosa del Alba,17,100,"Strong name similarity (100%), same country, 17m apart",Hotel Rosa del Alba,Chetumal,Mexico,18.5021151,-88.2954938,hotel rosa del alba|chetumal|mexico,High-confidence legacy census match; score meets promote threshold.
203,recrbcuGepAUmG3FK,Hotel Posada San Angelo,Cuernavaca,Mexico,18.9350125,-99.2303716,recNebwN5ylgnw9h7,Hotel Posada San Angelo,16,100,"Strong name similarity (100%), same country, 16m apart",Hotel Posada San Angelo,Cuernavaca,Mexico,18.9350125,-99.2303716,hotel posada san angelo|cuernavaca|mexico,High-confidence legacy census match; score meets promote threshold.
204,recrgaWvD9SzgeR2q,Hotel Don Quijote,San Cristóbal de Las Casas,Mexico,16.738052,-92.6345495,rech6AqObdqpoaaIH,Hotel Don Quijote,7,100,"Strong name similarity (100%), same country, 7m apart",Hotel Don Quijote,San Cristóbal de Las Casas,Mexico,16.738052,-92.6345495,hotel don quijote|san cristobal de las casas|mexico,High-confidence legacy census match; score meets promote threshold.
205,recsFRXVxVtnnBuTh,Hotel Mision Patzcuaro Centro Historico,Pátzcuaro,Mexico,19.517535,-101.6093248,rec0EIAxddL40SDg1,Hotel Mision Patzcuaro Centro Historico,45,100,"Strong name similarity (100%), same country, 45m apart",Hotel Mision Patzcuaro Centro Historico,Pátzcuaro,Mexico,19.517535,-101.6093248,hotel mision patzcuaro centro historico|patzcuaro|mexico,High-confidence legacy census match; score meets promote threshold.
206,recsG5971xK14qZ63,Hotel La Silla,Monterrey,Mexico,25.6884605,-100.3147553,rec3PZfv0xIoSSifG,Hotel La Silla,2,100,"Strong name similarity (100%), same country, 2m apart",Hotel La Silla,Monterrey,Mexico,25.6884605,-100.3147553,hotel la silla|monterrey|mexico,High-confidence legacy census match; score meets promote threshold.
207,recsQdCuhJKO15q7e,HM Mirador,Chihuahua,Mexico,28.6454355,-106.0800711,rec38nU0Dhlr3Q3PT,HM Mirador,5,100,"Strong name similarity (100%), same country, 5m apart",HM Mirador,Chihuahua,Mexico,28.6454355,-106.0800711,hm mirador|chihuahua|mexico,High-confidence legacy census match; score meets promote threshold.
208,recsVEjIL3BZGviOw,Hotel Principado Durango,Durango,Mexico,24.0280185,-104.6718442,recdZe1yuUAZQ5MXG,Hotel Principado Durango,31,100,"Strong name similarity (100%), same country, 31m apart",Hotel Principado Durango,Durango,Mexico,24.0280185,-104.6718442,hotel principado durango|durango|mexico,High-confidence legacy census match; score meets promote threshold.
209,recsbVIl34Q0bWvD9,Hotel Flamingo,Mérida,MX,20.969631,-89.6209314,recTdHwlQ0yQMOb35,Hotel Flamingo,26,100,"Strong name similarity (100%), same country, 26m apart",Hotel Flamingo,Mérida,MX,20.969631,-89.6209314,hotel flamingo|merida|mx,High-confidence legacy census match; score meets promote threshold.
210,recsyTDClaUMWkiqz,Nuevo Hotel Alameda,"Centro, Uruapan",Mexico,19.4200047,-102.0617967,recJXaoOBTdELiVWU,Nuevo Hotel Alameda,5,100,"Strong name similarity (100%), same country, 5m apart",Nuevo Hotel Alameda,"Centro, Uruapan",Mexico,19.4200047,-102.0617967,"nuevo hotel alameda|centro, uruapan|mexico",High-confidence legacy census match; score meets promote threshold.
211,recttGGNeR0tkHYVq,Hotel El Cid,Mérida,MX,20.9691714,-89.6332388,recBP8mSoTMgs8oMl,Hotel El Cid,18,100,"Strong name similarity (100%), same country, 18m apart",Hotel El Cid,Mérida,MX,20.9691714,-89.6332388,hotel el cid|merida|mx,High-confidence legacy census match; score meets promote threshold.
212,recuN1DRqXdWdorjR,Hotel Casa Lidia,Mérida,Mexico,20.9663405,-89.6274405,rec0bfWH3owSpSyGg,Hotel Casa Lidia,2,100,"Strong name similarity (100%), same country, 2m apart",Hotel Casa Lidia,Mérida,Mexico,20.9663405,-89.6274405,hotel casa lidia|merida|mexico,High-confidence legacy census match; score meets promote threshold.
213,recuRRMYvIwvIPyGg,Hotel Balcón del Cielo,Guanajuato,Mexico,21.0144311,-101.2540071,recCkBfR7zUDwtIq1,Hotel Balcon Del Cielo,2,100,"Strong name similarity (100%), same country, 2m apart",Hotel Balcón del Cielo,Guanajuato,Mexico,21.0144311,-101.2540071,hotel balcon del cielo|guanajuato|mexico,High-confidence legacy census match; score meets promote threshold.
214,recuZBu9QHMqqp72R,Hotel Delfín,Lázaro Cárdenas,Mexico,17.958431,-102.1953014,recd0IbJWUuLopL4M,Hotel Delfin,36,100,"Strong name similarity (100%), same country, 36m apart",Hotel Delfín,Lázaro Cárdenas,Mexico,17.958431,-102.1953014,hotel delfin|lazaro cardenas|mexico,High-confidence legacy census match; score meets promote threshold.
215,recvSYyj8Lbvf0mAH,Hotel María Conchita,Zacatecas,Mexico,22.7690694,-102.5709741,rec9ALRFMLy5BQHWc,Hotel Maria Conchita,40,100,"Strong name similarity (100%), same country, 40m apart",Hotel María Conchita,Zacatecas,Mexico,22.7690694,-102.5709741,hotel maria conchita|zacatecas|mexico,High-confidence legacy census match; score meets promote threshold.
216,recveHyi81qfqrvpz,Hotel Plaza Calzada,Monterrey,Mexico,25.6833966,-100.3105305,recZhHOs634njdN2E,Hotel Plaza Calzada,99,100,"Strong name similarity (100%), same country, 99m apart",Hotel Plaza Calzada,Monterrey,Mexico,25.6833966,-100.3105305,hotel plaza calzada|monterrey|mexico,High-confidence legacy census match; score meets promote threshold.
217,recwZuO8eNpMU0eCB,Hotel Valgrande,Coatzacoalcos,Mexico,18.1455881,-94.4133559,recNC2kOfmCwLGTvG,Hotel Valgrande,37,100,"Strong name similarity (100%), same country, 37m apart",Hotel Valgrande,Coatzacoalcos,Mexico,18.1455881,-94.4133559,hotel valgrande|coatzacoalcos|mexico,High-confidence legacy census match; score meets promote threshold.
218,recwowejeAaVOGmoi,Hotel del Portal,Puebla,Mexico,19.043469,-98.19722,rec24vWu5FDfCzcpT,Hotel Del Portal,31,100,"Strong name similarity (100%), same country, 31m apart",Hotel del Portal,Puebla,Mexico,19.043469,-98.19722,hotel del portal|puebla|mexico,High-confidence legacy census match; score meets promote threshold.
219,recwrKcSuPmMY8dmf,Hotel Villa Blanca Huatulco,Bahias de Huatulco,Mexico,15.7617546,-96.1269706,recN66wAq5snGacFz,Hotel Villa Blanca Huatulco,13,100,"Strong name similarity (100%), same country, 13m apart",Hotel Villa Blanca Huatulco,Bahias de Huatulco,Mexico,15.7617546,-96.1269706,hotel villa blanca huatulco|bahias de huatulco|mexico,High-confidence legacy census match; score meets promote threshold.
220,recxFwZVaVqo0bzjh,Hotel Medrano,Aguascalientes,Mexico,21.8706012,-102.2940771,recNzCqos4tRHnKO3,Hotel Medrano,77,100,"Strong name similarity (100%), same country, 77m apart",Hotel Medrano,Aguascalientes,Mexico,21.8706012,-102.2940771,hotel medrano|aguascalientes|mexico,High-confidence legacy census match; score meets promote threshold.
221,recxNoyPLx1hXGF3v,Hotel Roma,Durango,Mexico,24.024187,-104.6711051,recH3rhiXfk9928Pv,Hotel Roma,1,100,"Strong name similarity (100%), same country, 1m apart",Hotel Roma,Durango,Mexico,24.024187,-104.6711051,hotel roma|durango|mexico,High-confidence legacy census match; score meets promote threshold.
222,recxQHMs20SDYycp4,Hotel Virrey de Mendoza,Morelia,Mexico,19.7027709,-101.1942157,recIbHe2schWsdJfN,Virrey De Mendoza Hotel,17,100,"Strong name similarity (100%), same country, 17m apart",Hotel Virrey de Mendoza,Morelia,Mexico,19.7027709,-101.1942157,hotel virrey de mendoza|morelia|mexico,High-confidence legacy census match; score meets promote threshold.
223,recxY2GG2Df7Kxztn,Grand Velas Riviera Nayarit,Nuevo Vallarta,Mexico,20.7073402,-105.3003869,recaRMP4Xztsz2VDg,Grand Velas Riviera Nayarit,30,100,"Strong name similarity (100%), same country, 30m apart",Grand Velas Riviera Nayarit,Nuevo Vallarta,Mexico,20.7073402,-105.3003869,grand velas riviera nayarit|nuevo vallarta|mexico,High-confidence legacy census match; score meets promote threshold.
224,recxaui5986O9AFjg,Hotel Cimsa,Veracruz,Mexico,19.1942754,-96.1368655,recbvS61GxLXrVJyt,Hotel Cimsa,20,100,"Strong name similarity (100%), same country, 20m apart",Hotel Cimsa,Veracruz,Mexico,19.1942754,-96.1368655,hotel cimsa|veracruz|mexico,High-confidence legacy census match; score meets promote threshold.
225,recxdHkN6lX69vNho,Hotel Cabo Blanco,Barra de Navidad,Mexico,19.2067614,-104.679761,recw4Lk53YX3d6Gzv,Cabo Blanco Hotel,33,100,"Strong name similarity (100%), same country, 33m apart",Hotel Cabo Blanco,Barra de Navidad,Mexico,19.2067614,-104.679761,hotel cabo blanco|barra de navidad|mexico,High-confidence legacy census match; score meets promote threshold.
226,recxr1PwfkElid2gx,Hotel Las Jacarandas,Mazatlán,Mexico,23.238279,-106.4438941,rechsnWRMAd2Pbz6Q,Hotel Las Jacarandas,8,100,"Strong name similarity (100%), same country, 8m apart",Hotel Las Jacarandas,Mazatlán,Mexico,23.238279,-106.4438941,hotel las jacarandas|mazatlan|mexico,High-confidence legacy census match; score meets promote threshold.
227,recyEvtAaMOlWW7bd,iStay Hotel Monterrey Histórico,Monterrey,Mexico,25.6679453,-100.3171253,recJh70AFvFI60eTA,iStay Hotel Monterrey Historico,26,100,"Strong name similarity (100%), same country, 26m apart",iStay Hotel Monterrey Histórico,Monterrey,Mexico,25.6679453,-100.3171253,istay hotel monterrey historico|monterrey|mexico,High-confidence legacy census match; score meets promote threshold.
228,recyGqFrqRmulsQEP,Hotel California,Mazatlán,MX,23.2304261,-106.4222658,rec2yKE6ESkQzpfpO,Hotel California,5,100,"Strong name similarity (100%), same country, 5m apart",Hotel California,Mazatlán,MX,23.2304261,-106.4222658,hotel california|mazatlan|mx,High-confidence legacy census match; score meets promote threshold.
229,recyTslWzLOYbo1EK,Hotel Torres del Fuerte,El Fuerte,MX,26.4207373,-108.6183738,recXQD5isREJqkyPh,Torres Del Fuerte Hotel,108,100,"Strong name similarity (100%), same country, 108m apart",Hotel Torres del Fuerte,El Fuerte,MX,26.4207373,-108.6183738,hotel torres del fuerte|el fuerte|mx,High-confidence legacy census match; score meets promote threshold.
230,recyVEjBB5qCHC7oM,Holiday Inn Express & Suites Playa del Carmen,Playa del Carmen,Mexico,20.6305447,-87.0715922,recZSCqHqyBU365UX,Holiday Inn Express & Suites Playa del Carmen,135,100,"Strong name similarity (100%), same country, 135m apart",Holiday Inn Express & Suites Playa del Carmen,Playa del Carmen,Mexico,20.6305447,-87.0715922,holiday inn express & suites playa del carmen|playa del carmen|mexico,High-confidence legacy census match; score meets promote threshold.
231,recyWJceablDWxTDx,Hotel María del Carmen,Mérida,Mexico,20.9672751,-89.6292766,rec4oqVblBYMoPe4H,Hotel Maria Del Carmen,6,100,"Strong name similarity (100%), same country, 6m apart",Hotel María del Carmen,Mérida,Mexico,20.9672751,-89.6292766,hotel maria del carmen|merida|mexico,High-confidence legacy census match; score meets promote threshold.
232,recydKrxuD9po0PlJ,DoubleTree by Hilton Toluca,Toluca de Lerdo,MX,19.3025369,-99.6262118,rec4fpErb1WQoRS8N,DoubleTree by Hilton Toluca,26,100,"Strong name similarity (100%), same country, 26m apart",DoubleTree by Hilton Toluca,Toluca de Lerdo,MX,19.3025369,-99.6262118,doubletree by hilton toluca|toluca de lerdo|mx,High-confidence legacy census match; score meets promote threshold.
233,recyt2ULMLR8rlp2G,Hotel Alfa Inn,Montemorelos,MX,25.1899011,-99.8451782,recUYl7163rWe2BME,Hotel Alfa Inn,36,100,"Strong name similarity (100%), same country, 36m apart",Hotel Alfa Inn,Montemorelos,MX,25.1899011,-99.8451782,hotel alfa inn|montemorelos|mx,High-confidence legacy census match; score meets promote threshold.
234,recz4j7b5QCTLjNzH,Playa Grande Resort & Grand Spa,Cabo San Lucas,Mexico,22.8756151,-109.9079382,recoWNaRgqBs4YXWT,Playa Grande Resort & Grand Spa,111,100,"Strong name similarity (100%), same country, 111m apart",Playa Grande Resort & Grand Spa,Cabo San Lucas,Mexico,22.8756151,-109.9079382,playa grande resort & grand spa|cabo san lucas|mexico,High-confidence legacy census match; score meets promote threshold.
235,recz7iNa9ohtmKVEu,Sleep Inn Culiacan,Culiacán,MX,24.8130151,-107.4131866,rec7zHsAFkU4rgdye,Sleep Inn Culiacan,11,100,"Strong name similarity (100%), same country, 11m apart",Sleep Inn Culiacan,Culiacán,MX,24.8130151,-107.4131866,sleep inn culiacan|culiacan|mx,High-confidence legacy census match; score meets promote threshold.
236,reczx2OXPxjZEVzoZ,Villas El Rancho,Mazatlán,Mexico,23.2806751,-106.4689137,rec3Vifce8FMGakyp,Villas El Rancho,46,100,"Strong name similarity (100%), same country, 46m apart",Villas El Rancho,Mazatlán,Mexico,23.2806751,-106.4689137,villas el rancho|mazatlan|mexico,High-confidence legacy census match; score meets promote threshold.
237,recAsgp2uhkSfqy3h,Hotel Fiesta Veracruzana,Veracruz,Mexico,19.2008755,-96.1579393,rec8Jl9b97jFVrYUs,Hotel Fiesta Veracruz,11,93,"Strong name similarity (88%), same country, 11m apart",Hotel Fiesta Veracruzana,Veracruz,Mexico,19.2008755,-96.1579393,hotel fiesta veracruzana|veracruz|mexico,High-confidence legacy census match; score meets promote threshold.
238,recJxG73zWsxAxpPl,Mansión del Quijote,Texcoco de Mora,Mexico,19.5163427,-98.8496057,recL1IEdnLsI99a9e,La Mansion del Quijote,13,93,"Strong name similarity (86%), same country, 13m apart",Mansión del Quijote,Texcoco de Mora,Mexico,19.5163427,-98.8496057,mansion del quijote|texcoco de mora|mexico,High-confidence legacy census match; score meets promote threshold.
239,rec0EJHeFWV7Imqby,Mansión Inn,,Mexico,19.1646748,-99.4596619,recWn1t0NLxSS7lvK,Mansion Inn,48,90,"Strong name similarity (100%), same country, 48m apart",Mansión Inn,,Mexico,19.1646748,-99.4596619,mansion inn|19.1647|-99.4597,High-confidence legacy census match; score meets promote threshold.
240,rec1Fh9b3bsoEEFpo,Hotel Mirage,,Mexico,20.5809154,-100.383248,recIOGrFDrs4gyZTX,Mirage Hotel,17,90,"Strong name similarity (100%), same country, 17m apart",Hotel Mirage,,Mexico,20.5809154,-100.383248,hotel mirage|20.5809|-100.3832,High-confidence legacy census match; score meets promote threshold.
241,rec1XjXuu6d3dad4V,Hotel Playa de Oro,Boca del Rio,Mexico,19.1355791,-96.1060633,rec91kdKM9uoSdyIV,Playa De Oro Hotel,8,90,"Strong name similarity (100%), same country, 8m apart",Hotel Playa de Oro,Boca del Rio,Mexico,19.1355791,-96.1060633,hotel playa de oro|boca del rio|mexico,High-confidence legacy census match; score meets promote threshold.
242,rec1fSbto7tUqafdE,Hotel el Mayo,,Mexico,24.8043209,-107.4018339,recsCSTT5eD7hxvy7,Hotel El Mayo,31,90,"Strong name similarity (100%), same country, 31m apart",Hotel el Mayo,,Mexico,24.8043209,-107.4018339,hotel el mayo|24.8043|-107.4018,High-confidence legacy census match; score meets promote threshold.
243,rec1i5PSUSxZkZ4Rc,Dreams Sapphire Resort & Spa,,Mexico,20.8792217,-86.8661345,recJJMRkPcaS7lYhe,Dreams Sapphire Resort & Spa,72,90,"Strong name similarity (100%), same country, 72m apart",Dreams Sapphire Resort & Spa,,Mexico,20.8792217,-86.8661345,dreams sapphire resort & spa|20.8792|-86.8661,High-confidence legacy census match; score meets promote threshold.
244,rec22ShoqoFxFVCov,Hotel Ciudad Real Palenque,,Mexico,17.5160856,-91.9935752,recZK9s3BB2viAU0X,Hotel Ciudad Real Palenque,72,90,"Strong name similarity (100%), same country, 72m apart",Hotel Ciudad Real Palenque,,Mexico,17.5160856,-91.9935752,hotel ciudad real palenque|17.5161|-91.9936,High-confidence legacy census match; score meets promote threshold.
245,rec24Nhj0EMJ5r6va,Hotel Posada de Tampico,,Mexico,22.2748633,-97.8753969,rec7XkaD3YdmqUpHC,Hotel Posada De Tampico,38,90,"Strong name similarity (100%), same country, 38m apart",Hotel Posada de Tampico,,Mexico,22.2748633,-97.8753969,hotel posada de tampico|22.2749|-97.8754,High-confidence legacy census match; score meets promote threshold.
246,rec2763i2sPTlhMIi,Hotel Royal Inn,,Mexico,26.8942244,-101.4208138,rec2doTCG1JV8FQsl,Hotel Royal Inn,23,90,"Strong name similarity (100%), same country, 23m apart",Hotel Royal Inn,,Mexico,26.8942244,-101.4208138,hotel royal inn|26.8942|-101.4208,High-confidence legacy census match; score meets promote threshold.
247,rec294nr3eYNx2yOA,Hotel Real del Río,,Mexico,32.5232024,-117.0124062,recRANicWEXZTa05B,Hotel Real Del Rio,12,90,"Strong name similarity (100%), same country, 12m apart",Hotel Real del Río,,Mexico,32.5232024,-117.0124062,hotel real del rio|32.5232|-117.0124,High-confidence legacy census match; score meets promote threshold.
248,rec2E2ut5lEJx9e9G,Las Palmas midway inn,,Mexico,23.6607699,-100.6350587,recPBWAb2LH5thdcl,Las Palmas Midway Inn,52,90,"Strong name similarity (100%), same country, 52m apart",Las Palmas midway inn,,Mexico,23.6607699,-100.6350587,las palmas midway inn|23.6608|-100.6351,High-confidence legacy census match; score meets promote threshold.
249,rec2c8yD8MDK46vw6,Hotel El Salvador,Ciudad de México,Mexico,19.4303044,-99.1405528,recsCJrI08sxHLQK6,Hotel El Salvador,4,90,"Strong name similarity (100%), same country, 4m apart",Hotel El Salvador,Ciudad de México,Mexico,19.4303044,-99.1405528,hotel el salvador|ciudad de mexico|mexico,High-confidence legacy census match; score meets promote threshold.
250,rec2j4w9OrYwZPVim,Hotel Marina Puerto Dorado,,Mexico,19.0629741,-104.3027257,recHBlZjOlEVWY3Cs,Hotel Marina Puerto Dorado,20,90,"Strong name similarity (100%), same country, 20m apart",Hotel Marina Puerto Dorado,,Mexico,19.0629741,-104.3027257,hotel marina puerto dorado|19.063|-104.3027,High-confidence legacy census match; score meets promote threshold.
