Parent Company,Brand Setup Brand,Property URL,Property ID,Inferred Country,City Slug,Matched Candidate Record ID,Matched Candidate Name,Candidate Match Confidence,Candidate Match Reason,Matched Verified Record ID,Matched Verified Name,Verified Match Confidence,Verified Match Reason,Recommended Action,Source Policy Status,Notes
Choice Hotels International,Radisson RED  (Choice),https://www.choicehotels.com/argentina/rosario/radisson-red-hotels/aa024,aa024,Argentina,rosario,rec2gKSsirHelTWQc,Hotel olijnik,low,country; city,rec2jlfAXFP1UgmQt,Iberostar Selection Bavaro Suites,none,Country mismatch,needs_manual_review,review_required,Phase 4P read-only match; no Airtable writes. Candidate: low. Verified: none. Source policy sign-off required before candidate ingest.
Choice Hotels International,Radisson Blu (Choice),https://www.choicehotels.com/argentina/san-carlos-de-bariloche/radisson-blu-hotels/aa022,aa022,Argentina,san-carlos-de-bariloche,rec0K31U7ZeqNxKUu,Hotel Maria,low,country; city,rec2jlfAXFP1UgmQt,Iberostar Selection Bavaro Suites,none,Country mismatch,needs_manual_review,review_required,Phase 4P read-only match; no Airtable writes. Candidate: low. Verified: none. Source policy sign-off required before candidate ingest.
Choice Hotels International,Radisson Blu (Choice),https://www.choicehotels.com/chile/concon/radisson-blu-hotels/cl009,cl009,Chile,concon,rec5U58kxxzPtcGzn,Radisson Blu Acqua Hotel & Spa Concón,medium,country; city; name=0.43; brand,rec2jlfAXFP1UgmQt,Iberostar Selection Bavaro Suites,none,Country mismatch,link_to_existing_candidate_review,review_required,Phase 4P read-only match; no Airtable writes. Candidate: medium. Verified: none. Source policy sign-off required before candidate ingest.
Choice Hotels International,Ascend Hotel Collection,https://www.choicehotels.com/dominican-republic/juan-dolio-beach/ascend-hotels/do012,do012,Dominican Republic,juan-dolio-beach,reca5FO5JQ0wwcwQZ,Hilton La Romana,none,country,rec2jlfAXFP1UgmQt,Iberostar Selection Bavaro Suites,none,country,create_new_candidate_after_policy_review,review_required,Phase 4P read-only match; no Airtable writes. Candidate: none. Verified: none. Source policy sign-off required before candidate ingest.
Choice Hotels International,Ascend Hotel Collection,https://www.choicehotels.com/chile/calama-antofagasta/ascend-hotels/cl022,cl022,Chile,calama-antofagasta,rec0W3tGEI1QAGKTd,Jatata Express,low,country; city,rec2jlfAXFP1UgmQt,Iberostar Selection Bavaro Suites,none,Country mismatch,needs_manual_review,review_required,Phase 4P read-only match; no Airtable writes. Candidate: low. Verified: none. Source policy sign-off required before candidate ingest.
Choice Hotels International,Radisson (Choice),https://www.choicehotels.com/chile/curico/radisson-hotels/cl010,cl010,Chile,curico,recFfjV4mIW6k3F3b,Casa Los Guerrero,low,country; city,rec2jlfAXFP1UgmQt,Iberostar Selection Bavaro Suites,none,Country mismatch,needs_manual_review,review_required,Phase 4P read-only match; no Airtable writes. Candidate: low. Verified: none. Source policy sign-off required before candidate ingest.
Choice Hotels International,Ascend Hotel Collection,https://www.choicehotels.com/dominican-republic/playa-dorada/ascend-hotels/do013,do013,Dominican Republic,playa-dorada,reca5FO5JQ0wwcwQZ,Hilton La Romana,none,country,rec2jlfAXFP1UgmQt,Iberostar Selection Bavaro Suites,none,country,create_new_candidate_after_policy_review,review_required,Phase 4P read-only match; no Airtable writes. Candidate: none. Verified: none. Source policy sign-off required before candidate ingest.
Choice Hotels International,Park Inn by Radisson (Choice),https://www.choicehotels.com/chile/antofagasta/park-inn-hotels/cl023,cl023,Chile,antofagasta,rec482sAPvu7eQ3i1,Hotel Alterra,low,country; city,rec2jlfAXFP1UgmQt,Iberostar Selection Bavaro Suites,none,Country mismatch,needs_manual_review,review_required,Phase 4P read-only match; no Airtable writes. Candidate: low. Verified: none. Source policy sign-off required before candidate ingest.
Choice Hotels International,Ascend Hotel Collection,https://www.choicehotels.com/dominican-republic/sosua/ascend-hotels/do030,do030,Dominican Republic,sosua,reca5FO5JQ0wwcwQZ,Hilton La Romana,none,country,rec2jlfAXFP1UgmQt,Iberostar Selection Bavaro Suites,none,country,create_new_candidate_after_policy_review,review_required,Phase 4P read-only match; no Airtable writes. Candidate: none. Verified: none. Source policy sign-off required before candidate ingest.
Choice Hotels International,Quality Inn,https://www.choicehotels.com/dominican-republic/santo-domingo/quality-inn-hotels/do002,do002,Dominican Republic,santo-domingo,reca5FO5JQ0wwcwQZ,Hilton La Romana,none,country,rec5d3M6KTR4t1w2h,Hotel BQ;Vent W&P Santo Domingo,low,country; city,needs_manual_review,review_required,Phase 4P read-only match; no Airtable writes. Candidate: none. Verified: low. Source policy sign-off required before candidate ingest.
Choice Hotels International,Ascend Hotel Collection,https://www.choicehotels.com/dominican-republic/santiago/ascend-hotels/do032,do032,Dominican Republic,santiago,reca5FO5JQ0wwcwQZ,Hilton La Romana,none,country,rec2jlfAXFP1UgmQt,Iberostar Selection Bavaro Suites,none,country,create_new_candidate_after_policy_review,review_required,Phase 4P read-only match; no Airtable writes. Candidate: none. Verified: none. Source policy sign-off required before candidate ingest.
Choice Hotels International,Ascend Hotel Collection,https://www.choicehotels.com/ecuador/quito/ascend-hotels/ec001,ec001,Ecuador,quito,recHacsF7bhCOBNad,Ikala Quito Hotel,low,country; city; name=0.40,rec2jlfAXFP1UgmQt,Iberostar Selection Bavaro Suites,none,Country mismatch,needs_manual_review,review_required,Phase 4P read-only match; no Airtable writes. Candidate: low. Verified: none. Source policy sign-off required before candidate ingest.
Choice Hotels International,Radisson (Choice),https://www.choicehotels.com/dominican-republic/santo-domingo/radisson-hotels/do003,do003,Dominican Republic,santo-domingo,reca5FO5JQ0wwcwQZ,Hilton La Romana,none,country,recGuQCLRk65rO2rl,Radisson Hotel Santo Domingo,low,country; city; name=0.60,needs_manual_review,review_required,Phase 4P read-only match; no Airtable writes. Candidate: none. Verified: low. Source policy sign-off required before candidate ingest.
Choice Hotels International,Park Inn by Radisson (Choice),https://www.choicehotels.com/ecuador/quito-pichincha/park-inn-hotels/ec005,ec005,Ecuador,quito-pichincha,recDqxvEDOTdCcqtR,Park Inn by Radisson,low,country; name=0.75; brand,rec2jlfAXFP1UgmQt,Iberostar Selection Bavaro Suites,none,Country mismatch,needs_manual_review,review_required,Phase 4P read-only match; no Airtable writes. Candidate: low. Verified: none. Source policy sign-off required before candidate ingest.
Choice Hotels International,Radisson (Choice),https://www.choicehotels.com/ecuador/guayaquil/radisson-hotels/ec003,ec003,Ecuador,guayaquil,rec4tENfsXd9S8aPt,Hotel Las Americas,low,country; city,rec2jlfAXFP1UgmQt,Iberostar Selection Bavaro Suites,none,Country mismatch,needs_manual_review,review_required,Phase 4P read-only match; no Airtable writes. Candidate: low. Verified: none. Source policy sign-off required before candidate ingest.
Choice Hotels International,Ascend Hotel Collection,https://www.choicehotels.com/ecuador/guayaquil/ascend-hotels/ec002,ec002,Ecuador,guayaquil,recuRzGHaDiXY1tUD,Hotel,low,country; city; name=0.75,rec2jlfAXFP1UgmQt,Iberostar Selection Bavaro Suites,none,Country mismatch,needs_manual_review,review_required,Phase 4P read-only match; no Airtable writes. Candidate: low. Verified: none. Source policy sign-off required before candidate ingest.
Choice Hotels International,Radisson Individual (Choice),https://www.choicehotels.com/panama/panama/radisson-individuals-hotels/pn008,pn008,Panama,panama,rec2Ll5QqppnXxh4c,Avila Hotel,low,country; city,rec2jlfAXFP1UgmQt,Iberostar Selection Bavaro Suites,none,Country mismatch,needs_manual_review,review_required,Phase 4P read-only match; no Airtable writes. Candidate: low. Verified: none. Source policy sign-off required before candidate ingest.
Choice Hotels International,Radisson (Choice),https://www.choicehotels.com/panama/panama/radisson-hotels/pn018,pn018,Panama,panama,rec2Ll5QqppnXxh4c,Avila Hotel,low,country; city,rec2jlfAXFP1UgmQt,Iberostar Selection Bavaro Suites,none,Country mismatch,needs_manual_review,review_required,Phase 4P read-only match; no Airtable writes. Candidate: low. Verified: none. Source policy sign-off required before candidate ingest.
Choice Hotels International,Radisson Individual (Choice),https://www.choicehotels.com/panama/panama/radisson-individuals-hotels/pn012,pn012,Panama,panama,rec2Ll5QqppnXxh4c,Avila Hotel,low,country; city,rec2jlfAXFP1UgmQt,Iberostar Selection Bavaro Suites,none,Country mismatch,needs_manual_review,review_required,Phase 4P read-only match; no Airtable writes. Candidate: low. Verified: none. Source policy sign-off required before candidate ingest.
Choice Hotels International,Radisson (Choice),https://www.choicehotels.com/panama/amador/radisson-hotels/pn011,pn011,Panama,amador,rec0BLrmuWocm6rH1,Hotel California,none,country,rec2jlfAXFP1UgmQt,Iberostar Selection Bavaro Suites,none,Country mismatch,create_new_candidate_after_policy_review,review_required,Phase 4P read-only match; no Airtable writes. Candidate: none. Verified: none. Source policy sign-off required before candidate ingest.
Choice Hotels International,Radisson (Choice),https://www.choicehotels.com/peru/miraflores/radisson-hotels/pe004,pe004,Peru,miraflores,rec2s34Ik2hdbGhMN,White House Lima,low,country; city,rec2jlfAXFP1UgmQt,Iberostar Selection Bavaro Suites,none,Country mismatch,needs_manual_review,review_required,Phase 4P read-only match; no Airtable writes. Candidate: low. Verified: none. Source policy sign-off required before candidate ingest.
Choice Hotels International,Ascend Hotel Collection,https://www.choicehotels.com/trinidad-and-tobago/roxborough/ascend-hotels/tt006,tt006,Trinidad and Tobago,roxborough,rec0n2PGd4urtkDta,Grafton Beach Resort,none,country,rec2jlfAXFP1UgmQt,Iberostar Selection Bavaro Suites,none,Country mismatch,create_new_candidate_after_policy_review,review_required,Phase 4P read-only match; no Airtable writes. Candidate: none. Verified: none. Source policy sign-off required before candidate ingest.
Choice Hotels International,Radisson (Choice),https://www.choicehotels.com/trinidad-and-tobago/port-of-spain/radisson-hotels/tt007,tt007,Trinidad and Tobago,port-of-spain,recCsbUqw8GnKDxtP,Hyatt Regency Trinidad,low,country; city,rec2jlfAXFP1UgmQt,Iberostar Selection Bavaro Suites,none,Country mismatch,needs_manual_review,review_required,Phase 4P read-only match; no Airtable writes. Candidate: low. Verified: none. Source policy sign-off required before candidate ingest.
Choice Hotels International,Ascend Hotel Collection,https://www.choicehotels.com/trinidad-and-tobago/argyle/ascend-hotels/tt004,tt004,Trinidad and Tobago,argyle,rec0n2PGd4urtkDta,Grafton Beach Resort,none,country,rec2jlfAXFP1UgmQt,Iberostar Selection Bavaro Suites,none,Country mismatch,create_new_candidate_after_policy_review,review_required,Phase 4P read-only match; no Airtable writes. Candidate: none. Verified: none. Source policy sign-off required before candidate ingest.
Choice Hotels International,Comfort Inn & Suites,https://www.choicehotels.com/trinidad-and-tobago/scarborough/comfort-inn-hotels/tt005,tt005,Trinidad and Tobago,scarborough,recEfPjLSnZqo8DE1,Seaview Guest House,low,country; city,rec2jlfAXFP1UgmQt,Iberostar Selection Bavaro Suites,none,Country mismatch,needs_manual_review,review_required,Phase 4P read-only match; no Airtable writes. Candidate: low. Verified: none. Source policy sign-off required before candidate ingest.
Choice Hotels International,Ascend Hotel Collection,https://www.choicehotels.com/trinidad-and-tobago/speyside/ascend-hotels/tt008,tt008,Trinidad and Tobago,speyside,rec0n2PGd4urtkDta,Grafton Beach Resort,none,country,rec2jlfAXFP1UgmQt,Iberostar Selection Bavaro Suites,none,Country mismatch,create_new_candidate_after_policy_review,review_required,Phase 4P read-only match; no Airtable writes. Candidate: none. Verified: none. Source policy sign-off required before candidate ingest.
Choice Hotels International,Radisson (Choice),https://www.choicehotels.com/uruguay/montevideo/radisson-hotels/uy004,uy004,Uruguay,montevideo,,,none,,rec2jlfAXFP1UgmQt,Iberostar Selection Bavaro Suites,none,Country mismatch,create_new_candidate_after_policy_review,review_required,Phase 4P read-only match; no Airtable writes. Candidate: none. Verified: none. Source policy sign-off required before candidate ingest.
Choice Hotels International,Radisson (Choice),https://www.choicehotels.com/uruguay/colonia-del-sacramento/radisson-hotels/uy003,uy003,Uruguay,colonia-del-sacramento,,,none,,rec2jlfAXFP1UgmQt,Iberostar Selection Bavaro Suites,none,Country mismatch,create_new_candidate_after_policy_review,review_required,Phase 4P read-only match; no Airtable writes. Candidate: none. Verified: none. Source policy sign-off required before candidate ingest.
Choice Hotels International,Radisson Blu (Choice),https://www.choicehotels.com/aruba/palm-beach/radisson-blu-hotels/aw007,aw007,Aruba,palm-beach,,,none,,rec2jlfAXFP1UgmQt,Iberostar Selection Bavaro Suites,none,Country mismatch,create_new_candidate_after_policy_review,review_required,Phase 4P read-only match; no Airtable writes. Candidate: none. Verified: none. Source policy sign-off required before candidate ingest.
Choice Hotels International,Radisson (Choice),https://www.choicehotels.com/barbados/st-michael/radisson-hotels/bb002,bb002,Barbados,st-michael,,,none,,rec2jlfAXFP1UgmQt,Iberostar Selection Bavaro Suites,none,Country mismatch,create_new_candidate_after_policy_review,review_required,Phase 4P read-only match; no Airtable writes. Candidate: none. Verified: none. Source policy sign-off required before candidate ingest.
Choice Hotels International,Radisson (Choice),https://www.choicehotels.com/bolivia/santa-cruz-de-la-sierra/radisson-hotels/bo001,bo001,Bolivia,santa-cruz-de-la-sierra,,,none,,rec2jlfAXFP1UgmQt,Iberostar Selection Bavaro Suites,none,Country mismatch,create_new_candidate_after_policy_review,review_required,Phase 4P read-only match; no Airtable writes. Candidate: none. Verified: none. Source policy sign-off required before candidate ingest.
Choice Hotels International,Park Inn by Radisson (Choice),https://www.choicehotels.com/chile/vallenar/park-inn-hotels/cl011,cl011,Chile,vallenar,recCBqhyr6iUQ10Ep,Hostería de Vallenar,low,country; city,rec2jlfAXFP1UgmQt,Iberostar Selection Bavaro Suites,none,Country mismatch,needs_manual_review,review_required,Phase 4P read-only match; no Airtable writes. Candidate: low. Verified: none. Source policy sign-off required before candidate ingest.
Choice Hotels International,Park Inn by Radisson (Choice),https://www.choicehotels.com/chile/puerto-varas/park-inn-hotels/cl014,cl014,Chile,puerto-varas,rec4zLfJVGEfeAKbh,Refugio Buraleo Lodge,low,country; city,rec2jlfAXFP1UgmQt,Iberostar Selection Bavaro Suites,none,Country mismatch,needs_manual_review,review_required,Phase 4P read-only match; no Airtable writes. Candidate: low. Verified: none. Source policy sign-off required before candidate ingest.
Choice Hotels International,Radisson (Choice),https://www.choicehotels.com/chile/puerto-varas/radisson-hotels/cl013,cl013,Chile,puerto-varas,rec4zLfJVGEfeAKbh,Refugio Buraleo Lodge,low,country; city,rec2jlfAXFP1UgmQt,Iberostar Selection Bavaro Suites,none,Country mismatch,needs_manual_review,review_required,Phase 4P read-only match; no Airtable writes. Candidate: low. Verified: none. Source policy sign-off required before candidate ingest.
Choice Hotels International,Ascend Hotel Collection,https://www.choicehotels.com/chile/valparaiso/ascend-hotels/cl024,cl024,Chile,valparaiso,rec1qKjFstgBir56z,La Casa Piola,low,country; city,rec2jlfAXFP1UgmQt,Iberostar Selection Bavaro Suites,none,Country mismatch,needs_manual_review,review_required,Phase 4P read-only match; no Airtable writes. Candidate: low. Verified: none. Source policy sign-off required before candidate ingest.
Choice Hotels International,Radisson Blu (Choice),https://www.choicehotels.com/chile/santiago/radisson-blu-hotels/cl012,cl012,Chile,santiago,reciAxDw1JemAjC54,Blu,low,country; city; name=0.75,rec2jlfAXFP1UgmQt,Iberostar Selection Bavaro Suites,none,Country mismatch,needs_manual_review,review_required,Phase 4P read-only match; no Airtable writes. Candidate: low. Verified: none. Source policy sign-off required before candidate ingest.
Choice Hotels International,Radisson Individual (Choice),https://www.choicehotels.com/colombia/medellin/radisson-individuals-hotels/cb030,cb030,Colombia,medellin,rec0ZJDiLSilmfH0L,Pitstop Guest House,low,country; city,rec2jlfAXFP1UgmQt,Iberostar Selection Bavaro Suites,none,Country mismatch,needs_manual_review,review_required,Phase 4P read-only match; no Airtable writes. Candidate: low. Verified: none. Source policy sign-off required before candidate ingest.
Choice Hotels International,Radisson Individual (Choice),https://www.choicehotels.com/colombia/medellin/radisson-individuals-hotels/cb031,cb031,Colombia,medellin,rec0ZJDiLSilmfH0L,Pitstop Guest House,low,country; city,rec2jlfAXFP1UgmQt,Iberostar Selection Bavaro Suites,none,Country mismatch,needs_manual_review,review_required,Phase 4P read-only match; no Airtable writes. Candidate: low. Verified: none. Source policy sign-off required before candidate ingest.
Choice Hotels International,Radisson (Choice),https://www.choicehotels.com/colombia/barranquilla/radisson-hotels/cb009,cb009,Colombia,barranquilla,rec1EGEP1Mms9oczA,El Camino,low,country; city,rec2jlfAXFP1UgmQt,Iberostar Selection Bavaro Suites,none,Country mismatch,needs_manual_review,review_required,Phase 4P read-only match; no Airtable writes. Candidate: low. Verified: none. Source policy sign-off required before candidate ingest.
Choice Hotels International,Radisson Individual (Choice),https://www.choicehotels.com/colombia/cartagena/radisson-individuals-hotels/cb018,cb018,Colombia,cartagena,rec18nPqb8BbvUFKn,Estancia de la Mantilla,low,country; city,rec2jlfAXFP1UgmQt,Iberostar Selection Bavaro Suites,none,Country mismatch,needs_manual_review,review_required,Phase 4P read-only match; no Airtable writes. Candidate: low. Verified: none. Source policy sign-off required before candidate ingest.
Choice Hotels International,Radisson Individual (Choice),https://www.choicehotels.com/colombia/barranquilla/radisson-individuals-hotels/cb019,cb019,Colombia,barranquilla,rec1EGEP1Mms9oczA,El Camino,low,country; city,rec2jlfAXFP1UgmQt,Iberostar Selection Bavaro Suites,none,Country mismatch,needs_manual_review,review_required,Phase 4P read-only match; no Airtable writes. Candidate: low. Verified: none. Source policy sign-off required before candidate ingest.
Choice Hotels International,Radisson Individual (Choice),https://www.choicehotels.com/colombia/barranquilla/radisson-individuals-hotels/cb016,cb016,Colombia,barranquilla,rec1EGEP1Mms9oczA,El Camino,low,country; city,rec2jlfAXFP1UgmQt,Iberostar Selection Bavaro Suites,none,Country mismatch,needs_manual_review,review_required,Phase 4P read-only match; no Airtable writes. Candidate: low. Verified: none. Source policy sign-off required before candidate ingest.
Choice Hotels International,Radisson Individual (Choice),https://www.choicehotels.com/colombia/cartagena/radisson-individuals-hotels/cb017,cb017,Colombia,cartagena,rec18nPqb8BbvUFKn,Estancia de la Mantilla,low,country; city,rec2jlfAXFP1UgmQt,Iberostar Selection Bavaro Suites,none,Country mismatch,needs_manual_review,review_required,Phase 4P read-only match; no Airtable writes. Candidate: low. Verified: none. Source policy sign-off required before candidate ingest.
Choice Hotels International,Radisson Individual (Choice),https://www.choicehotels.com/colombia/cartagena/radisson-individuals-hotels/cb014,cb014,Colombia,cartagena,rec18nPqb8BbvUFKn,Estancia de la Mantilla,low,country; city,rec2jlfAXFP1UgmQt,Iberostar Selection Bavaro Suites,none,Country mismatch,needs_manual_review,review_required,Phase 4P read-only match; no Airtable writes. Candidate: low. Verified: none. Source policy sign-off required before candidate ingest.
Choice Hotels International,Ascend Hotel Collection,https://www.choicehotels.com/colombia/cali/ascend-hotels/cb003,cb003,Colombia,cali,recpAulJcJQLMYpKR,Cali Marriott Hotel,low,country; city; name=0.40,rec2jlfAXFP1UgmQt,Iberostar Selection Bavaro Suites,none,Country mismatch,needs_manual_review,review_required,Phase 4P read-only match; no Airtable writes. Candidate: low. Verified: none. Source policy sign-off required before candidate ingest.
Choice Hotels International,Radisson (Choice),https://www.choicehotels.com/colombia/cartagena/radisson-hotels/cb013,cb013,Colombia,cartagena,rec18nPqb8BbvUFKn,Estancia de la Mantilla,low,country; city,rec2jlfAXFP1UgmQt,Iberostar Selection Bavaro Suites,none,Country mismatch,needs_manual_review,review_required,Phase 4P read-only match; no Airtable writes. Candidate: low. Verified: none. Source policy sign-off required before candidate ingest.
Choice Hotels International,Radisson Individual (Choice),https://www.choicehotels.com/colombia/cartagena/radisson-individuals-hotels/cb011,cb011,Colombia,cartagena,rec18nPqb8BbvUFKn,Estancia de la Mantilla,low,country; city,rec2jlfAXFP1UgmQt,Iberostar Selection Bavaro Suites,none,Country mismatch,needs_manual_review,review_required,Phase 4P read-only match; no Airtable writes. Candidate: low. Verified: none. Source policy sign-off required before candidate ingest.
Choice Hotels International,Radisson Individual (Choice),https://www.choicehotels.com/colombia/cartagena/radisson-individuals-hotels/cb033,cb033,Colombia,cartagena,rec18nPqb8BbvUFKn,Estancia de la Mantilla,low,country; city,rec2jlfAXFP1UgmQt,Iberostar Selection Bavaro Suites,none,Country mismatch,needs_manual_review,review_required,Phase 4P read-only match; no Airtable writes. Candidate: low. Verified: none. Source policy sign-off required before candidate ingest.
Choice Hotels International,Radisson (Choice),https://www.choicehotels.com/costa-rica/san-jose/radisson-hotels/cr025,cr025,Costa Rica,san-jose,recl1fu183syFiBwK,Barceló San José,low,country; city; name=0.40,rec2jlfAXFP1UgmQt,Iberostar Selection Bavaro Suites,none,Country mismatch,needs_manual_review,review_required,Phase 4P read-only match; no Airtable writes. Candidate: low. Verified: none. Source policy sign-off required before candidate ingest.
Choice Hotels International,Sleep Inn,https://www.choicehotels.com/costa-rica/san-jose/sleep-inn-hotels/cr013,cr013,Costa Rica,san-jose,recjpfMHWKQ601gPO,Holiday Inn San José,low,country; city; name=0.60,rec2jlfAXFP1UgmQt,Iberostar Selection Bavaro Suites,none,Country mismatch,needs_manual_review,review_required,Phase 4P read-only match; no Airtable writes. Candidate: low. Verified: none. Source policy sign-off required before candidate ingest.
Choice Hotels International,Quality Inn,https://www.choicehotels.com/costa-rica/san-jose/quality-inn-hotels/cr010,cr010,Costa Rica,san-jose,recjpfMHWKQ601gPO,Holiday Inn San José,low,country; city; name=0.60,rec2jlfAXFP1UgmQt,Iberostar Selection Bavaro Suites,none,Country mismatch,needs_manual_review,review_required,Phase 4P read-only match; no Airtable writes. Candidate: low. Verified: none. Source policy sign-off required before candidate ingest.
Choice Hotels International,Country Inn & Suites by Radisson (Choice),https://www.choicehotels.com/costa-rica/san-jose-heredia/country-hotels/cr022,cr022,Costa Rica,san-jose-heredia,recSUtoshvM0lsJQT,Country Inn y Suites Belén por Radisson,low,country; city; brand,rec2jlfAXFP1UgmQt,Iberostar Selection Bavaro Suites,none,Country mismatch,needs_manual_review,review_required,Phase 4P read-only match; no Airtable writes. Candidate: low. Verified: none. Source policy sign-off required before candidate ingest.
Choice Hotels International,Radisson (Choice),https://www.choicehotels.com/colombia/bogota/radisson-hotels/cb008,cb008,Colombia,bogota,rec05Ha0mdWl2s0Wm,Hotel Emporium,low,country; city,rec2jlfAXFP1UgmQt,Iberostar Selection Bavaro Suites,none,Country mismatch,needs_manual_review,review_required,Phase 4P read-only match; no Airtable writes. Candidate: low. Verified: none. Source policy sign-off required before candidate ingest.
Choice Hotels International,Radisson Individual (Choice),https://www.choicehotels.com/colombia/cali/radisson-individuals-hotels/cb015,cb015,Colombia,cali,rec2lrSfvVUDtyJJ5,Hotel Jardin de Tequendama,low,country; city,rec2jlfAXFP1UgmQt,Iberostar Selection Bavaro Suites,none,Country mismatch,needs_manual_review,review_required,Phase 4P read-only match; no Airtable writes. Candidate: low. Verified: none. Source policy sign-off required before candidate ingest.
Choice Hotels International,Ascend Hotel Collection,https://www.choicehotels.com/colombia/bogota/ascend-hotels/cb004,cb004,Colombia,bogota,recdD5lRjgn2ahu8G,Hotel,low,country; city; name=0.75,rec2jlfAXFP1UgmQt,Iberostar Selection Bavaro Suites,none,Country mismatch,needs_manual_review,review_required,Phase 4P read-only match; no Airtable writes. Candidate: low. Verified: none. Source policy sign-off required before candidate ingest.
Choice Hotels International,Radisson Individual (Choice),https://www.choicehotels.com/colombia/bogota/radisson-individuals-hotels/cb012,cb012,Colombia,bogota,rec05Ha0mdWl2s0Wm,Hotel Emporium,low,country; city,rec2jlfAXFP1UgmQt,Iberostar Selection Bavaro Suites,none,Country mismatch,needs_manual_review,review_required,Phase 4P read-only match; no Airtable writes. Candidate: low. Verified: none. Source policy sign-off required before candidate ingest.
Choice Hotels International,Radisson Individual (Choice),https://www.choicehotels.com/colombia/cucuta/radisson-individuals-hotels/cb010,cb010,Colombia,cucuta,recF5iRDjnCBlZXBl,Radisson,low,country; name=0.75,rec2jlfAXFP1UgmQt,Iberostar Selection Bavaro Suites,none,Country mismatch,needs_manual_review,review_required,Phase 4P read-only match; no Airtable writes. Candidate: low. Verified: none. Source policy sign-off required before candidate ingest.
Choice Hotels International,Park Inn by Radisson (Choice),https://www.choicehotels.com/costa-rica/san-jose/park-inn-hotels/cr023,cr023,Costa Rica,san-jose,rec0lC1M0FRMxHlcA,Hostal El Chante,low,country; city,rec2jlfAXFP1UgmQt,Iberostar Selection Bavaro Suites,none,Country mismatch,needs_manual_review,review_required,Phase 4P read-only match; no Airtable writes. Candidate: low. Verified: none. Source policy sign-off required before candidate ingest.
Choice Hotels International,Clarion,https://www.choicehotels.com/honduras/french-harbour-roatan/clarion-hotels/hn011,hn011,Honduras,french-harbour-roatan,recVSGvcVaGghwZBu,Clarion,low,country; name=0.75; brand,rec2jlfAXFP1UgmQt,Iberostar Selection Bavaro Suites,none,Country mismatch,needs_manual_review,review_required,Phase 4P read-only match; no Airtable writes. Candidate: low. Verified: none. Source policy sign-off required before candidate ingest.
Choice Hotels International,Clarion,https://www.choicehotels.com/honduras/tegucigalpa/clarion-hotels/hn004,hn004,Honduras,tegucigalpa,recVSGvcVaGghwZBu,Clarion,low,country; name=0.75; brand,rec2jlfAXFP1UgmQt,Iberostar Selection Bavaro Suites,none,Country mismatch,needs_manual_review,review_required,Phase 4P read-only match; no Airtable writes. Candidate: low. Verified: none. Source policy sign-off required before candidate ingest.
Choice Hotels International,Clarion,https://www.choicehotels.com/honduras/san-pedro-sula/clarion-hotels/hn003,hn003,Honduras,san-pedro-sula,recVSGvcVaGghwZBu,Clarion,low,country; name=0.75; brand,rec2jlfAXFP1UgmQt,Iberostar Selection Bavaro Suites,none,Country mismatch,needs_manual_review,review_required,Phase 4P read-only match; no Airtable writes. Candidate: low. Verified: none. Source policy sign-off required before candidate ingest.
Choice Hotels International,Comfort Inn & Suites,https://www.choicehotels.com/honduras/tegucigalpa/comfort-inn-hotels/hn014,hn014,Honduras,tegucigalpa,rec1Yqxatbi5kp0IE,ApartHotel Ros,low,country; city,rec2jlfAXFP1UgmQt,Iberostar Selection Bavaro Suites,none,Country mismatch,needs_manual_review,review_required,Phase 4P read-only match; no Airtable writes. Candidate: low. Verified: none. Source policy sign-off required before candidate ingest.
Choice Hotels International,Clarion,https://www.choicehotels.com/guatemala/guatemala-city/clarion-hotels/gt001,gt001,Guatemala,guatemala-city,,,none,,rec2jlfAXFP1UgmQt,Iberostar Selection Bavaro Suites,none,Country mismatch,create_new_candidate_after_policy_review,review_required,Phase 4P read-only match; no Airtable writes. Candidate: none. Verified: none. Source policy sign-off required before candidate ingest.
Choice Hotels International,Ascend Hotel Collection,https://www.choicehotels.com/grenada/st-george/ascend-hotels/gd001,gd001,Grenada,st-george,,,none,,rec2jlfAXFP1UgmQt,Iberostar Selection Bavaro Suites,none,Country mismatch,create_new_candidate_after_policy_review,review_required,Phase 4P read-only match; no Airtable writes. Candidate: none. Verified: none. Source policy sign-off required before candidate ingest.
Choice Hotels International,Radisson (Choice),https://www.choicehotels.com/grenada/st-georges/radisson-hotels/gd002,gd002,Grenada,st-georges,,,none,,rec2jlfAXFP1UgmQt,Iberostar Selection Bavaro Suites,none,Country mismatch,create_new_candidate_after_policy_review,review_required,Phase 4P read-only match; no Airtable writes. Candidate: none. Verified: none. Source policy sign-off required before candidate ingest.
Choice Hotels International,Ascend Hotel Collection,https://www.choicehotels.com/guyana/georgetown/ascend-hotels/gy001,gy001,Guyana,georgetown,,,none,,rec2jlfAXFP1UgmQt,Iberostar Selection Bavaro Suites,none,Country mismatch,create_new_candidate_after_policy_review,review_required,Phase 4P read-only match; no Airtable writes. Candidate: none. Verified: none. Source policy sign-off required before candidate ingest.
Choice Hotels International,Ascend Hotel Collection,https://www.choicehotels.com/haiti/petion-ville/ascend-hotels/ht004,ht004,Haiti,petion-ville,,,none,,rec2jlfAXFP1UgmQt,Iberostar Selection Bavaro Suites,none,Country mismatch,create_new_candidate_after_policy_review,review_required,Phase 4P read-only match; no Airtable writes. Candidate: none. Verified: none. Source policy sign-off required before candidate ingest.
Choice Hotels International,Ascend Hotel Collection,https://www.choicehotels.com/haiti/jacmel/ascend-hotels/ht002,ht002,Haiti,jacmel,,,none,,rec2jlfAXFP1UgmQt,Iberostar Selection Bavaro Suites,none,Country mismatch,create_new_candidate_after_policy_review,review_required,Phase 4P read-only match; no Airtable writes. Candidate: none. Verified: none. Source policy sign-off required before candidate ingest.
Choice Hotels International,Ascend Hotel Collection,https://www.choicehotels.com/saint-martin/simpson-bay/ascend-hotels/mf001,mf001,Saint Martin,simpson-bay,,,none,,rec2jlfAXFP1UgmQt,Iberostar Selection Bavaro Suites,none,Country mismatch,create_new_candidate_after_policy_review,review_required,Phase 4P read-only match; no Airtable writes. Candidate: none. Verified: none. Source policy sign-off required before candidate ingest.
Choice Hotels International,Radisson (Choice),https://www.choicehotels.com/mexico/saltillo/radisson-hotels/mx183,mx183,Mexico,saltillo,rec0Tbi1AYlJwkALE,Quality Inn Monterrey La Fe,medium,country; website=choicehotels.com,rec2jlfAXFP1UgmQt,Iberostar Selection Bavaro Suites,none,Country mismatch,link_to_existing_candidate_review,review_required,Phase 4P read-only match; no Airtable writes. Candidate: medium. Verified: none. Source policy sign-off required before candidate ingest.
Choice Hotels International,Ascend Hotel Collection,https://www.choicehotels.com/mexico/mexico-city/ascend-hotels/mx228,mx228,Mexico,mexico-city,rec0Tbi1AYlJwkALE,Quality Inn Monterrey La Fe,medium,country; website=choicehotels.com,rec2jlfAXFP1UgmQt,Iberostar Selection Bavaro Suites,none,Country mismatch,link_to_existing_candidate_review,review_required,Phase 4P read-only match; no Airtable writes. Candidate: medium. Verified: none. Source policy sign-off required before candidate ingest.
Choice Hotels International,Radisson (Choice),https://www.choicehotels.com/mexico/toluca/radisson-hotels/mx185,mx185,Mexico,toluca,rec0Tbi1AYlJwkALE,Quality Inn Monterrey La Fe,medium,country; website=choicehotels.com,rec2jlfAXFP1UgmQt,Iberostar Selection Bavaro Suites,none,Country mismatch,link_to_existing_candidate_review,review_required,Phase 4P read-only match; no Airtable writes. Candidate: medium. Verified: none. Source policy sign-off required before candidate ingest.
Choice Hotels International,Radisson (Choice),https://www.choicehotels.com/mexico/mexico-city/radisson-hotels/mx181,mx181,Mexico,mexico-city,rec0Tbi1AYlJwkALE,Quality Inn Monterrey La Fe,medium,country; website=choicehotels.com,rec2jlfAXFP1UgmQt,Iberostar Selection Bavaro Suites,none,Country mismatch,link_to_existing_candidate_review,review_required,Phase 4P read-only match; no Airtable writes. Candidate: medium. Verified: none. Source policy sign-off required before candidate ingest.
Choice Hotels International,Sleep Inn,https://www.choicehotels.com/mexico/cuajimalpa-de-morelos/sleep-inn-hotels/mx108,mx108,Mexico,cuajimalpa-de-morelos,recSEdorZxoW2xYNT,Sleep Inn Mazatlan,medium,country; brand; website=choicehotels.com,rec2jlfAXFP1UgmQt,Iberostar Selection Bavaro Suites,none,Country mismatch,link_to_existing_candidate_review,review_required,Phase 4P read-only match; no Airtable writes. Candidate: medium. Verified: none. Source policy sign-off required before candidate ingest.
Choice Hotels International,Ascend Hotel Collection,https://www.choicehotels.com/mexico/playa-del-carmen/ascend-hotels/mx153,mx153,Mexico,playa-del-carmen,rec0Tbi1AYlJwkALE,Quality Inn Monterrey La Fe,medium,country; website=choicehotels.com,rec2jlfAXFP1UgmQt,Iberostar Selection Bavaro Suites,none,Country mismatch,link_to_existing_candidate_review,review_required,Phase 4P read-only match; no Airtable writes. Candidate: medium. Verified: none. Source policy sign-off required before candidate ingest.
Choice Hotels International,Ascend Hotel Collection,https://www.choicehotels.com/mexico/playa-del-carmen/ascend-hotels/mx114,mx114,Mexico,playa-del-carmen,rec0Tbi1AYlJwkALE,Quality Inn Monterrey La Fe,medium,country; website=choicehotels.com,rec2jlfAXFP1UgmQt,Iberostar Selection Bavaro Suites,none,Country mismatch,link_to_existing_candidate_review,review_required,Phase 4P read-only match; no Airtable writes. Candidate: medium. Verified: none. Source policy sign-off required before candidate ingest.
Choice Hotels International,Quality Inn,https://www.choicehotels.com/mexico/resville/quality-inn-hotels/tr824,tr824,Mexico,resville,recqbBwg4XpRea80l,Quality Inn,high,country; name=0.75; brand; website=choicehotels.com,rec2jlfAXFP1UgmQt,Iberostar Selection Bavaro Suites,none,Country mismatch,link_to_existing_candidate_review,review_required,Phase 4P read-only match; no Airtable writes. Candidate: high. Verified: none. Source policy sign-off required before candidate ingest.
Choice Hotels International,Quality Inn,https://www.choicehotels.com/mexico/resville/quality-inn-hotels/tr821,tr821,Mexico,resville,recqbBwg4XpRea80l,Quality Inn,high,country; name=0.75; brand; website=choicehotels.com,rec2jlfAXFP1UgmQt,Iberostar Selection Bavaro Suites,none,Country mismatch,link_to_existing_candidate_review,review_required,Phase 4P read-only match; no Airtable writes. Candidate: high. Verified: none. Source policy sign-off required before candidate ingest.
Choice Hotels International,Quality Inn,https://www.choicehotels.com/mexico/resville/quality-inn-hotels/tr823,tr823,Mexico,resville,recqbBwg4XpRea80l,Quality Inn,high,country; name=0.75; brand; website=choicehotels.com,rec2jlfAXFP1UgmQt,Iberostar Selection Bavaro Suites,none,Country mismatch,link_to_existing_candidate_review,review_required,Phase 4P read-only match; no Airtable writes. Candidate: high. Verified: none. Source policy sign-off required before candidate ingest.
Choice Hotels International,Econo Lodge,https://www.choicehotels.com/mexico/resville/econo-lodge-hotels/tr503,tr503,Mexico,resville,rec0Tbi1AYlJwkALE,Quality Inn Monterrey La Fe,medium,country; website=choicehotels.com,rec2jlfAXFP1UgmQt,Iberostar Selection Bavaro Suites,none,Country mismatch,link_to_existing_candidate_review,review_required,Phase 4P read-only match; no Airtable writes. Candidate: medium. Verified: none. Source policy sign-off required before candidate ingest.
Choice Hotels International,Quality Inn,https://www.choicehotels.com/mexico/resville/quality-inn-hotels/tr822,tr822,Mexico,resville,recqbBwg4XpRea80l,Quality Inn,high,country; name=0.75; brand; website=choicehotels.com,rec2jlfAXFP1UgmQt,Iberostar Selection Bavaro Suites,none,Country mismatch,link_to_existing_candidate_review,review_required,Phase 4P read-only match; no Airtable writes. Candidate: high. Verified: none. Source policy sign-off required before candidate ingest.
Choice Hotels International,Ascend Hotel Collection,https://www.choicehotels.com/mexico/san-miguel-de-allende/ascend-hotels/mx155,mx155,Mexico,san-miguel-de-allende,rec0Tbi1AYlJwkALE,Quality Inn Monterrey La Fe,medium,country; website=choicehotels.com,rec2jlfAXFP1UgmQt,Iberostar Selection Bavaro Suites,none,Country mismatch,link_to_existing_candidate_review,review_required,Phase 4P read-only match; no Airtable writes. Candidate: medium. Verified: none. Source policy sign-off required before candidate ingest.
Choice Hotels International,Quality Inn,https://www.choicehotels.com/mexico/resville/quality-inn-hotels/tr825,tr825,Mexico,resville,recqbBwg4XpRea80l,Quality Inn,high,country; name=0.75; brand; website=choicehotels.com,rec2jlfAXFP1UgmQt,Iberostar Selection Bavaro Suites,none,Country mismatch,link_to_existing_candidate_review,review_required,Phase 4P read-only match; no Airtable writes. Candidate: high. Verified: none. Source policy sign-off required before candidate ingest.
Choice Hotels International,Radisson (Choice),https://www.choicehotels.com/peru/san-isidro-lima-27/radisson-hotels/pe007,pe007,Peru,san-isidro-lima-27,rec5Wt5WGQkbnOPWM,Casa Yolanda,low,country; city,rec2jlfAXFP1UgmQt,Iberostar Selection Bavaro Suites,none,Country mismatch,needs_manual_review,review_required,Phase 4P read-only match; no Airtable writes. Candidate: low. Verified: none. Source policy sign-off required before candidate ingest.
Choice Hotels International,Radisson RED  (Choice),https://www.choicehotels.com/peru/miraflores/radisson-red-hotels/pe005,pe005,Peru,miraflores,rec2s34Ik2hdbGhMN,White House Lima,low,country; city,rec2jlfAXFP1UgmQt,Iberostar Selection Bavaro Suites,none,Country mismatch,needs_manual_review,review_required,Phase 4P read-only match; no Airtable writes. Candidate: low. Verified: none. Source policy sign-off required before candidate ingest.
Choice Hotels International,Ascend Hotel Collection,https://www.choicehotels.com/mexico/zacatecas/ascend-hotels/mx104,mx104,Mexico,zacatecas,rec0Tbi1AYlJwkALE,Quality Inn Monterrey La Fe,medium,country; website=choicehotels.com,rec2jlfAXFP1UgmQt,Iberostar Selection Bavaro Suites,none,Country mismatch,link_to_existing_candidate_review,review_required,Phase 4P read-only match; no Airtable writes. Candidate: medium. Verified: none. Source policy sign-off required before candidate ingest.
Choice Hotels International,Radisson (Choice),https://www.choicehotels.com/suriname/paramaribo/radisson-hotels/sr001,sr001,Suriname,paramaribo,,,none,,rec2jlfAXFP1UgmQt,Iberostar Selection Bavaro Suites,none,Country mismatch,create_new_candidate_after_policy_review,review_required,Phase 4P read-only match; no Airtable writes. Candidate: none. Verified: none. Source policy sign-off required before candidate ingest.
Choice Hotels International,Quality Inn,https://www.choicehotels.com/el-salvador/san-salvador/quality-inn-hotels/sv002,sv002,El Salvador,san-salvador,,,none,,rec2jlfAXFP1UgmQt,Iberostar Selection Bavaro Suites,none,Country mismatch,create_new_candidate_after_policy_review,review_required,Phase 4P read-only match; no Airtable writes. Candidate: none. Verified: none. Source policy sign-off required before candidate ingest.
Choice Hotels International,Ascend Hotel Collection,https://www.choicehotels.com/sint-maarten/phillipsburg/ascend-hotels/sx001,sx001,Sint Maarten,phillipsburg,,,none,,rec2jlfAXFP1UgmQt,Iberostar Selection Bavaro Suites,none,Country mismatch,create_new_candidate_after_policy_review,review_required,Phase 4P read-only match; no Airtable writes. Candidate: none. Verified: none. Source policy sign-off required before candidate ingest.
Choice Hotels International,Comfort Inn & Suites,https://www.choicehotels.com/el-salvador/san-miguel/comfort-inn-hotels/sv004,sv004,El Salvador,san-miguel,,,none,,rec2jlfAXFP1UgmQt,Iberostar Selection Bavaro Suites,none,Country mismatch,create_new_candidate_after_policy_review,review_required,Phase 4P read-only match; no Airtable writes. Candidate: none. Verified: none. Source policy sign-off required before candidate ingest.
Choice Hotels International,Comfort Inn & Suites,https://www.choicehotels.com/el-salvador/la-union/comfort-inn-hotels/sv006,sv006,El Salvador,la-union,,,none,,rec2jlfAXFP1UgmQt,Iberostar Selection Bavaro Suites,none,Country mismatch,create_new_candidate_after_policy_review,review_required,Phase 4P read-only match; no Airtable writes. Candidate: none. Verified: none. Source policy sign-off required before candidate ingest.
Choice Hotels International,Ascend Hotel Collection,https://www.choicehotels.com/sint-maarten/simpson-bay/ascend-hotels/sx003,sx003,Sint Maarten,simpson-bay,,,none,,rec2jlfAXFP1UgmQt,Iberostar Selection Bavaro Suites,none,Country mismatch,create_new_candidate_after_policy_review,review_required,Phase 4P read-only match; no Airtable writes. Candidate: none. Verified: none. Source policy sign-off required before candidate ingest.
Choice Hotels International,Ascend Hotel Collection,https://www.choicehotels.com/puerto-rico/salinas/ascend-hotels/pr029,pr029,Puerto Rico,salinas,,,none,,rec2jlfAXFP1UgmQt,Iberostar Selection Bavaro Suites,none,Country mismatch,create_new_candidate_after_policy_review,review_required,Phase 4P read-only match; no Airtable writes. Candidate: none. Verified: none. Source policy sign-off required before candidate ingest.
Choice Hotels International,Comfort Inn & Suites,https://www.choicehotels.com/puerto-rico/levittown/comfort-inn-hotels/pr006,pr006,Puerto Rico,levittown,,,none,,rec2jlfAXFP1UgmQt,Iberostar Selection Bavaro Suites,none,Country mismatch,create_new_candidate_after_policy_review,review_required,Phase 4P read-only match; no Airtable writes. Candidate: none. Verified: none. Source policy sign-off required before candidate ingest.
Choice Hotels International,Radisson Blu (Choice),https://www.choicehotels.com/costa-rica/guancaste/radisson-blu-hotels/cr024,cr024,Costa Rica,guancaste,rec02NrzTlySjGite,Piramys Life Hostel,none,country,rec2jlfAXFP1UgmQt,Iberostar Selection Bavaro Suites,none,Country mismatch,create_new_candidate_after_policy_review,review_required,Phase 4P read-only match; no Airtable writes. Candidate: none. Verified: none. Source policy sign-off required before candidate ingest.
Choice Hotels International,Radisson (Choice),https://www.choicehotels.com/panama/panama/radisson-hotels/pn019,pn019,Panama,panama,rec2Ll5QqppnXxh4c,Avila Hotel,low,country; city,rec2jlfAXFP1UgmQt,Iberostar Selection Bavaro Suites,none,Country mismatch,needs_manual_review,review_required,Phase 4P read-only match; no Airtable writes. Candidate: low. Verified: none. Source policy sign-off required before candidate ingest.
