candidateRecordId,verifiedHotelName,verifiedDedupeKey,osmCountry,matchedLegacyRecordId,matchScore,status
rec016JgYG9LfmE9u,Hotel Oviedo,hotel oviedo|acapulco|mexico,Mexico,recSgph8EuTYl6lPz,100,written
rec0J8vKJ3bPOwl79,Hotel Grand Reyes,hotel grand reyes|monterrey|mexico,Mexico,recBal5hNRV9uLJF5,100,written
rec0Tbi1AYlJwkALE,Quality Inn Monterrey La Fe,quality inn monterrey la fe|guadalupe|mexico,Mexico,recYWzUR6gif6SobH,100,written
rec0hiKesf9FpS7xV,Hotel San Luis Lindavista,hotel san luis lindavista|culiacan|mx,MX,recCvai7WKaArDkdF,100,written
rec0wfy4fw8nKPCGH,Hyatt Ziva Cancun,hyatt ziva cancun|cancun|mexico,Mexico,recoeBetweOi0KzW7,100,written
rec13cNoNXyupJIAD,Hotel Plaza Magnolias,hotel plaza magnolias|san cristobal de las casas|mexico,Mexico,recC2VmwvCFYDvbDG,100,written
rec1mxL8IlrGg7qj0,Los Patios Hotel,los patios hotel|cabo san lucas|mx,MX,recPOuMJiCcvaWbCc,100,written
rec20LxaVdycTyu1t,Hotel Avenida,hotel avenida|campeche|mx,MX,recZsMRiCCY79qv9o,100,written
rec2DYHDcC737oDja,Travohotel Monterrey Histórico,travohotel monterrey historico|monterrey|mx,MX,recRIcNPOGbw9eLwD,100,written
rec2EXafuUgoPbxNr,Sunscape Dorado Pacifico Ixtapa,sunscape dorado pacifico ixtapa|ixtapa zihuatanejo|mexico,Mexico,recIUPC8F5gmjwthy,100,written
rec31tymnW5mtoMrg,Emporio Cancun,emporio cancun|cancun|mexico,Mexico,recp0SWsVwAdA1I8l,100,written
rec3pK9PlkJhiMl4d,Hotel Kabii,hotel kabii|oaxaca|mx,MX,recpw7F1LnjkjcfS9,100,written
rec4RaIkInvsWInw2,Hotel Suites Flamboyanes,hotel suites flamboyanes|merida|mexico,Mexico,recasIskFXmEVtlPu,100,written
rec4tcSW5rvRfEzjg,Hotel Gran Centenario,hotel gran centenario|merida|mexico,Mexico,recnV9EwcPrSUtPmD,100,written
rec4vYY4nWha8Q2mK,Hotel Don Cenobio,hotel don cenobio|villa de mitla|mx,MX,recrNECm9gPblfdxj,100,written
rec5EdxT596zMPpuQ,Hotel Río Vista,hotel rio vista|el fuerte|mexico,Mexico,recFDjIsixJcjRBrB,100,written
rec5WDWS7wv7MWpKL,Holiday Inn Express Toluca,holiday inn express toluca|toluca|mexico,Mexico,recJrc3Ga4eQmq6Cx,100,written
rec5pewAqXvm1jsrJ,Santa Ana Hotel,santa ana hotel|merida|mexico,Mexico,recJEuu0L6aut46bc,100,written
rec63w2VOc0I756uX,Hotel Los Andes,hotel los andes|coatzacoalcos|mexico,Mexico,reccO0wEiQYCqSTqf,100,written
rec64ZClnjssGr68O,Hotel Victoria,hotel victoria|taxco de alarcon|mexico,Mexico,rec9kiFTXghkHWxsl,100,written
rec6QkuyGjlmeusaW,Costa Sol Hotel & Villas,costa sol hotel & villas|boca del rio|mexico,Mexico,recmvT8GK17jeg9V8,100,written
rec6ZtLQW0Tc3E9aF,Hotel Villas Dalí,hotel villas dali|boca del rio|mexico,Mexico,recJswBGnKA6Ewq5w,100,written
rec6jgTP7QjxclDxb,Hotel Victoria,hotel victoria|merida|mexico,Mexico,recaW8hUP07LAeece,100,written
rec6l3YuncO0tMVDq,Villas Sacbe,villas sacbe|playa del carmen|mexico,Mexico,recevGfeqRnHKESGL,100,written
rec70RBXUdSKR6LGT,Hotel Atlantico,hotel atlantico|veracruz|mexico,Mexico,recOIPTki3fU2hV8l,100,written
rec71XisRC8mRgOA5,Hampton Inn Irapuato,hampton inn irapuato|irapuato|mexico,Mexico,recRwIdA4l429nWnN,100,written
rec7QCKWcSlQuLAjw,Hotel Posada de la Condesa,hotel posada de la condesa|guanajuato|mexico,Mexico,recHgvrB5WeLeefya,100,written
rec7Sb1VbZlsPFWof,Kempinski Hotel Cancún,kempinski hotel cancun|cancun|mexico,Mexico,recWalnwM44iLxkUv,100,written
rec7VX1LiNeTrlxTd,Hotel Parador San Agustín,hotel parador san agustin|oaxaca|mexico,Mexico,recH4O3ULBg8KT0vC,100,written
rec7jmv5fPbGyw7Tc,Hotel Casa San Ángel,hotel casa san angel|merida|mx,MX,recenb6VrMgvZixcm,100,written
rec80GHRkkjUsbOo8,Hotel Las Pergolas,hotel las pergolas|guadalajara|mx,MX,recOwDAGoLAIYRdOR,100,written
rec80JOahMFKmHlE1,Aventura Mexicana,aventura mexicana|playa del carmen|mexico,Mexico,rec9Y12sDOWJqpq3b,100,written
rec81QI7PhFPr4uj3,Hotel Aurora,hotel aurora|oaxaca|mexico,Mexico,rec3TBHI2hSlI0Lgm,100,written
rec85TJtgjkC8pZs2,Hacienda De Cobos,hacienda de cobos|guanajuato|mexico,Mexico,recywHJappzQej8Ik,100,written
rec9JBbvtb4szT6UD,Hotel Santa Anita,hotel santa anita|los mochis|mx,MX,recQYl7pJV4krPkgl,100,written
rec9mtWf4AhjdRmMT,Oaxaca Guest Hotel,oaxaca guest hotel|oaxaca de juarez|mexico,Mexico,recRC0antoTpGK1wC,100,written
rec9o85yJ2IWZSoFV,Hotel Kyrios,hotel kyrios|boca del rio|mexico,Mexico,recVmCs08HSmwCx4w,100,written
recAUP90xtWlOQboi,Hotel Meridano,hotel meridano|merida|mx,MX,rec0iLWjbn56Av46p,100,written
recAYMAoNiZsWTCuQ,Hotel El Dorado,hotel el dorado|los mochis|mx,MX,receN5VHsACLXCuyO,100,written
recB4bDVWjsc0U9rl,Hotel Suites Villasol,hotel suites villasol|puerto escondido|mexico,Mexico,recHpSbVm63Y56pUY,100,written
recBWJ7Fuzh8JO4II,Hotel Francia Aguascalientes,hotel francia aguascalientes|aguascalientes|mexico,Mexico,recdXWw77C9OG8YWN,100,written
recBktAI9umIEU0gQ,Hotel Hacienda Sanchez,hotel hacienda sanchez|valladolid|mexico,Mexico,recDJt2EFBn1yUw6j,100,written
recCgd9EdnJRo9kUO,Hyatt Zilara Cancun,hyatt zilara cancun|cancun|mexico,Mexico,recUqQ13K7Vx0RRbU,100,written
recD3L9Xmv8ZgJBjG,Hotel Santa Fe Express,hotel santa fe express|culiacan|mx,MX,recZ5nXfUbJOR0dwQ,100,written
recD5zSGNaDg4v0jH,Hotel Ticuán,hotel ticuan|tijuana|mexico,Mexico,recetk8yPBh462SxU,100,written
recDYa23ERoTstP3D,Paradisus Cancún,paradisus cancun|cancun|mexico,Mexico,recmnLr3qzfdZlusZ,100,written
recDlqrv3mWXXCsgD,Hotel Ferri,hotel ferri|oaxaca|mexico,Mexico,recuAAiaADebbvGou,100,written
recEBlZN1tXs6KtXY,Hotel Adhara Express,hotel adhara express|cancun city|mexico,Mexico,recvs9OpefaebaOB9,100,written
recEHfSUWwqOo1T7K,Hotel Misión Express Pachuca,hotel mision express pachuca|pachuca|mx,MX,recZ2qJrF1xvtBf4o,100,written
recEKZEwwo6domrOz,Hotel Torre,hotel torre|monterrey|mexico,Mexico,recCJX38BRsCZRLcH,100,written
rec1ipNqhMbHRYNNF,Hotel VDL Colonial,hotel vdl colonial|villa de leyva|colombia,Colombia,recX0lOjqWrx8orYg,100,written
rec2lrSfvVUDtyJJ5,Hotel Jardin de Tequendama,hotel jardin de tequendama|cali|colombia,Colombia,recRaqpqLfck0wlef,100,written
rec568DFmcNPD9Qjt,Hotel Black,hotel black|bogota d.c.|colombia,Colombia,recIHlqkFkbXf2qH2,100,written
rec6LJ5kkpEQ0Ztkv,American Golf Hotel,american golf hotel|barranquilla|colombia,Colombia,recE3YcFpT5fTTkPb,100,written
rec7sWBvKGgCMp74f,Hotel San Pablo,hotel san pablo|bogota d.c.|colombia,Colombia,rectp3NR2aI0zF9vl,100,written
rec87PY3ld5HUoFTm,Cafetto Hotel,cafetto hotel|pereira|colombia,Colombia,recq7YaL4ZrYmYHsp,100,written
rec8uAhfVphR1N1op,Hotel Sueño Del Café,hotel sueno del cafe|pereira|colombia,Colombia,recZlmNfEWTdPlNXG,100,written
recCKX2aTLxfesaut,Habitat Suites Hotel,habitat suites hotel|pereira|colombia,Colombia,recsYEdmzc8ocbG0f,100,written
recCQqSAaIhy0BMlz,San Silvestre Hotel,san silvestre hotel|barrancabermeja|colombia,Colombia,recZAhYOy2YNNQVx6,100,written
recDcO6G4HVqgcsjr,Hotel Pinares Plaza,hotel pinares plaza|pereira|colombia,Colombia,recyBdTTPuK3dOMxl,100,written
recFJ3J2Mus3wyOU4,hotel caravana,hotel caravana|cucuta|colombia,Colombia,recCWi02EwiMG5p8S,100,written
recFed17Y6KswVzY4,Ibis Budget Bogota Marly,ibis budget bogota marly|bogota d.c.|colombia,Colombia,rec5x4HFIJkjChY4b,100,written
recGCekQMyzGidRcY,Armenia Hotel,armenia hotel|armenia|colombia,Colombia,recvFrGUM3mD76qBK,100,written
recIDI2QZBacxpr06,Hotel Preferencial Class,hotel preferencial class|bucaramanga|colombia,Colombia,recmxafWHkURg7Mxy,100,written
recKw9elwiXcW8aZa,Hotel Park Way,hotel park way|bogota|colombia,Colombia,recOwlYY3Xhji4P8c,100,written
recMpCJTKwELzJKV8,Hotel Tocarema,hotel tocarema|girardot|colombia,Colombia,recuwxWgdnug0stF8,100,written
recMrGIPUq417IBKH,Waira Suites Hotel,waira suites hotel|leticia|colombia,Colombia,recglWYSWBwFClxJC,100,written
recNeZ30EJnKWtsSR,Hotel Santa Barbara Real,hotel santa barbara real|bogota d.c.|colombia,Colombia,recNIyJ2GJn19WRXb,100,written
recPtCNle03EqaYZp,Hotel el Potrillo,hotel el potrillo|puerto lopez|colombia,Colombia,recJVqPhx9MeLJkXf,100,written
recQSNefAIrS8vSwM,GHL Collection Hotel Barranquilla,ghl collection hotel barranquilla|barranquilla|colombia,Colombia,recEztdYLDwzgb5cv,100,written
recRi31VOLG1V34R7,Hotel Rural La esperanza,hotel rural la esperanza|suesca|colombia,Colombia,rec08BnIKFhhWhuzm,100,written
recSCaxpmkHQgRkjA,Hotel Comercial,hotel comercial|pereira|colombia,Colombia,reclfsQE028QyzQvW,100,written
recUET8MuGdQvLD1v,Hotel Vivre,hotel vivre|medellin|colombia,Colombia,reciNZBxX5bcIncaE,100,written
recVYfIP6uNhkxfxF,Zuana Beach Resort,zuana beach resort|santa marta|colombia,Colombia,recnUYW6mU9RVkqU4,100,written
recZYtT3SQXqdCPL5,Hotel Plazuela Real,hotel plazuela real|bucaramanga|colombia,Colombia,recn7qEg6aqOHDbSC,100,written
reca6dB6KT0UClFfR,Makani Luxury Wanderlust,makani luxury wanderlust|cartagena de indias|colombia,Colombia,recdp8upwF5pSJVl3,100,written
recbselOCeGQrWVmJ,Hotel Santorini & Resort,hotel santorini & resort|santa marta|colombia,Colombia,recd7ub8ZR4mdrv7o,100,written
reccs6sxR2BWvBQFS,Diez Hotel Categoría Colombia,diez hotel categoria colombia|medellin|colombia,Colombia,recwtkbPXNlemNrZJ,100,written
reccvWG1G7LeGbbCA,Bastión Luxury Hotel,bastion luxury hotel|cartagena de indias|colombia,Colombia,recX5adlTAL4Qp8j3,100,written
recd3hhjmBMte3C68,Hotel San Pedro del Fuerte,hotel san pedro del fuerte|medellin|colombia,Colombia,recrZ3Sg1nr20aI7A,100,written
recdBlfK4QvnKVQmJ,La Campana Hotel Boutique,la campana hotel boutique|medellin|colombia,Colombia,recUwYIxcAaEngISj,100,written
rechHElI3pychRaBi,Hotel Imperio Real,hotel imperio real|pereira|colombia,Colombia,rectuK4oVbuntoplC,100,written
reckbR4XRQTYOldNe,Hotel Chicó 97,hotel chico 97|bogota d.c.|colombia,Colombia,reczpiSWB3AHLUlei,100,written
reckfuDgQ6S3Ia1ji,Top Deck Hotel,top deck hotel|pereira|colombia,Colombia,reccrirIaOtWlz614,100,written
recp3r0n2hjbJJ7b3,Four Seasons Hotel Casa Medina Bogota,four seasons hotel casa medina bogota|bogota|colombia,Colombia,recyIWIRRo9ozBN5E,100,written
recpAulJcJQLMYpKR,Cali Marriott Hotel,cali marriott hotel|cali|colombia,Colombia,rec0ktRzhOW8OaYwn,100,written
recq2UJ3MbPSyNcOi,Hotel San José Plaza,hotel san jose plaza|bucaramanga|colombia,Colombia,rec07hHA9DxXuyPj2,100,written
recuNnbK0PdHZOWh2,Hotel Bucaramanga Plaza,hotel bucaramanga plaza|bucaramanga|colombia,Colombia,rec9lCZGo6f7EM6BR,100,written
recvC8rNm9qgiWchL,Hotel Saraje,hotel saraje|san juan del cesar|colombia,Colombia,recYN8Mvp50ut8OAm,100,written
rec0BnlB2dMTJmZq2,Terra Biohotel,terra biohotel|6.2408|-75.5825,Colombia,recpfSc3iJa3YNmTg,90,written
rec0veRCJgq5w2Byv,Las Balsas,las balsas|villa la angostura|argentina,Argentina,recU934lRyGqDlC1Q,100,written
rec1gzQJEDaD7EKR9,Grand Hotel Santa Teresita,grand hotel santa teresita|mar del plata|argentina,Argentina,recGgdJEcY4h5703k,100,written
rec2rYek14G7iZr3v,Hotel Antártida Argentina,hotel antartida argentina|ushuaia|argentina,Argentina,recn75zljtZ4hx5Y8,100,written
rec3aXeB3G4gZK68n,Kenton Palace Hotel,kenton palace hotel|san carlos de bariloche|argentina,Argentina,recTSwfv4JxCwCmoV,100,written
rec4Pm2azukeq4bXo,Amérian Río Gallegos Apart & Suites,amerian rio gallegos apart & suites|rio gallegos|argentina,Argentina,recpDhaYeDDCWu8I3,100,written
rec4Vf5VIBqUW7gJg,Hotel Marconi,hotel marconi|resistencia|argentina,Argentina,recVwsqA0aT4JMUL5,100,written
rec4gmF8DoKFbZ0rw,Hotel Iruña,hotel iruna|mar del plata|argentina,Argentina,rectfC4FzGazlm3I9,100,written
rec5oVh5KouV2bwE8,Hotel Punto Cero,hotel punto cero|neuquen|argentina,Argentina,recKtFOQ9N2Li496Q,100,written
rec5rR5geh30vD7rz,Unit Hotel Santa Rosa,unit hotel santa rosa|santa rosa|argentina,Argentina,recZfCm9Ttco9Uzr8,100,written
rec6QYw8AhW6s52kN,Poramba Hostel,poramba hostel|puerto iguazu|argentina,Argentina,recmhwTEU8TCvmeqB,100,written
rec8N0W79TMzk3RRo,Residencial Los Andes,residencial los andes|san salvador de jujuy|argentina,Argentina,rec8fwIXUI5DpBVK7,100,written
rec9W2gDzu5MjW8NL,Hostal del Bosque,hostal del bosque|ushuaia|argentina,Argentina,rec5mzc4QmLUCR8B8,100,written
rec9ZtCRU1oQVWZnm,El Olivo Hotel,el olivo hotel|neuquen|argentina,Argentina,rechNR7gtPI7RYbca,100,written
rec9eH4lNRFD8K3OZ,Hotel Almería,hotel almeria|salta|argentina,Argentina,rec5SN1PB7FDYyu6I,100,written
recAviiAXgvfVPvSI,Amérian Córdoba Park Hotel,amerian cordoba park hotel|cordoba|argentina,Argentina,recxSQ1ws25s3y5wr,100,written
recB3nI0av6It5FVj,Hotel Mónaco,hotel monaco|ushuaia|argentina,Argentina,recIVKbPqBnyWEaDq,100,written
recB59rOJCHrZ1NSv,Hotel Tolosa,hotel tolosa|puerto madryn|argentina,Argentina,recyks4vIu3tsOIMN,100,written
recBfqzvIY9oPutlG,Neuquén Tower Hotel,neuquen tower hotel|neuquen|argentina,Argentina,rec9gto9uQeokiETQ,100,written
recBmMejTWdkzqzOr,La Cabaña Hostería,la cabana hosteria|puerto iguazu|argentina,Argentina,recDeOEYHb0DuBOP6,100,written
recBokBIxkZDS0Ycy,Hotel Santiago,hotel santiago|cordoba|argentina,Argentina,recESbqPUfCeEh64E,100,written
recBxwohhy6ymNPCv,Residencial San Carlos,residencial san carlos|san salvador de jujuy|argentina,Argentina,recy0P87EKioxGHqh,100,written
recC9HdL50AksG0gq,Gran Hotel Skorpios,gran hotel skorpios|mar del plata|argentina,Argentina,recBNl99siZ1dZvOc,100,written
recD69vg72AQ6JmQ3,Hotel Francia,hotel francia|san miguel de tucuman|argentina,Argentina,reciLjjC7gcc8rnI9,100,written
recDRfAuH95t4RyfF,Hotel Campanilla,hotel campanilla|ushuaia|argentina,Argentina,recAblOdYThemfjq8,100,written
recEHmJ7xqQW9R7fL,Hotel Guerrero,hotel guerrero|mar del plata|argentina,Argentina,recvBsMivmmXN2UfY,100,written
recEkdRdLs1HYnVb3,Hotel Tunqueley,hotel tunqueley|san martin de los andes|argentina,Argentina,rec7sU9CfU26dn7bv,100,written
recFgYUQ1hv0gK1ER,Sent Calafate,sent calafate|el calafate|argentina,Argentina,recfGNHFDKGoJcxmg,100,written
recH4GLQTxBTGzuTR,Hotel Nuevo Castillo,hotel nuevo castillo|mendoza|argentina,Argentina,recQbeF7zVSTDUFOg,100,written
recHBv7yFJ4uXG3qQ,Panoramic Grand,panoramic grand|puerto iguazu|argentina,Argentina,rec79u6kPnxqRdyi2,100,written
recHulFl60gEjpCLc,Hotel Laerte,hotel laerte|mendoza|argentina,Argentina,recHlsS8AFxtNOgfT,100,written
recIL3Fky8UskYCWa,Murano Apart Hotel,murano apart hotel|mendoza|argentina,Argentina,recQmGRODz8k6agmw,100,written
recJpuDL8xH8DYIO2,Intermonti Hotel,intermonti hotel|san martin de los andes|argentina,Argentina,reczUz9hAE3dQok65,100,written
recLNEXMeBDOxVz3V,Hostel Peter Pan,hostel peter pan|puerto iguazu|argentina,Argentina,recMOFvATNY1M19yX,100,written
recNEmhq0ytv1Duhs,Hilton Garden Inn Neuquén,hilton garden inn neuquen|neuquen|argentina,Argentina,recACse1lXEo5YfOm,100,written
recO0Wdcbczcbgj4l,Casino Magic Hotel,casino magic hotel|neuquen|argentina,Argentina,recA5mK1ps4jI8kVV,100,written
recOK5cFwwVX5n0lu,Hotel España,hotel espana|mar del plata|argentina,Argentina,recTLcDWmRGH2OSYU,100,written
recQIyXfq5yjNORqz,Alex Hotel,alex hotel|cordoba|argentina,Argentina,receKUyVvGa10UVLf,100,written
recQLCIxcgHOKu6wc,Alcorta Hotel,alcorta hotel|neuquen|argentina,Argentina,recMWXmVAWNOtDu5V,100,written
recQUwvVo26M2LiPh,La Urumpta Hotel By AKEN MIND,la urumpta hotel by aken mind|rio cuarto|argentina,Argentina,rec5ZKz30UWhdq59u,100,written
recQb25VJGJ72ZorW,Ohasis Hotel Spa Jujuy,ohasis hotel spa jujuy|san salvador de jujuy|argentina,Argentina,recCDnbrI1yQ9Y55V,100,written
rec0zQtWYAvIbRpfm,Hilton Garden Inn Santo André,hilton garden inn santo andre|santo andre|brazil,Brazil,recNP4X6l4mQKq3SU,100,written
rec1fk0yXbUZ90uPV,Wyndham São Paulo Ibirapuera Convention Plaza Hotel,wyndham sao paulo ibirapuera convention plaza hotel|sao paulo|brazil,Brazil,recromF0UmyDqZF8R,100,written
rec2y82QIp1rQS4iz,Hotel Maione,hotel maione|goiania|brazil,Brazil,recFdjisGTsfwItYo,100,written
rec49joTE5HreK1NZ,HOTEL DOS NOBRES,hotel dos nobres|pocos de caldas|brazil,Brazil,recTt9WA7HDFox2Xw,100,written
rec5uW9ef1ujx0HOV,Normandie Design Hotel,normandie design hotel|sao paulo|brazil,Brazil,rec5g5reYVZIaZie4,100,written
rec61hhH8f1xFFi53,Ibis Carlos Barbosa,ibis carlos barbosa|carlos barbosa|brazil,Brazil,recDAnYWyNHdDQL3F,100,written
rec69dxR5v0lgf1MN,Hotel Rafain Palace,hotel rafain palace|foz do iguacu|brazil,Brazil,rectuqYDdvOaxIqfm,100,written
rec6RZZNVRc3l78qi,Hotel Aconchego,hotel aconchego|recife|brazil,Brazil,recL09diFXDewXOMz,100,written
rec842xsMPmve6r4u,Grand Mercure Belém,grand mercure belem|belem|brazil,Brazil,recE5XxMSJPkZpOhx,100,written
rec8GgTded88xT12z,Windsor Hotel Leme,windsor hotel leme|rio de janeiro|br,BR,recFwYiuY7MpXH4Ho,100,written
recCFrOXJaqHGU51D,Hotel Atlântico Business Centro,hotel atlantico business centro|rio de janeiro|brazil,Brazil,recerpTodhhEKJhpN,100,written
recD79FgR0cEfsBnI,Hotel Marina Porto Abrolhos,hotel marina porto abrolhos|caravelas|brazil,Brazil,rec9wk6gR9iZOfPhx,100,written
recFpTuQg1TUhpQkq,América Towers Hotel,america towers hotel|salvador|brazil,Brazil,recrI5AekdML6lWiq,100,written
recGc4H4NUrCTOhoW,Hotel Del Rey,hotel del rey|curitiba|brazil,Brazil,reck27ZPTfOnIvWOx,100,written
recHq4yXyN85k5v5I,Ibis Copacabana Posto 5,ibis copacabana posto 5|rio de janeiro|brazil,Brazil,rec1y1lkl0jggxYxu,100,written
recIHFWMYlJp5Fm4y,MATIZ NITERÓI DESIGN HOTEL,matiz niteroi design hotel|niteroi|brazil,Brazil,recCVguJMAggjUdC4,100,written
recJ0kZQylqUyt6iD,San Raphael Hotel,san raphael hotel|sao paulo|brazil,Brazil,rec8Ow4MFz5ctKZlu,100,written
recJLbQBudDmpfKov,Sleep Inn Guarulhos,sleep inn guarulhos|guarulhos|brazil,Brazil,rec9HH2cWyNbQbn1a,100,written
recKqbRzH2hizVEaZ,Hotel Gmatos,hotel gmatos|belo horizonte|brazil,Brazil,reci6Gn73nyTPDD6g,100,written
recO0CRI27kkZy1lw,Privé Thermas Hotel,prive thermas hotel|caldas novas|brazil,Brazil,recFCCKtWBX3Q0ttY,100,written
recOAWB5u03sKkyvG,Savaris Apart Hotel,savaris apart hotel|foz do iguacu|brazil,Brazil,recBhFpfhLOhuio0D,100,written
recP8dte6MLy8xFxE,Hotel Atlantico Praia,hotel atlantico praia|rio de janeiro|br,BR,reckqcxv0h6SACXD2,100,written
recPBnPLvRCfI9knZ,Osasco Hotel,osasco hotel|osasco|brazil,Brazil,recBt62AUOvikJXZj,100,written
recPQEzjArCfkXKv8,Quality Hotel & Suítes São Salvador,quality hotel & suites sao salvador|salvador|brazil,Brazil,reco9433E1Eco3RLW,100,written
recQjaZsdqewDCSm0,Beira Rio Hotel,beira rio hotel|belem|brazil,Brazil,recfJTTzBsOj7Njcx,100,written
recQke5pSRJ9kI2tQ,AlphaPark Hotel,alphapark hotel|goiania|brazil,Brazil,recCX7NijHzCv46Fb,100,written
recS6CsyIwHC4yUQi,Hotel Novo Mundo,hotel novo mundo|rio de janeiro|br,BR,recgqspakTISdzHXQ,100,written
recStv8OgtwRBXbn5,Hotel Paraiso das Águas,hotel paraiso das aguas|bonito|br,BR,recS4ujainThB3HD1,100,written
recTauqpKRCIZ4fWp,Quality Hotel Curitiba,quality hotel curitiba|curitiba|brazil,Brazil,rec2CuHxNh4pLUieN,100,written
recUJIcZOD7ExEy2k,Miller Flat Hotel,miller flat hotel|curitiba|brazil,Brazil,recFWJnQ4QHTS0723,100,written
recVnlM1vgjbeQp9P,Hotel Vila Serrana,hotel vila serrana|sete lagoas|brazil,Brazil,rech5cBSgDW1INZV4,100,written
recWm59XiEfh8I2fj,Home Green Home,home green home|campos do jordao|brazil,Brazil,recpMxbsHlRk8tVyB,100,written
recX4q0AnxtvGbm8F,Mero Hotel Boutique,mero hotel boutique|cajueiro da praia|brazil,Brazil,reck6m3yR4jQrwOr8,100,written
recXU7VBYkpBFCm7O,Littoral Hotel,littoral hotel|joao pessoa|brazil,Brazil,recpG24oWXitCSJRg,100,written
recY437Oi5BIAFlGY,Belém Soft Hotel,belem soft hotel|belem|brazil,Brazil,rec0Ct1YQeMREb0KA,100,written
recYPGzVxgDxgCHXD,Estanplaza Funchal Faria Lima,estanplaza funchal faria lima|sao paulo|brazil,Brazil,recgjMDLMJGLj8eXD,100,written
recYt74ksZgTgHGgc,Copacabana Mar Hotel,copacabana mar hotel|rio de janeiro|brazil,Brazil,recEB0QggKmt4k45K,100,written
recZWoeVbylIQB4nJ,Transamerica Prime Paradise Garden,transamerica prime paradise garden|sao paulo|brazil,Brazil,rechxpg5lOLbY3GF4,100,written
recb33kDyaxx0lKdD,Bahiamar Hotel,bahiamar hotel|salvador|brazil,Brazil,recW0uptafuJNOtXm,100,written
recbk0raDpfGfWqgI,Ecologic Ville Resort & Spa,ecologic ville resort & spa|caldas novas|brazil,Brazil,recB1YgPUUNed3cKn,100,written
rec1o2lAdfpedjrxL,Hotel García,hotel garcia|colon|panama,Panama,rec7YCfjbNNhtGqCj,100,written
rec2Ll5QqppnXxh4c,Avila Hotel,avila hotel|panama city|panama,Panama,recIc1Ar87nkPNwXD,100,written
rec2wic7ha4na3ov4,Hotel Santa Fe,hotel santa fe|santa fe|panama,Panama,recTnF4vJIt6oZ890,100,written
rec3lnWjgz27U0TLC,Hotel Bella Vista,hotel bella vista|panama|panama,Panama,recHuwUPvZ9DDJJQy,100,written
rec6yVdNWiEYni8FU,Best Western El Dorado Panama Hotel,best western el dorado panama hotel|panama|panama,Panama,rec5sKWsYfhiKJtNn,100,written
rec8HIkVCjpFwg1ox,Principe Hotel & Suites,principe hotel & suites|ciudad de panama|panama,Panama,rectr5Q9AP0xNuwdX,100,written
rec8uG62CMjtNVQXe,Plaza Paitilla Inn,plaza paitilla inn|panama|panama,Panama,rec5Iu7VDNWmGilzQ,100,written
rec9zvuI1sKhmLq6k,Gamboa Rainforest Resort,gamboa rainforest resort|gamboa|panama,Panama,recQjmtj70W15glMb,100,written
recDiyKEZieUHVKdS,La Casa de la Abuela,la casa de la abuela|boquete|panama,Panama,recPYrR8BEyhlH8Y8,100,written
recFUtAxzqMksnsDq,Hotel Bellagio,hotel bellagio|meteti|panama,Panama,recJp2cDFTBhZXK3h,100,written
recFoClud2l2JCEWO,Hampton by Hilton David,hampton by hilton david|david sur|panama,Panama,recG4fIejQRdfUNIm,100,written
recJw7Qj69CjUH8CY,Hotel Iris,hotel iris|david|panama,Panama,rectHcQ8WzkSjw5Eo,100,written
recOX8ctsREcbeI56,Hotel Castilla,hotel castilla|david|panama,Panama,recGH4xLVHUBQHbFM,100,written
recPEhekFPKf6Opg6,Hotel Milan,hotel milan|ciudad de panama|panama,Panama,recWoqK7g4hCQFaYK,100,written
recU37XtyUCL1v6Aq,Hotel Puerta del Sol,hotel puerta del sol|david|panama,Panama,recvBZHgQM81MPRn0,100,written
recUN8r0B3R8Gftry,Grand International Hotel,grand international hotel|panama|panama,Panama,recjHAneqPJBYYQG3,100,written
recX8rrVpvYN5LqZL,Hotel Madrid,hotel madrid|david|panama,Panama,recRkEzVLjN8tn6Zu,100,written
recYA2ekSaPVhuI8t,Hotel Los Rivera,hotel los rivera|david|panama,Panama,recT8lwuxRsWTC5Ny,100,written
recalRL2PZmsk9VxQ,Hotel San Thomas Inn,hotel san thomas inn|ciudad de panama|panama,Panama,recD9ytFV108d94hX,100,written
recdFQe2vfFABl4vB,Sheraton Grand Panama,sheraton grand panama|ciudad de panama|panama,Panama,reciaTaDDhXUdXczZ,100,written
recfrXefmeYgjGyCB,Sand Diamond Hotel,sand diamond hotel|colon|panama,Panama,rec8L1Kc0D2S0hJTZ,100,written
reckoA698km7vvz4h,Hotel Iberia Sur,hotel iberia sur|david|panama,Panama,recdJiT324so2f7Yl,100,written
recktt1epGjae7C4f,The Westin Panama,the westin panama|panama city|panama,Panama,recCGJdRZIGhglOZq,100,written
recnXeCxXAdjrz7pC,Waldorf Astoria Panama,waldorf astoria panama|ciudad de panama|panama,Panama,recCiXwlYCRqfwQQ9,100,written
recomNQFKFrCtQLsT,Gran Hotel Azuero,gran hotel azuero|chitre|panama,Panama,recrrF6yDJeXGcZAu,100,written
rec1Tw7WL1Xwyd2oW,Ayelen Apart Hotel,ayelen apart hotel|calama|chile,Chile,recWolSVXHbDyU7nF,100,written
rec5U58kxxzPtcGzn,Radisson Blu Acqua Hotel & Spa Concón,radisson blu acqua hotel & spa concon|concon|chile,Chile,recbWQSUUQAme5zie,100,written
rec6sVuFjJM39VJTW,Hotel Agua Del Desierto,hotel agua del desierto|calama|chile,Chile,recd6ZN12iwlxEpXR,100,written
rec7mIBTjYYUKngfv,Hotel Plaza San Francisco,hotel plaza san francisco|santiago|chile,Chile,recm8FxY3bCQYcfYn,100,written
rec9a3AE3yN287TMk,Ibis Budget Copiapó,ibis budget copiapo|copiapo|chile,Chile,recqZ2bA1qtVHMPOT,100,written
recHj50wo8oo95gDO,Ckoi Atacama Lodge,ckoi atacama lodge|san pedro de atacama|chile,Chile,recHt3xQBrbs3fOAz,100,written
recKCfzAEFN3BO1Fw,Hotel Costa Fósil,hotel costa fosil|caldera|chile,Chile,recKDvLKkvtSNS60b,100,written
recMEKdK5JGmOb09c,Hotel Libertador,hotel libertador|santiago|chile,Chile,rechMz706nivDK0Yz,100,written
recMHQHI0Ahe26dx5,Hotel Carande,hotel carande|papudo|chile,Chile,recVgJp0B6oWUf3XK,100,written
recMfnHufVBxqp4QF,Hotel Oceanic,hotel oceanic|vina del mar|chile,Chile,recEO2qogeQrJB2uG,100,written
recOuUpMWUrCURlEs,Hotel Vista Hermosa 17,hotel vista hermosa 17|vina del mar|chile,Chile,rec8sSqX4W8Jfeasl,100,written
recSRLYACxLBNh3Sz,Hostal Francis Drake,hostal francis drake|puerto natales|chile,Chile,recb1S0V05mTWU2Gf,100,written
recSfAd21F8h6kLEU,Gran Hotel Vicente Costanera,gran hotel vicente costanera|puerto montt|chile,Chile,recjWFvkP3wyDQ1Ya,100,written
recU5GhN57uEZBpQq,Hotel Foresta,hotel foresta|santiago|chile,Chile,reciRGbV8vxLn29ol,100,written
recVD246zKGQVzPZE,Hotel La Serena Plaza,hotel la serena plaza|la serena|chile,Chile,recUXrD8JTLZIjCPr,100,written
recWaMqEyDvGgeC1L,Hotel José Nogueira,hotel jose nogueira|punta arenas|chile,Chile,recSwSsxIHC2mckka,100,written
recZG2AIr2CzmVR97,Hotel Altiplanico,hotel altiplanico|santiago|chile,Chile,recPVzVfDDHVrTpIV,100,written
recZZDQlYkskiThn7,Casa Galos Hotel & Lofts,casa galos hotel & lofts|valparaiso|chile,Chile,reczYj15FeXYAIwLx,100,written
recatwUd7NEPiKEcG,Hotel Puelche,hotel puelche|puerto varas|chile,Chile,recJgQFkR68f0Lsaq,100,written
recbha8FGtQ7qLUSP,Hotel Canto del Mar,hotel canto del mar|la serena|chile,Chile,recPvCZmAf49g0jKv,100,written
recd5uzF28srEFR4O,Hotel Gavina Sens,hotel gavina sens|iquique|chile,Chile,recHfWo5F1Up7jcDN,100,written
recfVeFXlp3zX8Lrl,Capital Hotel Bellet,capital hotel bellet|providencia|chile,Chile,reci3u6Nzl3dS2Fqs,100,written
recg6Koo9JiPaCGg9,Hotel Cumbres Lastarria,hotel cumbres lastarria|santiago|chile,Chile,recW5cGGKbFsuR9js,100,written
rechec2k08lSU5mz7,Hotel Santa Cruz Plaza,hotel santa cruz plaza|santa cruz|chile,Chile,recSfEdjt4zZF9VW7,100,written
reckVdz33meoEwhJ5,Hotel Savona,hotel savona|arica|chile,Chile,recjDd6DT2tGSENbI,100,written
rec0UBs5tLlSqm2Ds,Hotel Lomas del Volcán,hotel lomas del volcan|la fortuna|costa rica,Costa Rica,recaGxDXtsL5x00xH,100,written
rec0oTd5bQ4N7eMl3,Hotel Kekoldi,hotel kekoldi|san jose|costa rica,Costa Rica,recT0smxEcYEI76IM,100,written
rec33vzPrAvXTnzUY,Costa Verde Inn,costa verde inn|escazu|costa rica,Costa Rica,recUKqGwopLqPzDB8,100,written
recC5sb0TvZ32iC8z,Sunset del Mar Beach Resort,sunset del mar beach resort|esterillos este|costa rica,Costa Rica,rec9yHdLLbXQ7yvYW,100,written
recGaXDWbCFseXND2,Hotel Grano de Oro,hotel grano de oro|san jose|costa rica,Costa Rica,recVFFcxqvTis4yxC,100,written
recGijooprww3B5bU,Hotel Casino Taormina,hotel casino taormina|san jose|costa rica,Costa Rica,recvsKYjoyi09DhhB,100,written
recJnQ0nuh2YDIjNJ,Hotel Auténtico,hotel autentico|san jose|costa rica,Costa Rica,recN9T3Wk3dYHCbY2,100,written
recKruhHtEUqLy2eT,Hotel Colonial,hotel colonial|san jose|costa rica,Costa Rica,reczaxFFwOcvZwrBy,100,written
recLoQOMhqPxujiHp,Hotel Alma del Pacífico,hotel alma del pacifico|parrita|costa rica,Costa Rica,rectRAj8FPocJF1VK,100,written
recMvGyq6Kvgpfn9a,Hotel Inca Real,hotel inca real|san jose|costa rica,Costa Rica,recjDuON4lGZe2bgL,100,written
recRDZiYHD4OogqS5,Hotel Samara Beach,hotel samara beach|samara|costa rica,Costa Rica,recAOM98FGeVE7OPx,100,written
recTEtP3GPcw7DZBX,Hotel Wagelia,hotel wagelia|turrialba|costa rica,Costa Rica,recyVifu2uXJqrrK1,100,written
recUqsHElFesJujEA,Hotel Dunn Inn,hotel dunn inn|san jose|costa rica,Costa Rica,recHNb3nPkGoQMmIS,100,written
recX7i9Bgg8pditDl,Hotel Poseidon,hotel poseidon|jaco|costa rica,Costa Rica,recFbBkiyjZIeYVUH,100,written
recXV17zPygzDkiyV,Hotel El Viandante,hotel el viandante|monteverde|costa rica,Costa Rica,recJjpMGXDUdR7xiR,100,written
recb9YHypiDr0CP9V,Volcano Lodge,volcano lodge|la fortuna|costa rica,Costa Rica,rec92YDsIXzM262Uk,100,written
recbtsjCuSaI5l1Hg,Hotel Sol Sámara,hotel sol samara|samara|costa rica,Costa Rica,recsrbbP0sLIMONFZ,100,written
recfHj9QbR6jAnnSu,Galiza Suites,galiza suites|santa ana|costa rica,Costa Rica,recUEf7aiUUNVn7Dy,100,written
recfxioiGipztnMpp,Hotel 1492,hotel 1492|san jose|costa rica,Costa Rica,reczHffsdeZRPCVHa,100,written
recgHHEUHdu3eqauM,Hotel California,hotel california|quepos|costa rica,Costa Rica,recezGoV2vt4RdyLA,100,written
rec3bGuvP5cYOlcD6,Hotel Eugenia,hotel eugenia|quito|ecuador,Ecuador,recOjr8TcmbvEqkXx,100,written
rec7rIT0Pzkm332eX,Hotel Podocarpus,"hotel podocarpus|loja, ecuador|ecuador",Ecuador,recjYEnLhplyLJrKz,100,written
recBBXYLYgMGLsaj1,Stubel Suites & Café,stubel suites & cafe|quito|ecuador,Ecuador,recndGSjHdeLr5hAG,100,written
recGqQKoIJ7orByF4,Zamorano Real Hotel,"zamorano real hotel|loja, ecuador|ecuador",Ecuador,recAatfS72FeWombq,100,written
recJDm1WzPS2LFZyl,Hotel Embassy,hotel embassy|quito|ecuador,Ecuador,recPjcVVhR1bvdyWJ,100,written
recLGqFeAeDJppmE1,Hotel Los Alpes,hotel los alpes|quito|ecuador,Ecuador,rec8zl6lzvp3Wsf9p,100,written
recLPDvKTuhrxGZ3u,Mantahost Hotel,mantahost hotel|manta|ecuador,Ecuador,recv8PVi7qwBfgPyp,100,written
recXBReqeYVjbzKRN,Hotel Continental,hotel continental|guayaquil|ecuador,Ecuador,rec1k2ofDmdvIPmDq,100,written
recZVzSZ7oB50tLvc,Sonesta Hotel Loja,"sonesta hotel loja|loja, ecuador|ecuador",Ecuador,recJ6tBHAyQZlJZgf,100,written
recbw364noEF6BzOZ,Nü House Boutique Hotel,nu house boutique hotel|quito|ecuador,Ecuador,rec8azYcRHX3Xj7Ft,100,written
