sourceRecordId,rawHotelName,qualityTier,qualityScore,matchConfidence,matchRecommendedAction,wouldWrite
node/9829772,Bohio Cabarete,medium,55,none,likely_new_candidate,yes
node/270997923,Breezes,medium,55,none,likely_new_candidate,yes
node/287032841,Dreams Palm Beach Resort,medium,55,none,likely_new_candidate,yes
node/302771731,Natura Park Beach Eco Resort & Spa,high,100,none,likely_new_candidate,yes
node/302771860,Catalonia Punta Cana,medium,65,none,likely_new_candidate,yes
node/302771929,Be Live Grand Bavaro,medium,55,none,likely_new_candidate,yes
node/302800763,Wyndham Alltra Punta Cana,medium,55,medium,likely_existing,yes
node/314357718,Paraiso Caño Hondo,high,80,none,likely_new_candidate,yes
node/314446408,Hamaca,medium,55,none,likely_new_candidate,yes
node/340092385,Natura Cabañas,medium,55,medium,likely_existing,yes
node/349121944,Camp David Ranch,high,100,medium,likely_existing,yes
node/349126361,Cabaña Touristicá,medium,55,none,likely_new_candidate,yes
node/349129742,Hotel RIU Mambo,high,100,none,likely_new_candidate,yes
node/349134300,Hotel Llave Del Mar,medium,55,none,likely_new_candidate,yes
node/349174881,Hotel Ambar,medium,55,none,likely_new_candidate,yes
node/353014054,Hotel Monterrey,high,75,none,likely_new_candidate,yes
node/354626498,Hotel Sun Village,medium,55,none,likely_new_candidate,yes
node/354627440,Hotel RIU Merengue,high,100,none,likely_new_candidate,yes
node/354627549,Hotel RIU Bachata,high,100,none,likely_new_candidate,yes
node/370189077,Hostal del Cibao,high,75,none,likely_new_candidate,yes
node/373851323,Hotel Europa,high,100,low,needs_research,yes
node/374309471,Hotel Luperón,high,85,none,likely_new_candidate,yes
node/431025349,Barceló Bávaro Palace Deluxe,high,70,low,needs_research,yes
node/587971075,Sosua by the sea Boutique Beach Resort,medium,55,medium,likely_existing,yes
node/593861352,Hotel Casa Cayena Club,medium,55,medium,likely_existing,yes
node/593861356,Hotel El Rancho Sosua,medium,55,low,needs_research,yes
node/593861357,Hotel Sea Breeze,medium,55,low,needs_research,yes
node/593865998,Hotel Central,medium,55,none,likely_new_candidate,yes
node/596663088,Hotel Crowne Plaza,high,85,none,likely_new_candidate,yes
node/596733948,Hotel Dorado,medium,55,none,likely_new_candidate,yes
node/596733953,Hotel Colonial Delux,medium,55,none,likely_new_candidate,yes
node/596733956,Hotel Colonial,medium,55,none,likely_new_candidate,yes
node/597453526,Hostal Nicolas De Ovando,medium,55,low,needs_research,yes
node/597456591,Hodelpa Novus Plaza,medium,55,high,likely_existing,yes
node/635204441,Club Med,medium,65,medium,likely_existing,yes
node/711144134,Ecocampo La Sangría,medium,55,none,likely_new_candidate,yes
node/735974664,Tierra Plana Hostal,medium,55,none,likely_new_candidate,yes
node/862661684,Hotel La Mansion,medium,55,low,needs_research,yes
node/928315117,Apartahotel Drake,medium,55,none,likely_new_candidate,yes
node/988991741,Costa Las Ballenas,medium,55,none,likely_new_candidate,yes
node/989009324,Acaya,medium,55,none,likely_new_candidate,yes
node/1069945606,Hotel Atarazana,high,85,none,likely_new_candidate,yes
node/1188149592,Hotel Pinar Dorado,medium,55,high,likely_existing,yes
node/1207422127,Be Live Grand Marien Hotel,medium,55,none,likely_new_candidate,yes
node/1234382123,Emotion By Hodelpa.,medium,55,none,likely_new_candidate,yes
node/1238948840,hotel arcardo,medium,55,none,likely_new_candidate,yes
node/1238959353,"ALJIBE CAFE, Cocktail",medium,55,none,likely_new_candidate,yes
node/1249539089,Hotel Salinas,medium,65,none,likely_new_candidate,yes
node/1249982946,Ocean resort,medium,55,none,likely_new_candidate,yes
node/1259953316,Hotel Playazul,medium,55,none,likely_new_candidate,yes
node/1259992880,Hotel Casablanca,high,80,none,likely_new_candidate,yes
node/1259992888,Hotel Quemaito,medium,55,none,likely_new_candidate,yes
node/1391142503,terra linda,medium,55,none,likely_new_candidate,yes
node/1391142506,Casa Valeria,medium,55,none,likely_new_candidate,yes
node/1391142519,Hotel Orchidee,high,70,none,likely_new_candidate,yes
node/1391142522,New Garden,medium,55,none,likely_new_candidate,yes
node/1405141122,Lifestyle Holidays Vacation Club,medium,55,none,likely_new_candidate,yes
node/1414756925,Aventura,high,75,none,likely_new_candidate,yes
node/1454279355,Aladino,medium,55,none,likely_new_candidate,yes
node/1600567851,Hotel,medium,55,medium,likely_existing,yes
node/1635256169,Coconut Palms Resort,medium,55,none,likely_new_candidate,yes
node/1643715292,Eva Luna,medium,55,none,likely_new_candidate,yes
node/1650284822,Hotel Palapa,high,70,none,likely_new_candidate,yes
node/1739578195,Hotel Las Caobas,medium,55,none,likely_new_candidate,yes
node/1745039683,Aparta Hotel Plaza del Sol,medium,55,none,likely_new_candidate,yes
node/1825887426,Sivory Punta Cana,medium,55,medium,likely_existing,yes
node/1837180673,Hotel Dilenia,medium,55,none,likely_new_candidate,yes
node/1837180781,Hotel Colinas del Valle,medium,55,none,likely_new_candidate,yes
node/1837226525,Hote Mi Casa,medium,55,none,likely_new_candidate,yes
node/1846307890,Hotel Vista del Valle,medium,55,none,likely_new_candidate,yes
node/1853487108,AltoCerro,medium,55,none,likely_new_candidate,yes
node/1857882814,Rancho Wendy,medium,55,none,likely_new_candidate,yes
node/1869448927,Rancho Guaraguao,medium,55,none,likely_new_candidate,yes
node/1869448950,Rancho Guaraguao,medium,55,none,likely_new_candidate,yes
node/1882822690,Hostal Condo Parque,medium,55,none,likely_new_candidate,yes
node/1888636757,Las Canas,medium,55,none,likely_new_candidate,yes
node/1923936533,Habitaciones Don Pedro,medium,55,none,likely_new_candidate,yes
node/1923964921,Fior Di Loto,medium,55,none,likely_new_candidate,yes
node/1982167840,Hotel Piedra Marron,medium,55,none,likely_new_candidate,yes
node/2020735712,Hotel Gran Jimenoa,medium,55,high,likely_existing,yes
node/2088794004,Casa Cosón,medium,55,none,likely_new_candidate,yes
node/2099118549,Hotel Coco Plaza,medium,55,none,likely_new_candidate,yes
node/2100292687,Hotel Rancho La Cueva,medium,55,none,likely_new_candidate,yes
node/2101999280,Hotel San Ramon,high,85,none,likely_new_candidate,yes
node/2106184527,Hard Rock Hotel & Casino Punta Cana - All inclusive,high,100,medium,likely_existing,yes
node/2106239024,Hostal Kevin,medium,55,none,likely_new_candidate,yes
node/2110576737,Casa de Campo,medium,55,low,needs_research,yes
node/2172701438,Casa Bonita,high,70,none,likely_new_candidate,yes
node/2175061135,Hotel San Jose,medium,55,none,likely_new_candidate,yes
node/2175099044,Hotel Santa Clara,medium,55,none,likely_new_candidate,yes
node/2175099050,Master Hotel La Ceiba,medium,55,none,likely_new_candidate,yes
node/2178758745,Cacique Hotel,high,70,none,likely_new_candidate,yes
node/2223972849,Centro de Servicios Comunitarios,high,75,none,likely_new_candidate,yes
node/2290696239,Principe Bahia Cayo Levantado,medium,55,none,likely_new_candidate,yes
node/2333150150,Caliente Caribe,high,75,none,likely_new_candidate,yes
node/2340839097,Consejo Nacional para la Niñez y la Adolescencia,medium,55,none,likely_new_candidate,yes
node/2365189081,Hotel Brisas del Yaque,medium,60,none,likely_new_candidate,yes
node/2377448089,Aurora del Sol Hotel y Casino,high,75,none,likely_new_candidate,yes
node/2554070792,Independencia,high,70,none,likely_new_candidate,yes
node/2590998150,Cabana Elke,medium,55,none,likely_new_candidate,yes
node/2613933314,Los Gringos,medium,55,none,likely_new_candidate,yes
node/2613949124,Four Points by Sheraton,high,95,medium,likely_existing,yes
node/2720148366,New Parisian,medium,55,none,likely_new_candidate,yes
node/2724424280,Cabaña Anwis,high,75,none,likely_new_candidate,yes
node/2724999922,Hotel Libano,medium,55,none,likely_new_candidate,yes
node/2778735252,Sheraton,medium,65,medium,likely_existing,yes
node/2836668830,Las Olas Luxury Villas,high,70,none,likely_new_candidate,yes
node/2866813906,Sensimar Punta Cana Villas & Suites,medium,65,none,likely_new_candidate,yes
node/2955259538,Hotel Villa Colonial,high,75,none,likely_new_candidate,yes
node/2966028861,Hotel Alegria,medium,55,none,likely_new_candidate,yes
node/2998189889,Hotel Occidental Allegro Playa Dorada,medium,55,low,needs_research,yes
node/2998191668,Barceló Puerto Plata,medium,55,low,needs_research,yes
node/2998191669,Hotel Gran Ventana,medium,55,none,likely_new_candidate,yes
node/2998196506,Sunshade Puerto Plata All Inclusive,medium,55,none,likely_new_candidate,yes
node/2998208193,Celuisma Playa Dorada Beach Hotel,medium,55,none,likely_new_candidate,yes
node/3015649822,Occidental Caribe (former Barcelo Punta Cana),medium,65,medium,likely_existing,yes
node/3051207800,Castillo Romano,medium,55,none,likely_new_candidate,yes
node/3066001703,312 by Estancia,medium,55,none,likely_new_candidate,yes
node/3073004437,Hotel Del Valle,medium,55,none,likely_new_candidate,yes
node/3076134847,Ultravioleta Boutique Residences,medium,55,none,likely_new_candidate,yes
node/3125134748,Hotel Restaurante El Barcon,medium,55,none,likely_new_candidate,yes
node/3145200062,Royalton hotel punta cana,medium,55,none,likely_new_candidate,yes
node/3145204521,Occidental Caribe (former Barcelo Punta Cana),high,85,medium,likely_existing,yes
node/3145252104,Grand Bahia Principe Punta Cana,medium,55,high,likely_existing,yes
node/3145261362,Riu Palace Punta Cana,high,85,high,likely_existing,yes
node/3154070396,Excellence Punta Cana,high,100,medium,likely_existing,yes
node/3154071208,Zoetry Agua,medium,55,medium,likely_existing,yes
node/3154209897,TIPICAS CASETAS HOTEL,medium,55,none,likely_new_candidate,yes
node/3158269100,Hotel Plaza Coral,high,80,none,likely_new_candidate,yes
node/3159460065,Sanctuary Cap Cana,medium,55,medium,likely_existing,yes
node/3161538019,Real Intercontinental,high,75,low,needs_research,yes
node/3198643977,Villa Serena Hotel,medium,55,high,likely_existing,yes
node/3216771022,Radisson Hotel Santo Domingo,high,100,high,likely_existing,yes
node/3228673796,Hostel Punta Cana,medium,55,none,likely_new_candidate,yes
node/3287789561,Breathless Resort,high,85,none,likely_new_candidate,yes
node/3331904445,Centro Ecoturistico Nalga de Maco,high,70,none,likely_new_candidate,yes
node/3348737439,casa heuspedes,medium,65,none,likely_new_candidate,yes
node/3354152914,Bungalows of Las Galeras,high,100,none,likely_new_candidate,yes
node/3381376286,Costa Caribe,medium,55,medium,likely_existing,yes
node/3391618918,La Hacienda,high,80,none,likely_new_candidate,yes
node/3391618919,Aparta hotel Mi Casa,medium,55,none,likely_new_candidate,yes
node/3391618928,Hotel Central,high,70,none,likely_new_candidate,yes
node/3391619482,Hotel Docia,high,70,none,likely_new_candidate,yes
node/3396264728,KMA Hotel,medium,55,none,likely_new_candidate,yes
node/3412619503,Armada,medium,55,none,likely_new_candidate,yes
node/3415002993,Sans Souci Appartments,high,70,none,likely_new_candidate,yes
node/3425607182,Monte Placido,high,70,none,likely_new_candidate,yes
node/3448846954,Villa Las Palmas,high,75,none,likely_new_candidate,yes
node/3469337532,Jarabacua River Club & Resort,high,80,none,likely_new_candidate,yes
node/3471324300,Hotelito Oasi Italiana,medium,55,none,likely_new_candidate,yes
node/3499180062,Residence - 4 bedrooms/baths,medium,55,none,likely_new_candidate,yes
node/3501119758,Viva Dominicus Palace by Wyndham,high,70,medium,likely_existing,yes
node/3507207294,"Playa Turquesa Ocean Club, Apartaments, Condos",medium,55,none,likely_new_candidate,yes
node/3507207295,"Stanza Mare, Apartaments, Condos",medium,55,none,likely_new_candidate,yes
node/3523794277,Bella Vista,high,100,none,likely_new_candidate,yes
node/3562603793,Villas San Francisco,medium,55,none,likely_new_candidate,yes
node/3571267812,Cabaña Girasoles,high,75,none,likely_new_candidate,yes
node/3589029764,Cabañas Perla,medium,55,none,likely_new_candidate,yes
node/3613770891,Hotel Rossy,medium,55,none,likely_new_candidate,yes
node/3677079525,Hotel Jacaranda,medium,55,none,likely_new_candidate,yes
node/3679038778,Hotel La Casacada,medium,55,none,likely_new_candidate,yes
node/3681551947,Embassy Suites by Hilton,medium,55,medium,likely_existing,yes
node/3682839239,Hotel Arco Iris,medium,55,none,likely_new_candidate,yes
node/3682839259,Hotel Banjer,medium,55,none,likely_new_candidate,yes
node/3684480772,Villa Mariposas,medium,55,none,likely_new_candidate,yes
node/3685285263,Aparta Hotel Lomar,medium,55,none,likely_new_candidate,yes
node/3685591775,Puerto Plata Beach Resort,medium,55,medium,likely_existing,yes
node/3754705960,Bayahibe Guest House,medium,55,none,likely_new_candidate,yes
node/3758021425,Casa Rural el Paraiso de Saona,medium,55,none,likely_new_candidate,yes
node/3800719312,La Mami River Beach Carribean House,medium,55,none,likely_new_candidate,yes
node/3800724133,Vista Sur,medium,55,none,likely_new_candidate,yes
node/3823328338,Hotel Juan José,medium,55,none,likely_new_candidate,yes
node/3831572259,Chaykovsky Boutique h,high,80,none,likely_new_candidate,yes
node/3977902978,Hotel,medium,55,none,likely_new_candidate,yes
node/4023347101,Excellence El Carmen,high,100,medium,likely_existing,yes
node/4037102403,Kasablanka,medium,65,none,likely_new_candidate,yes
node/4089100900,Hotel Belta Mar,high,75,none,likely_new_candidate,yes
node/4090479282,Motel Ximara,high,75,none,likely_new_candidate,yes
node/4105320791,Dan y Manty's Hostel and Guesthouse,high,85,none,likely_new_candidate,yes
node/4105363389,Dan and Manty's Guesthouse and Hostel,high,85,none,likely_new_candidate,yes
node/4114901553,GAVA hostel,high,75,none,likely_new_candidate,yes
node/4122705989,Residence Paradise Hotel,high,70,none,likely_new_candidate,yes
node/4124230260,Hotel Espinal,medium,55,none,likely_new_candidate,yes
node/4131250990,hotel el príncipe,medium,55,none,likely_new_candidate,yes
node/4162401789,Residencial Costa Azul,medium,60,none,likely_new_candidate,yes
node/4178501205,Hostal Don Gregor,medium,60,none,likely_new_candidate,yes
node/4202607890,Villa Taina,high,70,medium,likely_existing,yes
node/4207688396,Hotel Century Plaza,medium,55,high,likely_existing,yes
node/4214843120,El Pelicano Apart-Hotel,high,100,none,likely_new_candidate,yes
node/4214864111,Las Galeras Village,high,100,none,likely_new_candidate,yes
node/4239744248,Cofresi Palm,medium,55,medium,likely_existing,yes
node/4246303893,Cabaña Rubí,high,75,none,likely_new_candidate,yes
node/4268870091,Melia Caribe Tropical,medium,60,none,likely_new_candidate,yes
node/4291376989,La Castilla,high,70,none,likely_new_candidate,yes
node/4317234196,Casa Sanchez Boutique Hotel,medium,60,none,likely_new_candidate,yes
node/4331249886,Sonido del Yaque,medium,55,none,likely_new_candidate,yes
node/4367302200,Marianela,medium,55,none,likely_new_candidate,yes
node/4368198266,Tubagua Plantation Eco Lodge,high,80,none,likely_new_candidate,yes
node/4379236990,Res. Las Canas,medium,60,none,likely_new_candidate,yes
node/4408964472,Paramount Hotel 40,medium,55,none,likely_new_candidate,yes
node/4413183691,El Gran Nelson,medium,60,none,likely_new_candidate,yes
node/4414072089,Boca Chica Beach,medium,60,low,needs_research,yes
node/4414414490,Hotel Novus Caoba,high,70,none,likely_new_candidate,yes
node/4418061395,Boca Chica Beach,medium,55,low,needs_research,yes
node/4419741355,Villa Ibiscus,high,85,none,likely_new_candidate,yes
node/4425294491,sea & garden realty,medium,55,none,likely_new_candidate,yes
node/4425298692,hotel magic tropical,high,70,none,likely_new_candidate,yes
node/4429212789,Tahiti Apartahotel,medium,60,none,likely_new_candidate,yes
node/4438429730,Villa Ixora,high,85,none,likely_new_candidate,yes
node/4438479511,Villa Flamboyan,high,85,none,likely_new_candidate,yes
node/4438479996,Jasmine La Playita,high,85,none,likely_new_candidate,yes
node/4438901904,Aparta Hotel Losta Linda,medium,60,none,likely_new_candidate,yes
node/4439105995,CARIBE TROPICAL & PRINCESS,medium,55,low,needs_research,yes
node/4449225891,Mi Frontera,medium,55,none,likely_new_candidate,yes
node/4455315990,Hotel Valle Nuevo,medium,60,none,likely_new_candidate,yes
node/4463815191,El Viajante,medium,55,none,likely_new_candidate,yes
node/4476137645,Chronos Aparta Hotel,medium,55,none,likely_new_candidate,yes
node/4478889890,hotel,medium,55,none,likely_new_candidate,yes
node/4481983591,Casa de Evans,medium,60,none,likely_new_candidate,yes
node/4483195390,kapi,medium,55,none,likely_new_candidate,yes
node/4494584099,La Estancia Golf Resort,medium,55,none,likely_new_candidate,yes
node/4511839291,Yonu,medium,55,none,likely_new_candidate,yes
node/4543399590,Mi casa,medium,55,none,likely_new_candidate,yes
node/4557149392,14 de junio,medium,55,none,likely_new_candidate,yes
node/4559226076,Centro Educativo Albergue Divino Niño Jesús,medium,55,none,likely_new_candidate,yes
node/4573520294,El Mundo del Amor,medium,55,none,likely_new_candidate,yes
node/4574256090,Res. Kamila,medium,60,none,likely_new_candidate,yes
node/4574256989,Res. Porto Bello,medium,60,none,likely_new_candidate,yes
node/4576227595,fata morgana,high,90,none,likely_new_candidate,yes
node/4580475290,Las Galeras Island Hostel,high,90,none,likely_new_candidate,yes
node/4581697230,Kite Boarding School Cabarete,medium,60,none,likely_new_candidate,yes
node/4590930889,Defensa civil,medium,55,none,likely_new_candidate,yes
node/4595203289,Apartamento,medium,55,none,likely_new_candidate,yes
node/4599759989,Chino Restaurant & Hotel,medium,55,none,likely_new_candidate,yes
node/4602678989,Villa Alegría,medium,60,none,likely_new_candidate,yes
node/4610643992,Hotel Kaoba,medium,55,high,likely_existing,yes
node/4638810890,La Isabela,medium,60,none,likely_new_candidate,yes
node/4660748798,Grand Bahia Principe Bavaro,medium,55,medium,likely_existing,yes
node/4660748808,Grand Bahia Principe Aquamarine,medium,55,low,needs_research,yes
node/4665843493,Maunaloa Hotel y casino,medium,55,low,needs_research,yes
node/4674062489,hotel Navarro,medium,55,none,likely_new_candidate,yes
node/4687866270,Villa Diana,high,80,none,likely_new_candidate,yes
node/4687868978,Villa Maxime,high,85,none,likely_new_candidate,yes
node/4694290991,Aunt's House,medium,55,none,likely_new_candidate,yes
node/4696009189,Miyoue's House,medium,55,none,likely_new_candidate,yes
node/4698253090,El Caribeño,medium,55,medium,likely_existing,yes
node/4699506992,La casa,high,70,none,likely_new_candidate,yes
node/4702442791,El Caribeño,medium,55,medium,likely_existing,yes
node/4712643689,Moricete House,medium,60,none,likely_new_candidate,yes
node/4713495592,Casa edwardp,high,70,none,likely_new_candidate,yes
node/4713682901,Brisas de la Montaña,medium,60,none,likely_new_candidate,yes
node/4713827691,Hotel Brisas del Yaque,medium,60,none,likely_new_candidate,yes
node/4715193291,Francis house,medium,55,none,likely_new_candidate,yes
node/4719222390,Glamourus Salon de eventos,medium,55,none,likely_new_candidate,yes
node/4719780492,Dany's House,medium,55,none,likely_new_candidate,yes
node/4719836692,Hantz 's House,medium,55,none,likely_new_candidate,yes
node/4721514190,tolentino PN,medium,55,none,likely_new_candidate,yes
node/4724610560,Villa Caribeña,high,80,none,likely_new_candidate,yes
node/4725033690,Esmeralda,medium,55,none,likely_new_candidate,yes
node/4728384589,Cabañas Turísticas Dominicantica Spanish,medium,60,none,likely_new_candidate,yes
node/4734649323,Punta Rucia Lodge,high,70,none,likely_new_candidate,yes
node/4737380481,Hotel Puerto Plaza,medium,55,none,likely_new_candidate,yes
node/4739029122,Sol Azul,medium,55,none,likely_new_candidate,yes
node/4740698628,Hotel sol de verano,medium,55,none,likely_new_candidate,yes
node/4742281821,Barrio los quemao bonao,medium,60,none,likely_new_candidate,yes
node/4744188329,La cueva,medium,55,none,likely_new_candidate,yes
node/4744190221,Estancia Principe,medium,60,none,likely_new_candidate,yes
node/4744190223,Laguna Park Hostel,medium,55,none,likely_new_candidate,yes
node/4744190224,La iguana,medium,55,none,likely_new_candidate,yes
node/4753601222,Palmetto Hotel,high,70,none,likely_new_candidate,yes
node/4756073823,Solazul,high,80,none,likely_new_candidate,yes
node/4756935032,Sassoue 's House,medium,55,none,likely_new_candidate,yes
node/4768918344,Llave Del Mar Hotel,medium,55,none,likely_new_candidate,yes
node/4777950921,Maria 's House,medium,55,none,likely_new_candidate,yes
node/4785388022,Sol Azul,high,70,none,likely_new_candidate,yes
node/4787082928,Maria ' s House,medium,55,none,likely_new_candidate,yes
node/4787293524,Villa Baya,medium,55,none,likely_new_candidate,yes
node/4788290621,Todo blanco,medium,55,none,likely_new_candidate,yes
node/4790764821,Casa bella caribe,medium,55,none,likely_new_candidate,yes
node/4793271688,White Sands Aparta Hotel,medium,55,none,likely_new_candidate,yes
node/4794193227,Don Olivo,medium,55,none,likely_new_candidate,yes
node/4819701721,Home,medium,55,none,likely_new_candidate,yes
node/4840627721,Eco hotel Centro Verde,medium,55,none,likely_new_candidate,yes
node/4844011423,White Sands B&B,high,80,none,likely_new_candidate,yes
node/4850900022,Bayahibe Guest House,medium,55,none,likely_new_candidate,yes
node/4856382922,Cutty's House,medium,55,none,likely_new_candidate,yes
node/4864427224,Casa de minda,medium,60,none,likely_new_candidate,yes
node/4867339721,hotel central,medium,55,none,likely_new_candidate,yes
node/4880615522,Angee,medium,55,none,likely_new_candidate,yes
node/4882910121,Primaveral,medium,55,none,likely_new_candidate,yes
node/4889719121,La Casa Amarilla,high,75,none,likely_new_candidate,yes
node/4896032821,Blas 33,high,70,none,likely_new_candidate,yes
node/4901757124,Asilo de Ancianos,medium,55,none,likely_new_candidate,yes
node/4901959222,Hotel Riu República,high,85,medium,likely_existing,yes
node/4906431721,Hostal Casa 51,high,95,none,likely_new_candidate,yes
node/4918991365,Paradisus Punta cana,medium,55,none,likely_new_candidate,yes
node/4938248923,Finca Yajaira,medium,55,none,likely_new_candidate,yes
node/4938256423,Finca tío rico,medium,55,none,likely_new_candidate,yes
node/4943248421,Seminario Nuestra Señora Las Mercedes,medium,60,none,likely_new_candidate,yes
node/4944858821,Club havana house renta de habitacion por noche,medium,65,none,likely_new_candidate,yes
node/4946633123,casa Mari karina,medium,55,none,likely_new_candidate,yes
node/4947065426,Sharon Palm beach,medium,55,none,likely_new_candidate,yes
node/4950101005,Grand Palladium Bavaro Suites Resort & Spa,medium,55,low,needs_research,yes
node/4967005421,Hotel Al Mare,high,85,none,likely_new_candidate,yes
node/4978572049,Hôtel Atabey,medium,60,none,likely_new_candidate,yes
node/4978573527,Hotel Brenda,medium,55,none,likely_new_candidate,yes
node/5002266421,hotel guacamayos,medium,60,none,likely_new_candidate,yes
node/5002268121,Rancho Guacamayos,high,75,none,likely_new_candidate,yes
node/5007285024,Casa lisbeth,medium,60,none,likely_new_candidate,yes
node/5017189124,Mena House,medium,55,none,likely_new_candidate,yes
node/5025787021,Hotel Esmeralda,medium,55,none,likely_new_candidate,yes
node/5029505780,Santo Domingo Bed & Breakfast,high,100,none,likely_new_candidate,yes
node/5037222221,Los Corales Village RECEPTION,high,90,none,likely_new_candidate,yes
node/5037222222,Hotel Tropicana Deluxe,high,100,none,likely_new_candidate,yes
node/5047214658,HOTEL METROPOLITANO,medium,60,none,likely_new_candidate,yes
node/5047235080,HOTEL MARIEN,medium,60,none,likely_new_candidate,yes
node/5047235081,HOTEL DON CHUCHO,medium,60,none,likely_new_candidate,yes
node/5047243323,HOTEL LA PLAZA,medium,60,none,likely_new_candidate,yes
node/5060398041,Plaza Lusitania,high,85,none,likely_new_candidate,yes
node/5082013621,Mxnc,medium,60,none,likely_new_candidate,yes
node/5103798423,El Señorial,high,70,none,likely_new_candidate,yes
node/5113439323,Hotel Carmen,high,70,none,likely_new_candidate,yes
node/5133859195,Hotel Mercedes,medium,55,none,likely_new_candidate,yes
node/5169979322,Casa dylan,medium,55,none,likely_new_candidate,yes
node/5169980221,Casa jazmin tía,medium,55,none,likely_new_candidate,yes
node/5180976697,Plaza Lusitania,high,80,none,likely_new_candidate,yes
node/5181801658,Amhsa Marina Grand Paradise Playa Dorada,medium,55,none,likely_new_candidate,yes
node/5207508821,Villa los Gorgones,high,80,none,likely_new_candidate,yes
node/5210894623,Capi festival,medium,55,none,likely_new_candidate,yes
node/5213115020,Hotel Bohío,medium,55,none,likely_new_candidate,yes
node/5217259622,Cadaques Weare,medium,55,none,likely_new_candidate,yes
node/5249076522,Casa Cayuco,high,95,none,likely_new_candidate,yes
node/5250624222,"Calle 7, #4",high,70,none,likely_new_candidate,yes
node/5261898622,Casa de vilca (el toro),medium,55,none,likely_new_candidate,yes
node/5277775422,Casa de mami,medium,55,none,likely_new_candidate,yes
node/5280875644,Hostal Rural Backpackers,high,100,none,likely_new_candidate,yes
node/5324749024,casa de raque,medium,55,none,likely_new_candidate,yes
node/5326175222,Hostal Plaza Yu,medium,55,none,likely_new_candidate,yes
node/5326175226,Rancho Platón,medium,55,none,likely_new_candidate,yes
node/5329844221,Hostel laguna park,medium,55,none,likely_new_candidate,yes
node/5332349322,korona hotel,medium,55,none,likely_new_candidate,yes
node/5335310822,Parador El Cachimbo de Mama,medium,55,none,likely_new_candidate,yes
node/5340908321,sunset,medium,55,none,likely_new_candidate,yes
node/5343543031,AHNVEE Resorts Spa,high,75,none,likely_new_candidate,yes
node/5354918621,Rancho Platón,medium,55,none,likely_new_candidate,yes
node/5399147196,Hotel Zapata,medium,60,none,likely_new_candidate,yes
node/5405414236,Casa Ruso,medium,55,none,likely_new_candidate,yes
node/5411042221,Villa Alexandra,high,75,none,likely_new_candidate,yes
node/5434970048,El Morro Eco Adventure Hotel,high,70,none,likely_new_candidate,yes
node/5435064148,Hotel La Saladilla Beach Club,high,70,none,likely_new_candidate,yes
node/5435135971,Hotel Casa Hemingway,medium,55,high,likely_existing,yes
node/5513968241,The Reserve at Paradisus Palma Real,medium,55,none,likely_new_candidate,yes
node/5565305910,El Beaterio Guest House,medium,60,medium,likely_existing,yes
node/5595144823,Swell Surf Camp,high,75,none,likely_new_candidate,yes
node/5614046221,Casa,medium,55,none,likely_new_candidate,yes
node/5648139622,Hostal Mendez,high,70,none,likely_new_candidate,yes
node/5688089045,"Lopesan Costa Bávaro Resort, Spa & Casino",high,100,medium,likely_existing,yes
node/5848180986,San Martin,medium,55,none,likely_new_candidate,yes
node/5867352185,San Martin,medium,55,none,likely_new_candidate,yes
node/5916285505,Hotel La Fuente,medium,55,none,likely_new_candidate,yes
node/5916667511,Hotel WC,medium,55,none,likely_new_candidate,yes
node/5930313289,Hotel Mi Cabaña,medium,55,none,likely_new_candidate,yes
node/5935898328,Resort Bahía de los Dioses,medium,55,none,likely_new_candidate,yes
node/5936807188,Hotel Cotubanamá,medium,55,none,likely_new_candidate,yes
node/5936880385,Hotel El Paraíso,medium,55,none,likely_new_candidate,yes
node/5936880386,Hotel Mildania,medium,55,none,likely_new_candidate,yes
node/5984420795,casa mama Adrian,medium,55,none,likely_new_candidate,yes
node/5984422591,hotel El toro,medium,55,none,likely_new_candidate,yes
node/5985277192,dormitorio hato mayor,medium,55,none,likely_new_candidate,yes
node/6008398122,Habana,medium,55,none,likely_new_candidate,yes
node/6017605988,Altos de virella,medium,55,none,likely_new_candidate,yes
node/6020419629,The Circle by Meliá,high,70,none,likely_new_candidate,yes
node/6022237072,Hotel Galsi,high,85,none,likely_new_candidate,yes
node/6032173384,Hotel Leidy,medium,55,none,likely_new_candidate,yes
node/6032173891,Hotel Angelito,medium,55,none,likely_new_candidate,yes
node/6044023488,Hotel Las Colinas,medium,65,none,likely_new_candidate,yes
node/6186383052,Casa Gio Las Terrenas,high,85,none,likely_new_candidate,yes
node/6223357785,Black Beards Resort,medium,60,none,likely_new_candidate,yes
node/6235248905,Villa Lotus,medium,55,none,likely_new_candidate,yes
node/6250137987,Cabañas Manhattan,medium,60,none,likely_new_candidate,yes
node/6253504396,Hostel Quintonido,medium,55,none,likely_new_candidate,yes
node/6259007985,Hotel Jimaní,medium,55,none,likely_new_candidate,yes
node/6281684685,Casa grande,medium,55,none,likely_new_candidate,yes
node/6294161985,Tia de Lisa,medium,55,none,likely_new_candidate,yes
node/6313032685,Hotel Taíno Fronterizo,medium,55,none,likely_new_candidate,yes
node/6314999313,Catalonia Bavaro Royal,medium,65,medium,likely_existing,yes
node/6402906489,casa de esperanza,medium,55,none,likely_new_candidate,yes
node/6425797885,Виталий Олесик,medium,55,none,likely_new_candidate,yes
node/6429388223,HOTEL BRISOL,medium,55,none,likely_new_candidate,yes
node/6448141485,Lopesa,medium,60,medium,likely_existing,yes
node/6467016348,Complejo Turístico Hora Azul,medium,55,none,likely_new_candidate,yes
node/6468314516,Hotel Emotions by Hodelpa,medium,55,none,likely_new_candidate,yes
node/6476870837,Hotel Nueva York,medium,55,none,likely_new_candidate,yes
node/6482988314,Hotel Perla del Sur,medium,55,none,likely_new_candidate,yes
node/6508652186,Cabañas Kiss,high,70,none,likely_new_candidate,yes
node/6514622885,El Conde,medium,55,none,likely_new_candidate,yes
node/6514622986,EL Conde,medium,55,none,likely_new_candidate,yes
node/6561542253,Cabrera Chalet,high,100,none,likely_new_candidate,yes
node/6566452585,Casa,medium,55,none,likely_new_candidate,yes
node/6592115592,Punta Rucia,medium,60,none,likely_new_candidate,yes
node/6592115593,Hotel Sand Bay Oceanfront,medium,60,none,likely_new_candidate,yes
node/6604034360,Casa de Huespedes Colonial,high,75,none,likely_new_candidate,yes
node/6604081464,Share Melvi Apartment,high,85,none,likely_new_candidate,yes
node/6615239085,MT hotel,medium,55,none,likely_new_candidate,yes
node/6778035756,"7""S""",medium,55,none,likely_new_candidate,yes
node/6803118224,Hotel Patria,medium,65,none,likely_new_candidate,yes
node/6803118225,Hotel Gri Gri,medium,65,none,likely_new_candidate,yes
node/6803329397,Hotel Balcones De La Bahia,medium,65,none,likely_new_candidate,yes
node/6847561182,Mira Cielo,medium,55,none,likely_new_candidate,yes
node/6908171775,Casa Ana,medium,55,none,likely_new_candidate,yes
node/6939934185,Mosquito Hotel,medium,55,none,likely_new_candidate,yes
node/6996449236,Hotel Coco,medium,55,none,likely_new_candidate,yes
node/7098867211,Louisa Apart Hotel,high,80,low,needs_research,yes
node/7104816985,Hostal juana,medium,55,none,likely_new_candidate,yes
node/7137367776,Hotel Green Palace,high,85,none,likely_new_candidate,yes
node/7243009922,Casa PorqueNo,medium,55,none,likely_new_candidate,yes
node/7243015034,La Isleta,medium,55,none,likely_new_candidate,yes
node/7243015035,Arena Oceanview Hotel & La Terraza Restaurant,high,100,none,likely_new_candidate,yes
node/7243024423,La Ballena Backpackers,medium,55,none,likely_new_candidate,yes
node/7243024569,Chalet Tropical,medium,55,none,likely_new_candidate,yes
node/7243040458,Il Triangolo,medium,55,none,likely_new_candidate,yes
node/7243041990,Hotel Playita,medium,55,none,likely_new_candidate,yes
node/7243042685,Hotel GriGri,medium,55,none,likely_new_candidate,yes
node/7274607989,Las Galeras Hotel,high,75,low,needs_research,yes
node/7353668140,La Dolce Vita,medium,55,none,likely_new_candidate,yes
node/7353680458,Residencial Miralar,medium,55,none,likely_new_candidate,yes
node/7353712778,Hotel Atlantis,medium,55,none,likely_new_candidate,yes
node/7353715793,Las Cayenas,medium,55,none,likely_new_candidate,yes
node/7353716226,CostArena,medium,55,none,likely_new_candidate,yes
node/7353717218,Residencial Corte del Mar,medium,55,none,likely_new_candidate,yes
node/7353717750,Don Cesar,medium,55,none,likely_new_candidate,yes
node/7353719286,Palmeraie,medium,55,none,likely_new_candidate,yes
node/7353721699,Josefina,medium,55,none,likely_new_candidate,yes
node/7353722254,Aligio Apart-Hotel,medium,55,none,likely_new_candidate,yes
node/7477488347,villa pajon,high,75,none,likely_new_candidate,yes
node/7555156150,Sunrise Villa,medium,55,none,likely_new_candidate,yes
node/7560527285,Castillo del Mar,medium,55,none,likely_new_candidate,yes
node/7741588385,Green Coast hotel,high,70,none,likely_new_candidate,yes
node/7949317139,Villa Querida,high,70,none,likely_new_candidate,yes
node/8026710897,Hyatt Zilara Cap Cana,medium,65,high,likely_existing,yes
node/8078244124,Hotel Patria,medium,55,none,likely_new_candidate,yes
node/8078244168,Hotel Brisas del Este,medium,55,none,likely_new_candidate,yes
node/8078244181,Dormitorio San Miguel,medium,55,none,likely_new_candidate,yes
node/8105435331,Casa Larimar,medium,60,none,likely_new_candidate,yes
node/8116547995,Majestic Mirage Punta Cana - All-Suite Resort,high,100,medium,likely_existing,yes
node/8262599417,Casa Amelia,medium,55,none,likely_new_candidate,yes
node/8291988618,villa bebé,medium,55,none,likely_new_candidate,yes
node/8327794617,hotel Maison Gautreaux,medium,55,medium,likely_existing,yes
node/8327794618,playa la poza de bojolo,medium,55,none,likely_new_candidate,yes
node/8379439887,Hotel Casa Robinson,medium,55,none,likely_new_candidate,yes
node/8412574318,Hotel New Ark,medium,55,none,likely_new_candidate,yes
node/8439135417,Hotel El Maca,medium,55,none,likely_new_candidate,yes
node/8439138417,Hotel Natalie,medium,55,none,likely_new_candidate,yes
node/8451322921,Hotel Doña Sol,medium,55,none,likely_new_candidate,yes
node/8542028917,Miguel Francisco Guerrero,medium,60,none,likely_new_candidate,yes
node/8568212422,Bellevue Dominican Bay,medium,55,high,likely_existing,yes
node/8710203019,Aparta Hotel La Bahia,medium,55,none,likely_new_candidate,yes
node/8777942017,King Hotel,medium,55,none,likely_new_candidate,yes
node/8796382545,Casa Jardín Montesacro,high,85,none,likely_new_candidate,yes
node/8796411064,Altos de La Caobita Ecolodge,high,85,none,likely_new_candidate,yes
node/8817747617,Mi Vista Mountain Resort,medium,55,none,likely_new_candidate,yes
node/8818855013,Diamond Hotel Cabarete,medium,55,none,likely_new_candidate,yes
node/8870231217,Alojamiento,medium,55,none,likely_new_candidate,yes
node/8881479779,Hotel Caserma,medium,55,none,likely_new_candidate,yes
node/8928125790,Hotel Riviera Campo Verde,medium,55,none,likely_new_candidate,yes
node/8999961404,Aparta Hotel Caribe Paraíso,medium,55,none,likely_new_candidate,yes
node/9027266036,Altea Palace,high,80,none,likely_new_candidate,yes
node/9028309788,Hotel Loro Tuerto,medium,55,none,likely_new_candidate,yes
node/9028346259,La Rancheta,medium,55,none,likely_new_candidate,yes
node/9051047481,Surfbreak Cabarete,high,90,none,likely_new_candidate,yes
node/9054291383,Class Colonial,high,70,none,likely_new_candidate,yes
node/9143633569,La Serenissima,medium,55,none,likely_new_candidate,yes
node/9165301517,Unique Exotic Hotel,medium,60,none,likely_new_candidate,yes
node/9167682913,Hotel Naragua,medium,65,none,likely_new_candidate,yes
node/9184126458,Hostel La Junglita,medium,55,none,likely_new_candidate,yes
node/9184126460,La Orilla Las Galeras,medium,55,none,likely_new_candidate,yes
node/9284022017,Hotel Boutique Santiago Apostol,high,85,none,likely_new_candidate,yes
node/9296353657,"Radisson Blu Resort & Residence, Punta Cana",high,100,none,likely_new_candidate,yes
node/9296353739,AC Hotel by Marriott Punta Cana,high,100,low,needs_research,yes
node/9320997860,Oasi Encantada Beach Resort,high,80,none,likely_new_candidate,yes
node/9330856129,Hotel Savas Salinas,high,85,none,likely_new_candidate,yes
node/9381445917,Ocean El Faro,medium,55,medium,likely_existing,yes
node/9470231876,Gasque,medium,55,none,likely_new_candidate,yes
node/9483852883,Hotel Caribani,high,70,none,likely_new_candidate,yes
node/9490531017,Hotel park,medium,55,none,likely_new_candidate,yes
node/9525549270,Bamboojam Villa,high,70,none,likely_new_candidate,yes
node/9566324244,Las Puertas Del Paraiso,medium,55,none,likely_new_candidate,yes
node/9631615727,Terramar,medium,55,none,likely_new_candidate,yes
node/9668071343,El Encuentro Surf Lodge,high,70,none,likely_new_candidate,yes
node/9671944817,Heidy’s Guesthouse,medium,60,none,likely_new_candidate,yes
node/9856719770,Hotel Villa La Plantacion,high,100,none,likely_new_candidate,yes
node/10093756817,Casa de Bethania,medium,55,none,likely_new_candidate,yes
node/10095525617,Catalina Tropical Lodge,medium,55,none,likely_new_candidate,yes
node/10176619116,Hacienda La Promesa,medium,55,none,likely_new_candidate,yes
node/10208337426,The water melon house,medium,55,none,likely_new_candidate,yes
node/10262424309,Villa Paula,medium,60,none,likely_new_candidate,yes
node/10596455107,Hotel Glamour,high,70,none,likely_new_candidate,yes
node/10681170892,Triton Hotel Boutique & Restaurant,medium,60,none,likely_new_candidate,yes
node/10681194938,La Cueva del Che,medium,60,none,likely_new_candidate,yes
node/10702912612,Villas Mana Las Terrenas,medium,55,none,likely_new_candidate,yes
node/10716313546,Palms Lounge,medium,55,none,likely_new_candidate,yes
node/10823294756,Domescape Glamping Miches,high,80,none,likely_new_candidate,yes
node/10880951451,Hermosa Suites,medium,55,none,likely_new_candidate,yes
node/11035653720,Hotel Casa Coco,high,90,none,likely_new_candidate,yes
node/11035653721,Bicicletas Boca Chica,medium,55,low,needs_research,yes
node/11057172205,Casa Papa Loco,medium,55,none,likely_new_candidate,yes
node/11102602341,Villa Mamanita,high,100,none,likely_new_candidate,yes
node/11106056290,Villa Scooby,high,70,none,likely_new_candidate,yes
node/11158547600,Los Corales Beach Village Suites,high,90,none,likely_new_candidate,yes
node/11158547601,Las Terrazas Condo Apartment,high,90,none,likely_new_candidate,yes
node/11158547602,Flor del Mar Condo Apartment,high,90,none,likely_new_candidate,yes
node/11158547603,La Piazzetta PREMIUM Suites,high,90,none,likely_new_candidate,yes
node/11196218131,hotel fundacipe,medium,55,none,likely_new_candidate,yes
node/11216277399,"Marriott Miches Beach, An All-Inclusive Resort",medium,65,medium,likely_existing,yes
node/11258546274,Villa Castellamonte,medium,55,none,likely_new_candidate,yes
node/11628073769,Melia caribe beach resort,medium,55,medium,likely_existing,yes
node/11700822269,Pofirio rojas,medium,65,none,likely_new_candidate,yes
node/11701328169,Claudio Polanco,medium,65,none,likely_new_candidate,yes
node/11701333069,Claudio Polanco,medium,65,none,likely_new_candidate,yes
node/11724531571,Francisco Villar,medium,65,none,likely_new_candidate,yes
node/11724680769,Mario María Toribio,medium,55,none,likely_new_candidate,yes
node/11724857670,Roberto Robinson,medium,55,none,likely_new_candidate,yes
node/11724900469,José Alejandro Payan,medium,55,none,likely_new_candidate,yes
node/11725161869,Rafael Severino,medium,55,none,likely_new_candidate,yes
node/11725181469,Ana Mercedes Joaquín,medium,55,none,likely_new_candidate,yes
node/11732267879,"Hotel Santiago, Curio Collection by Hilton",high,100,medium,likely_existing,yes
node/11766192870,Nelson Yunior Meléndez,medium,55,none,likely_new_candidate,yes
node/11766386269,César Javier de la Cruz,medium,55,none,likely_new_candidate,yes
node/11826535303,Gato Colonial,medium,55,none,likely_new_candidate,yes
node/11831271471,Watermelon House,medium,55,none,likely_new_candidate,yes
node/11844917769,Ramón,medium,55,none,likely_new_candidate,yes
node/11847656972,Sola de Alexander en Hipódromo,medium,55,none,likely_new_candidate,yes
node/11874240474,Hotel Garrido,high,75,none,likely_new_candidate,yes
node/12038454403,madame aparta hotel,high,85,none,likely_new_candidate,yes
node/12044776625,Hotel Óleo Méndez,medium,55,none,likely_new_candidate,yes
node/12044776626,hotel adelaida,medium,55,none,likely_new_candidate,yes
node/12044785937,hotel Isla beata,medium,55,none,likely_new_candidate,yes
node/12044986428,restauran,medium,55,none,likely_new_candidate,yes
node/12536259200,Cabarete Morning Breeze,medium,65,none,likely_new_candidate,yes
node/12542637990,Hotel Teresa,medium,55,none,likely_new_candidate,yes
node/12546573956,Riviera Punta Cana,medium,55,low,needs_research,yes
node/12546573958,Honky Tonky Punta Cana,medium,55,none,likely_new_candidate,yes
node/12546573960,Noé Hotel,medium,55,none,likely_new_candidate,yes
node/12659951042,Rig Hotel Boutique,medium,55,low,needs_research,yes
node/12798112370,Hotel & Apartments Buchen,high,100,none,likely_new_candidate,yes
node/12818363772,Holiday Inn Santo Domingo,medium,65,high,likely_existing,yes
node/12849541339,Hotel Faranda Single 1,high,70,none,likely_new_candidate,yes
node/12914358579,Leysi's Garden,high,100,none,likely_new_candidate,yes
node/12919682928,Hotel el Escondite,high,85,none,likely_new_candidate,yes
node/12947207545,hotel villasol Pedernales,high,85,none,likely_new_candidate,yes
node/12947286799,HOTEL MADRID,high,85,none,likely_new_candidate,yes
node/12947329313,La casa de mamita,medium,55,none,likely_new_candidate,yes
node/12947329314,Hotel Casa Oasis,medium,65,none,likely_new_candidate,yes
node/12952042987,Hotel Decameron (CERRADO),medium,55,none,likely_new_candidate,yes
node/12961247392,Hilton Garden Inn La Romana,medium,65,high,likely_existing,yes
node/12998607201,Impressive Punta Cana - All Inclusive,medium,60,none,likely_new_candidate,yes
node/12998788201,Hotel Bocaino,medium,60,none,likely_new_candidate,yes
node/13050362262,Hostal Shivas,high,100,none,likely_new_candidate,yes
node/13081433749,Viva Dominicus Beach by Wyndham,high,70,medium,likely_existing,yes
node/13154430213,Motel El Triangulo,medium,55,none,likely_new_candidate,yes
node/13154430322,Antiguo Hotel El 3,medium,55,none,likely_new_candidate,yes
node/13165874914,Casa Barbara Las Terrenas,high,100,none,likely_new_candidate,yes
node/13231723317,Hotel karymi,medium,55,none,likely_new_candidate,yes
node/13231723318,Hostal y Restaurant Doña Cuca Jordan,medium,55,none,likely_new_candidate,yes
node/13231723319,hostal rincónsito cibaeño,medium,55,none,likely_new_candidate,yes
node/13231723320,hotel la flor de ale,medium,55,none,likely_new_candidate,yes
node/13231723321,hotel zoila antonio,medium,55,none,likely_new_candidate,yes
node/13278847933,"Villas Maranata, Las Terrenas",medium,55,none,likely_new_candidate,yes
node/13278847939,Hotel Playa Coson,medium,55,none,likely_new_candidate,yes
node/13311173931,The Hub by Acunmedya,medium,55,none,likely_new_candidate,yes
node/13322473574,hotel undanda,medium,55,none,likely_new_candidate,yes
node/13322473576,hotel Ruber,medium,55,none,likely_new_candidate,yes
node/13322963399,sfm hotel,medium,55,none,likely_new_candidate,yes
node/13323009901,hotel pegui,medium,55,none,likely_new_candidate,yes
node/13424222116,Cabañas La Uni,medium,55,none,likely_new_candidate,yes
node/13424222118,Cabañas Yes,medium,55,none,likely_new_candidate,yes
node/13503259301,Punta Cana Ecolodge Costa Arrecife Lavacama,high,80,none,likely_new_candidate,yes
node/13591844893,PF Hotel,high,75,none,likely_new_candidate,yes
node/13623931536,Hotel Anselmo,high,100,none,likely_new_candidate,yes
node/13801667501,Hotel Restaurante Abys Nefertiti,high,70,none,likely_new_candidate,yes
node/13801667502,Onyx Luxury,high,85,none,likely_new_candidate,yes
way/27956819,Iberostar Waves Punta Cana,high,100,high,likely_existing,yes
way/27956853,Iberostar Waves Dominicana,high,100,high,likely_existing,yes
way/27957139,Hotel Riu Palace Macao,high,100,high,likely_existing,yes
way/31854366,Cabaña Turística Poseidon,high,75,none,likely_new_candidate,yes
way/31854755,Gran Hotel Cibao,high,75,none,likely_new_candidate,yes
way/31854875,Cabaña Touristica,high,75,none,likely_new_candidate,yes
way/31855485,Cabaña Touristica Ethics,medium,55,none,likely_new_candidate,yes
way/31856075,Cabaña Turística Palmar,medium,55,none,likely_new_candidate,yes
way/31856119,Cabaña Turística Bora Bora,medium,55,none,likely_new_candidate,yes
way/31858860,Cabaña Turistica,medium,55,none,likely_new_candidate,yes
way/31865735,Centro Español,medium,55,none,likely_new_candidate,yes
way/31874599,Cabaña Turística Eclipse,medium,55,none,likely_new_candidate,yes
way/31874725,Cabaña Turística Helios,medium,55,none,likely_new_candidate,yes
way/31874957,Cabaña Turística Bora Bora,medium,55,none,likely_new_candidate,yes
way/31895158,Zeus Aparta Hotel,medium,55,none,likely_new_candidate,yes
way/33120922,Hotel Occidental Allegro Playa Dorada,medium,55,low,needs_research,yes
way/33143969,Hotel Luperón,medium,55,none,likely_new_candidate,yes
way/34879211,Barcelo Punta Cana Hotel,medium,55,none,likely_new_candidate,yes
way/53581002,Hotel Riu Bambu,high,100,high,likely_existing,yes
way/93553072,Hotel Dominican Fiesta,medium,65,high,likely_existing,yes
way/100550993,Paradius Punta Cana Hotel,medium,55,none,likely_new_candidate,yes
way/104646167,Barceló Bávaro Beach – Adults only,high,80,high,likely_existing,yes
way/110955858,Iberostar Selection Bavaro Suites,high,100,medium,likely_existing,yes
way/110962847,Iberostar Selection Coral Bávaro,high,100,high,likely_existing,yes
way/127931752,Aventura,high,75,none,likely_new_candidate,yes
way/136390467,Iberostar Waves Costa Dorada,high,100,medium,likely_existing,yes
way/142306645,Hotel Riu Naiboa,high,100,high,likely_existing,yes
way/142306646,Hotel Riu Palace Punta Cana,high,100,medium,likely_existing,yes
way/151713273,Alisei,high,80,medium,likely_existing,yes
way/151713281,Lomita Maravilla,high,70,none,likely_new_candidate,yes
way/151743389,La Residencia del Paseo,medium,55,none,likely_new_candidate,yes
way/153864150,Hotel Barceló Santo Domingo,high,80,medium,likely_existing,yes
way/164232205,Hodelpa Centro Plaza Hotel,high,85,medium,likely_existing,yes
way/167127064,el cabaret,medium,55,none,likely_new_candidate,yes
way/173202187,Rancho Guaraguao,medium,55,none,likely_new_candidate,yes
way/174466662,Courtyard by Marriott Santo Domingo,high,100,low,needs_research,yes
way/174695425,Hotel Alto Cerro,medium,55,none,likely_new_candidate,yes
way/175357851,Gran Bahia Principe Cayacoa,medium,55,none,likely_new_candidate,yes
way/176411662,Mi Cabana Resort,medium,55,none,likely_new_candidate,yes
way/177332376,Crowne Plaza,high,85,medium,likely_existing,yes
way/177332379,Renaissance Hotel,high,85,none,likely_new_candidate,yes
way/198177958,Hotel Residence Playa Colibrí,high,70,medium,likely_existing,yes
way/198178374,Apartamentos Caribey,medium,55,none,likely_new_candidate,yes
way/198178378,Hotel Albachiara,medium,55,none,likely_new_candidate,yes
way/198787989,Sublime Samana Hotel & Residences,medium,55,none,likely_new_candidate,yes
way/199921835,Gran Bahia Principe El Portillo,high,70,low,needs_research,yes
way/199921836,Hotel Palococo,medium,55,none,likely_new_candidate,yes
way/200927855,Cabañas Okey,medium,55,none,likely_new_candidate,yes
way/200927856,Cabañas Si o No,medium,55,none,likely_new_candidate,yes
way/200928828,Cabañas Costa Azul,medium,55,none,likely_new_candidate,yes
way/200930776,Cabañas Príncipe,medium,55,none,likely_new_candidate,yes
way/200931206,Cabañas Madrid,medium,55,none,likely_new_candidate,yes
way/200931207,Cabañas Bayadesa,medium,55,none,likely_new_candidate,yes
way/200933443,Cabañas Tía Tania,medium,55,none,likely_new_candidate,yes
way/200933444,Cabañas Hey,medium,55,none,likely_new_candidate,yes
way/200933445,Cabañas Preve,medium,55,none,likely_new_candidate,yes
way/201100083,Cabañas Chévere,medium,55,none,likely_new_candidate,yes
way/204089278,Casa Marina Beach & Reef,medium,65,low,needs_research,yes
way/206776565,Millenium,medium,55,none,likely_new_candidate,yes
way/207310964,Hotel San Jose,medium,55,none,likely_new_candidate,yes
way/213867957,Ciudad de Oro,medium,55,none,likely_new_candidate,yes
way/213870000,Cabañas Populares,medium,55,none,likely_new_candidate,yes
way/213871070,Cabañas Primavera,high,75,none,likely_new_candidate,yes
way/213871593,Florida,medium,55,none,likely_new_candidate,yes
way/214222991,Cabaña Nuevo Mundo,medium,55,none,likely_new_candidate,yes
way/221554173,Hotel Salida del Sol,medium,55,none,likely_new_candidate,yes
way/225437792,Grand Hotel,medium,65,none,likely_new_candidate,yes
way/228619815,Hotel Tropicana,medium,60,none,likely_new_candidate,yes
way/228692072,Hotel Aloha Sol,high,75,high,likely_existing,yes
way/228747277,Hotel Villa España,medium,55,none,likely_new_candidate,yes
way/232029893,Cabañas Miramar,medium,55,none,likely_new_candidate,yes
way/233060472,Sivory Punta Cana,medium,55,medium,likely_existing,yes
way/233446403,Hodelpa Gran Almirante,high,70,low,needs_research,yes
way/233515118,Hotel Platino,high,75,high,likely_existing,yes
way/236000172,Luxury Bahia Principe Samana,medium,55,low,needs_research,yes
way/245917690,Cabañas Monte Lola,medium,65,none,likely_new_candidate,yes
way/248236165,Cabañas La Paz,medium,55,none,likely_new_candidate,yes
way/249685175,Villa Pajon Ecolodge,medium,55,none,likely_new_candidate,yes
way/251860535,Quality Inn,medium,65,none,likely_new_candidate,yes
way/252828092,Vista Sol Punta Cana,medium,55,medium,likely_existing,yes
way/252975393,Green Coast,high,85,none,likely_new_candidate,yes
way/252975412,nh Hotels,medium,55,none,likely_new_candidate,yes
way/253121969,El Eden,medium,55,none,likely_new_candidate,yes
way/253123206,Catalonia Royal La Romana,high,80,medium,likely_existing,yes
way/253123207,Cadaques Caribe,medium,55,medium,likely_existing,yes
way/255788067,Hard Rock Hotel,medium,65,medium,likely_existing,yes
way/255806141,Barceló Dominican Beach,high,70,none,likely_new_candidate,yes
way/272974124,Melia Santo Domingo Hotel,high,85,low,needs_research,yes
way/273377518,Bahia Blanca,medium,55,none,likely_new_candidate,yes
way/279441521,Albatros Cabarete Apartahotel,medium,55,none,likely_new_candidate,yes
way/279441553,Kaoba Hotel,high,75,high,likely_existing,yes
way/284214289,Piergiorgio Palace Hotel,medium,55,none,likely_new_candidate,yes
way/307232015,The Hummingbird,high,70,none,likely_new_candidate,yes
way/309203833,JOIA Bávaro by Iberostar,high,100,high,likely_existing,yes
way/309203834,Ocean Blue & Sand,medium,55,medium,likely_existing,yes
way/309221481,VIK Hotel Arena Blanca,medium,55,none,likely_new_candidate,yes
way/309228608,Majestic Colonial Hotel,high,100,none,likely_new_candidate,yes
way/309228614,Majestic Elegance Punta Cana,high,100,high,likely_existing,yes
way/309243773,Punta Cana Princess All suites Hotel,medium,55,none,likely_new_candidate,yes
way/309243774,Tropical Princess Hotel,medium,55,none,likely_new_candidate,yes
way/309246410,Paradius Punta cana Hotel,medium,55,none,likely_new_candidate,yes
way/309247729,Paradius Punta Cana Hotel,medium,55,none,likely_new_candidate,yes
way/309248313,Bavaro Princess Hotel All suites Spa and Casino,high,80,none,likely_new_candidate,yes
way/309366606,Grand Palladium Punta Cana Resort & Spa,high,70,medium,likely_existing,yes
way/309367983,Grand Palladium palace resort hotel,medium,55,low,needs_research,yes
way/309368486,TRS Turquesa Hotel,medium,55,high,likely_existing,yes
way/310072877,Dreams Resort Hotel,medium,55,none,likely_new_candidate,yes
way/310074838,TIPICAS CASETAS HOTEL,medium,55,none,likely_new_candidate,yes
way/310075723,Grand Sirenis Punta Cana Resort,high,80,low,needs_research,yes
way/310076079,Excellence Punta Cana Hotel,medium,55,low,needs_research,yes
way/310436420,Grand Palladium Bavaro Hotel,medium,55,low,needs_research,yes
way/310436422,Occidental Grand Punta Cana Hotel,high,75,low,needs_research,yes
way/310694392,Real Intercontinental Hotel,high,75,none,likely_new_candidate,yes
way/312016532,Hotel Olimpo,medium,55,none,likely_new_candidate,yes
way/312016739,Hotel Frano,medium,55,none,likely_new_candidate,yes
way/312593390,Hodelpa Garden Court Hotel,high,90,medium,likely_existing,yes
way/313829668,Grand Paradise Samana,medium,55,none,likely_new_candidate,yes
way/315997821,Hotel Montemar,high,85,none,likely_new_candidate,yes
way/316385782,Hotel La Atac,medium,60,none,likely_new_candidate,yes
way/320381815,Blue JackTar,high,80,none,likely_new_candidate,yes
way/323830323,Iberostar Hacienda Dominicus,high,100,medium,likely_existing,yes
way/325724382,El Cabito,medium,55,none,likely_new_candidate,yes
way/328364682,Cabañas Campo Amor,medium,55,none,likely_new_candidate,yes
way/333932122,Hotel Diamante Azul,medium,60,none,likely_new_candidate,yes
way/334173540,Bellevue Dominican Bay,medium,55,high,likely_existing,yes
way/335856652,Hotel Breathless Punta Cana,medium,55,low,needs_research,yes
way/335856784,Dreams Punta Cana Resort & Spa,high,75,low,needs_research,yes
way/336698722,Aparta Hotel Turey,high,70,none,likely_new_candidate,yes
way/339752040,Hotel Caribe,medium,55,none,likely_new_candidate,yes
way/341067667,Hostal Doña Chava,high,70,none,likely_new_candidate,yes
way/342557503,Cabañas Ciudad Corazón,medium,55,none,likely_new_candidate,yes
way/342786288,Bahía Príncipe Playa Nueva La Romana,medium,55,low,needs_research,yes
way/344008918,Hotel La Cita,medium,55,none,likely_new_candidate,yes
way/344009786,Aurora del Sol,high,75,none,likely_new_candidate,yes
way/344193447,Hotel Súper,medium,55,none,likely_new_candidate,yes
way/359598125,JW Marriott Santo Domingo,high,100,medium,likely_existing,yes
way/361426122,Alto Caño Hondo,high,80,none,likely_new_candidate,yes
way/363761504,Casa del Mar Lodge Barahona,high,80,none,likely_new_candidate,yes
way/365721803,Hotel Baramar,medium,55,none,likely_new_candidate,yes
way/365721961,Gran Hotel Barahona,medium,55,none,likely_new_candidate,yes
way/373914205,Hotel El Crucero,medium,55,none,likely_new_candidate,yes
way/378375761,Holiday Inn,high,85,medium,likely_existing,yes
way/379027094,Hotel BQ;Vent W&P Santo Domingo,high,90,low,needs_research,yes
way/389775943,Hotel 8,medium,60,low,needs_research,yes
way/404174344,Westin,medium,65,low,needs_research,yes
way/404430604,Hotel Acuarium,high,75,none,likely_new_candidate,yes
way/406632312,Hotel Las Mercedes,medium,60,none,likely_new_candidate,yes
way/406641455,Hotel Discovery,medium,55,high,likely_existing,yes
way/406647744,Hotel Odette Colonial,medium,55,none,likely_new_candidate,yes
way/406649855,Quinta Dominica,medium,60,none,likely_new_candidate,yes
way/406649862,Hodelpa Caribe Colonial,medium,60,high,likely_existing,yes
way/406664905,Hotel Palacio,high,100,medium,likely_existing,yes
way/406678369,Doña Elvira,medium,60,medium,likely_existing,yes
way/406786247,Paseo Colonial,medium,60,none,likely_new_candidate,yes
way/406786249,Island Life Backpackers Hostel,high,70,none,likely_new_candidate,yes
way/406788867,Aparta hotel tiempo,high,70,none,likely_new_candidate,yes
way/406814141,Hotel Navarro,medium,60,none,likely_new_candidate,yes
way/406814144,Motel Xiniua,medium,60,none,likely_new_candidate,yes
way/406835730,Hotel Altagracia,medium,60,none,likely_new_candidate,yes
way/406862579,Casino Napolitano,medium,60,none,likely_new_candidate,yes
way/406991569,Hotel Europa Boutique,medium,55,low,needs_research,yes
way/406993692,Hotel Conde,medium,55,none,likely_new_candidate,yes
way/407005629,Hotel La Pista,medium,55,none,likely_new_candidate,yes
way/407006273,Hotel Duque de Wellington,high,70,none,likely_new_candidate,yes
way/407006274,Hotel El Navarro,high,70,none,likely_new_candidate,yes
way/407017172,Hotel Villa Capri,high,85,none,likely_new_candidate,yes
way/407036915,Blues House,medium,55,none,likely_new_candidate,yes
way/407043746,Hotel El Greco,high,75,none,likely_new_candidate,yes
way/407053188,Azzurra Aparta Hotel,high,75,none,likely_new_candidate,yes
way/407061877,Villa Sans-Saucy,high,75,none,likely_new_candidate,yes
way/407070409,Villa Elvis,high,75,none,likely_new_candidate,yes
way/407070411,Villa Capri,high,75,none,likely_new_candidate,yes
way/407075377,Calypso Beach Hotel,medium,55,none,likely_new_candidate,yes
way/407734431,Playa Marina,high,75,none,likely_new_candidate,yes
way/407739619,Hotel Mango,high,75,none,likely_new_candidate,yes
way/407741177,Hotel Riazor,medium,60,none,likely_new_candidate,yes
way/407741181,Hotel La Casona,medium,60,none,likely_new_candidate,yes
way/407742566,Hotel Renacer,medium,60,none,likely_new_candidate,yes
way/407755736,Cabañas Imperial,high,75,none,likely_new_candidate,yes
way/407755737,Horus Aparta Hotel,high,75,none,likely_new_candidate,yes
way/407777544,Nuevo Hotel San Jose,high,75,none,likely_new_candidate,yes
way/407777781,Mira Mar,medium,60,none,likely_new_candidate,yes
way/408013297,Hotel Noche de Travesura,medium,55,none,likely_new_candidate,yes
way/408316180,El Principe,medium,60,none,likely_new_candidate,yes
way/408316188,La Playa,medium,55,none,likely_new_candidate,yes
way/408443500,Hotel Buenos Aires,high,75,none,likely_new_candidate,yes
way/408443503,Hotel Las Colinas,high,75,none,likely_new_candidate,yes
way/408451325,Hotel Villa Campo,medium,60,none,likely_new_candidate,yes
way/408649164,Hotel Matum,high,75,low,needs_research,yes
way/408715484,Villas Aparta Hotel,high,75,none,likely_new_candidate,yes
way/408730341,Hotel Caribeno,high,75,none,likely_new_candidate,yes
way/408753404,Iberostar,high,75,none,likely_new_candidate,yes
way/408774923,Ramada,high,75,medium,likely_existing,yes
way/408930486,Motel la Economia,high,75,none,likely_new_candidate,yes
way/409588717,GAVA hostel,high,100,none,likely_new_candidate,yes
way/409588750,Hotel Conquistador,medium,60,none,likely_new_candidate,yes
way/409597539,Hotel Los Jardiness,medium,55,none,likely_new_candidate,yes
way/409872731,Micro Hotel,high,75,none,likely_new_candidate,yes
way/410064463,Queen Hotel,medium,60,none,likely_new_candidate,yes
way/410312680,Centrun,medium,55,none,likely_new_candidate,yes
way/410357299,Hotel Aladino,high,75,none,likely_new_candidate,yes
way/410364839,Hispañiola Hotel & Casino,high,75,high,likely_existing,yes
way/410659819,Hotel Farolito,high,75,none,likely_new_candidate,yes
way/411455781,Hotel el Encuento,medium,60,none,likely_new_candidate,yes
way/411497495,Hotel Bohechio,medium,55,none,likely_new_candidate,yes
way/411505517,Hotel La Solusion,medium,55,none,likely_new_candidate,yes
way/411505521,Hotel Omar,medium,55,none,likely_new_candidate,yes
way/411734313,Hotel El Sol,high,75,low,needs_research,yes
way/411769609,Hotel Aloha Sol,high,75,high,likely_existing,yes
way/411781544,Hotel Ahora,medium,55,none,likely_new_candidate,yes
way/411795151,La Fuente Del Placer,medium,55,none,likely_new_candidate,yes
way/411804452,Hotel Roma,medium,55,none,likely_new_candidate,yes
way/411818568,Hotel MI Cam Cam,medium,55,none,likely_new_candidate,yes
way/411829861,Cabanas Heaven's,medium,60,none,likely_new_candidate,yes
way/412115789,Cabana El Paraiso,medium,60,none,likely_new_candidate,yes
way/412118145,Cabañas Turisticas Vega Real,medium,60,none,likely_new_candidate,yes
way/412160588,Roland Hotel,medium,55,none,likely_new_candidate,yes
way/412174508,Villa Verde,high,75,none,likely_new_candidate,yes
way/412477056,Galaxy Aparta Hotel,medium,60,none,likely_new_candidate,yes
way/412768374,Hotel Embajador,medium,60,none,likely_new_candidate,yes
way/412787474,Hotel,medium,60,none,likely_new_candidate,yes
way/412845223,Hotel El Tunel,medium,60,none,likely_new_candidate,yes
way/412852670,Hotel La Sonrisa,high,75,none,likely_new_candidate,yes
way/413385765,Cabañas Horny,high,75,none,likely_new_candidate,yes
way/413389795,Hotel Madre Vieja,high,75,none,likely_new_candidate,yes
way/413438539,Hotel el Subway,high,75,none,likely_new_candidate,yes
way/413442278,Hotel Internacional,medium,55,none,likely_new_candidate,yes
way/413701758,Hotel Saoco,medium,60,none,likely_new_candidate,yes
way/413957007,Hotel Zitro,high,75,none,likely_new_candidate,yes
way/413970591,Tin Vale Hotel,medium,60,none,likely_new_candidate,yes
way/413985303,Hotel Galaxia,medium,60,none,likely_new_candidate,yes
way/413985306,Hotel El Metro,medium,60,none,likely_new_candidate,yes
way/413985307,Hotel Mega,medium,60,none,likely_new_candidate,yes
way/413993138,Hotel El Rey,high,75,none,likely_new_candidate,yes
way/414021694,Hotel MiraSol,high,75,none,likely_new_candidate,yes
way/414225247,Hotel Pegasus,high,75,none,likely_new_candidate,yes
way/414225266,Hotel Con Parqueo La Potencia,high,75,none,likely_new_candidate,yes
way/414258694,Hotel Familiar San Pedro,high,75,none,likely_new_candidate,yes
way/414258697,Hotel Real,high,75,none,likely_new_candidate,yes
way/414264724,Hotel del Valle,high,75,none,likely_new_candidate,yes
way/414264738,Hotel Don Marío,high,75,none,likely_new_candidate,yes
way/414264741,Hotel La Diosa,high,75,none,likely_new_candidate,yes
way/414499936,Hotel Asia,medium,55,none,likely_new_candidate,yes
way/429004654,Motel el Conford,medium,55,none,likely_new_candidate,yes
way/435204201,Rancho La Aurora,medium,55,none,likely_new_candidate,yes
way/439195501,Charming Countryside Chalet,high,80,none,likely_new_candidate,yes
way/471926026,Grand Bahia Principe Turquesa,medium,55,high,likely_existing,yes
way/476739407,Hotel Riu Republica,high,100,none,likely_new_candidate,yes
way/478120842,Hotel Cervantes,high,75,none,likely_new_candidate,yes
way/493317106,Hotel Santa Cruz,medium,55,none,likely_new_candidate,yes
way/506588705,Posada Doña Cuca,high,75,none,likely_new_candidate,yes
way/516518775,Hotel La Esperanza,medium,55,none,likely_new_candidate,yes
way/529318923,Hostal Ganesh,high,100,none,likely_new_candidate,yes
way/539003044,Bahía Príncipe Bouganville,medium,55,medium,likely_existing,yes
way/540475898,Dreams Dominicus La Romana,high,95,high,likely_existing,yes
way/540477320,Building 64,medium,55,none,likely_new_candidate,yes
way/545028233,Hotel Casa Hemingway,medium,65,high,likely_existing,yes
way/552675343,Hostal Los Jensen,high,75,none,likely_new_candidate,yes
way/557516096,Hotel Maguana,medium,55,none,likely_new_candidate,yes
way/574588488,Hotel Frescor del Valle,high,85,none,likely_new_candidate,yes
way/597361865,Lopesan Costa Bávaro Resort & Spa,high,100,medium,likely_existing,yes
way/630842152,Hotal San Francisco de Asis,high,100,none,likely_new_candidate,yes
way/652498669,Coop Marena Beach Resort,medium,65,low,needs_research,yes
way/658281870,Hotel Víctor,medium,55,none,likely_new_candidate,yes
way/659053800,Viva Wyndham Tangerine,medium,55,none,likely_new_candidate,yes
way/663326875,Tio Pan,medium,55,none,likely_new_candidate,yes
way/675403679,The Westin Punta Cana - Resort & Club,high,85,low,needs_research,yes
way/677625141,Secrets Cap Cana Resort & Spa,medium,55,low,needs_research,yes
way/703236980,Casa de Huespedes Colonial,high,75,none,likely_new_candidate,yes
way/711650078,Nickelodeon Hotels & Resorts Punta Cana,high,100,low,needs_research,yes
way/711650079,Nickelodeon Hotels & Resorts Punta Cana,high,100,low,needs_research,yes
way/719001962,Hotel La Loma,medium,55,none,likely_new_candidate,yes
way/725164689,Hotel Verano,medium,55,none,likely_new_candidate,yes
way/725185633,Hotel El Calvito,medium,55,none,likely_new_candidate,yes
way/730848313,Hotel Solaz,medium,65,none,likely_new_candidate,yes
way/758630613,Casa de Campo Resort & Villas,high,85,high,likely_existing,yes
way/759223343,Sunscapes Dominicus La Romana,high,80,low,needs_research,yes
way/760705299,Centro de Visitantes Edwin Gómez,high,85,none,likely_new_candidate,yes
way/763219336,Complejo Ecoturistico Sereno de la Montaña,high,85,none,likely_new_candidate,yes
way/808528117,Villa Lazy Heart Estate,medium,55,none,likely_new_candidate,yes
way/832414902,Residencial Imperial III,medium,55,none,likely_new_candidate,yes
way/832414903,Residencial Imperial III,medium,55,none,likely_new_candidate,yes
way/832414904,Residencial Imperial III,medium,55,none,likely_new_candidate,yes
way/839743880,Hotel Daymond Blue,medium,55,none,likely_new_candidate,yes
way/864800927,Hotel Mira Cielo,medium,55,none,likely_new_candidate,yes
way/864800928,Hotel Mira Cielo,medium,55,none,likely_new_candidate,yes
way/865148595,Hotel el Nilo,medium,55,none,likely_new_candidate,yes
way/867033378,Hotel Don Carlos,medium,55,none,likely_new_candidate,yes
way/922804087,Villa Mare,medium,60,none,likely_new_candidate,yes
way/924379382,Whala Bavaro,medium,55,none,likely_new_candidate,yes
way/924721750,hm Bavaro Beach,medium,60,high,likely_existing,yes
way/932606727,Rancho Wendy,medium,55,none,likely_new_candidate,yes
way/975017774,Viva Wyndham V Samana,medium,55,none,likely_new_candidate,yes
way/984765914,El Pulpo,high,80,none,likely_new_candidate,yes
way/990444153,Luiggi Hostel,medium,55,none,likely_new_candidate,yes
way/1006947117,Hotel Art Villa Dominicana,medium,55,none,likely_new_candidate,yes
way/1028688029,Apartahotel Costa Love,medium,55,none,likely_new_candidate,yes
way/1040966966,Hodelpa Garden Suites Golf & Convention Center,high,80,high,likely_existing,yes
way/1042852813,Whala Bayahibe 4*,high,75,none,likely_new_candidate,yes
way/1059114266,Be Live,medium,65,none,likely_new_candidate,yes
way/1059703258,Be Live Collection,medium,65,none,likely_new_candidate,yes
way/1059703293,Be Live Collection,medium,65,none,likely_new_candidate,yes
way/1059737733,Be Live Collection,medium,65,none,likely_new_candidate,yes
way/1059869803,Be Live Collection,medium,65,none,likely_new_candidate,yes
way/1060027594,Be Live,medium,65,none,likely_new_candidate,yes
way/1060027620,Be Live,medium,65,none,likely_new_candidate,yes
way/1060027624,Be Live,medium,65,none,likely_new_candidate,yes
way/1060027632,Be Live,medium,65,none,likely_new_candidate,yes
way/1060027633,Be Live,medium,65,none,likely_new_candidate,yes
way/1069434427,Villas Montelindo,medium,65,none,likely_new_candidate,yes
way/1100682889,La Tia Hotel Restaurant,medium,55,none,likely_new_candidate,yes
way/1134831880,Villas CODEVI,high,100,none,likely_new_candidate,yes
way/1140614121,Hotel Rosan Ruiz,high,70,none,likely_new_candidate,yes
way/1140614122,D Pravia Hotel,high,70,none,likely_new_candidate,yes
way/1140614123,Hotel El Centro,high,70,none,likely_new_candidate,yes
way/1140614124,Hotel Hermanos Bernabel,high,70,none,likely_new_candidate,yes
way/1162100225,Apartahotel La Olas,medium,55,none,likely_new_candidate,yes
way/1177931404,Finest Resort,medium,55,none,likely_new_candidate,yes
way/1197566838,Villa Scooby,high,80,none,likely_new_candidate,yes
way/1215168596,Villa Flor de Cabrera,medium,55,none,likely_new_candidate,yes
way/1227930271,Hotel Diosi,high,85,none,likely_new_candidate,yes
way/1227930445,Hotel Mi Descanso,high,75,none,likely_new_candidate,yes
way/1335121325,Ocean El Faro,high,100,medium,likely_existing,yes
way/1344798573,"The Ocean Club, a Luxury Collection Resort",high,100,low,needs_research,yes
way/1359398349,Royalton Chic Punta Cana,high,100,medium,likely_existing,yes
way/1359398359,Live Aqua,high,75,medium,likely_existing,yes
way/1375108124,Courtyard Marriott,medium,65,none,likely_new_candidate,yes
way/1476067942,Hotel Plaza Kávia,medium,65,none,likely_new_candidate,yes
way/1486163951,Hotel Anselmo,high,100,none,likely_new_candidate,yes
way/1499796372,Hotel San Gabriel,medium,55,none,likely_new_candidate,yes
way/1500058990,El Guarua,medium,55,none,likely_new_candidate,yes
relation/1922795,Hotel Riu Palace Bavaro,high,100,high,likely_existing,yes
relation/16403388,Vista Sol Punta Cana,medium,55,medium,likely_existing,yes
