page_tab_section,ui_label,frontend_field_key_name_id,expected_airtable_table,expected_airtable_field,api_route_used_to_save,request_payload_key,response_payload_key,save_currently_implemented,persists_after_refresh,loads_existing_values,validation_present,select_option_consistency,disconnected_or_mock_risk,mismatch_issue,evidence_current_source,evidence_prior_report,conflict_prior_vs_current,confirmation_status
Profile & Positioning / Operator Quick Facts,yearEstablished,—,Needs Review,Year Established,/api/third-party-operator-intake,—,"recordId, fields.companyName, fields.email",No/Unclear,Needs runtime validation,Needs runtime validation,No/Unclear,Needs Review,High,UI key not in new-base build-sheet mapping,Current UI + writer/build-sheet scan,operator-explorer-dna-ui-field-registry.csv,Prior report says linked; current mapping not found,Needs Review
Profile & Positioning / Operator Quick Facts,website,—,Needs Review,Website,/api/third-party-operator-intake,—,"recordId, fields.companyName, fields.email",No/Unclear,Needs runtime validation,Needs runtime validation,No/Unclear,Needs Review,High,UI key not in new-base build-sheet mapping,Current UI + writer/build-sheet scan,operator-explorer-dna-ui-field-registry.csv,Prior report says linked; current mapping not found,Needs Review
Profile & Positioning / Operator Quick Facts,totalEmployees / companySize,—,Needs Review,Company Size,/api/third-party-operator-intake,—,"recordId, fields.companyName, fields.email",No/Unclear,Needs runtime validation,Needs runtime validation,No/Unclear,Needs Review,High,UI key not in new-base build-sheet mapping,Current UI + writer/build-sheet scan,operator-explorer-dna-ui-field-registry.csv,Prior report says linked; current mapping not found,Needs Review
Profile & Positioning / Operator Quick Facts,"totalProperties, totalRooms, minPropertySize, maxPropertySize",—,Needs Review,—,/api/third-party-operator-intake,—,"recordId, fields.companyName, fields.email",No/Unclear,Needs runtime validation,Needs runtime validation,No/Unclear,Needs Review,High,UI key not in new-base build-sheet mapping,Current UI + writer/build-sheet scan,operator-explorer-dna-ui-field-registry.csv,,Needs Review
Profile & Positioning / Operator Quick Facts,primaryServiceModel,—,Needs Review,Primary Service Model,/api/third-party-operator-intake,—,"recordId, fields.companyName, fields.email",No/Unclear,Needs runtime validation,Needs runtime validation,No/Unclear,Needs Review,High,UI key not in new-base build-sheet mapping,Current UI + writer/build-sheet scan,operator-explorer-dna-ui-field-registry.csv,Prior report says linked; current mapping not found,Needs Review
Profile & Positioning / Operator Quick Facts,managementStructuresSupported,managementStructuresSupported,Operator Setup - Commercial Fit & Terms,Management Structures Supported,/api/third-party-operator-intake,managementStructuresSupported,"recordId, fields.companyName, fields.email",Yes/Partial,Needs runtime validation,Needs runtime validation,No/Unclear,Needs Review,Low/Medium,,Current UI + writer/build-sheet scan,operator-explorer-dna-ui-field-registry.csv,,Partially Confirmed
Profile & Positioning / Operator Quick Facts,typicalAgreement,—,Needs Review,—,/api/third-party-operator-intake,—,"recordId, fields.companyName, fields.email",No/Unclear,Needs runtime validation,Needs runtime validation,No/Unclear,Needs Review,High,UI key not in new-base build-sheet mapping,Current UI + writer/build-sheet scan,operator-explorer-dna-ui-field-registry.csv,,Needs Review
Profile & Positioning / Operator Quick Facts,dataConfidenceLevel,dataConfidenceLevel,Needs Review,Data Confidence Level,/api/third-party-operator-intake,dataConfidenceLevel,"recordId, fields.companyName, fields.email",Yes/Partial,Needs runtime validation,Needs runtime validation,Yes/Partial,Needs Review,Low/Medium,,Current UI + writer/build-sheet scan,operator-explorer-dna-ui-field-registry.csv,,Needs Review
Profile & Positioning / Company Story & Positioning,companyHistory,—,Needs Review,—,/api/third-party-operator-intake,—,"recordId, fields.companyName, fields.email",No/Unclear,Needs runtime validation,Needs runtime validation,No/Unclear,Needs Review,High,UI key not in new-base build-sheet mapping,Current UI + writer/build-sheet scan,operator-explorer-dna-ui-field-registry.csv,Prior report says linked; current mapping not found,Needs Review
Profile & Positioning / Company Story & Positioning,differentiators,—,Needs Review,—,/api/third-party-operator-intake,—,"recordId, fields.companyName, fields.email",No/Unclear,Needs runtime validation,Needs runtime validation,No/Unclear,Needs Review,High,UI key not in new-base build-sheet mapping,Current UI + writer/build-sheet scan,operator-explorer-dna-ui-field-registry.csv,Prior report says linked; current mapping not found,Needs Review
Profile & Positioning / Company Story & Positioning,managementPhilosophy,—,Needs Review,—,/api/third-party-operator-intake,—,"recordId, fields.companyName, fields.email",No/Unclear,Needs runtime validation,Needs runtime validation,No/Unclear,Needs Review,High,UI key not in new-base build-sheet mapping,Current UI + writer/build-sheet scan,operator-explorer-dna-ui-field-registry.csv,Prior report says linked; current mapping not found,Needs Review
Profile & Positioning / Company Story & Positioning,missionStatement,—,Needs Review,—,/api/third-party-operator-intake,—,"recordId, fields.companyName, fields.email",No/Unclear,Needs runtime validation,Needs runtime validation,No/Unclear,Needs Review,High,UI key not in new-base build-sheet mapping,Current UI + writer/build-sheet scan,operator-explorer-dna-ui-field-registry.csv,Prior report says linked; current mapping not found,Needs Review
Profile & Positioning / What They Are Best At,overview_bestat_1_headline,skipped,Needs Review,—,/api/third-party-operator-intake,skipped,"recordId, fields.companyName, fields.email",No/Unclear,Needs runtime validation,Needs runtime validation,No/Unclear,Needs Review,High,UI key not in new-base build-sheet mapping,Current UI + writer/build-sheet scan,operator-explorer-dna-ui-field-registry.csv,,Needs Review
Profile & Positioning / What They Are Best At,overview_bestat_1_story,skipped,Needs Review,—,/api/third-party-operator-intake,skipped,"recordId, fields.companyName, fields.email",No/Unclear,Needs runtime validation,Needs runtime validation,No/Unclear,Needs Review,High,UI key not in new-base build-sheet mapping,Current UI + writer/build-sheet scan,operator-explorer-dna-ui-field-registry.csv,,Needs Review
Profile & Positioning / What They Are Best At,overview_bestat_2_*,skipped,Needs Review,—,/api/third-party-operator-intake,skipped,"recordId, fields.companyName, fields.email",No/Unclear,Needs runtime validation,Needs runtime validation,No/Unclear,Needs Review,High,UI key not in new-base build-sheet mapping,Current UI + writer/build-sheet scan,operator-explorer-dna-ui-field-registry.csv,,Needs Review
Profile & Positioning / What They Are Best At,overview_bestat_3_*,skipped,Needs Review,—,/api/third-party-operator-intake,skipped,"recordId, fields.companyName, fields.email",No/Unclear,Needs runtime validation,Needs runtime validation,No/Unclear,Needs Review,High,UI key not in new-base build-sheet mapping,Current UI + writer/build-sheet scan,operator-explorer-dna-ui-field-registry.csv,,Needs Review
Profile & Positioning / Why Owners Consider This Operator,overview_why_1_headline,skipped,Needs Review,—,/api/third-party-operator-intake,skipped,"recordId, fields.companyName, fields.email",No/Unclear,Needs runtime validation,Needs runtime validation,No/Unclear,Needs Review,High,UI key not in new-base build-sheet mapping,Current UI + writer/build-sheet scan,operator-explorer-dna-ui-field-registry.csv,,Needs Review
Profile & Positioning / Why Owners Consider This Operator,overview_why_1_story,skipped,Needs Review,—,/api/third-party-operator-intake,skipped,"recordId, fields.companyName, fields.email",No/Unclear,Needs runtime validation,Needs runtime validation,No/Unclear,Needs Review,High,UI key not in new-base build-sheet mapping,Current UI + writer/build-sheet scan,operator-explorer-dna-ui-field-registry.csv,,Needs Review
Profile & Positioning / Why Owners Consider This Operator,overview_why_2_*,skipped,Needs Review,—,/api/third-party-operator-intake,skipped,"recordId, fields.companyName, fields.email",No/Unclear,Needs runtime validation,Needs runtime validation,No/Unclear,Needs Review,High,UI key not in new-base build-sheet mapping,Current UI + writer/build-sheet scan,operator-explorer-dna-ui-field-registry.csv,,Needs Review
Profile & Positioning / Why Owners Consider This Operator,overview_why_3_*,skipped,Needs Review,—,/api/third-party-operator-intake,skipped,"recordId, fields.companyName, fields.email",No/Unclear,Needs runtime validation,Needs runtime validation,No/Unclear,Needs Review,High,UI key not in new-base build-sheet mapping,Current UI + writer/build-sheet scan,operator-explorer-dna-ui-field-registry.csv,,Needs Review
Profile & Positioning / Best-Fit Owner / Project Profile (overview),bf_fit_criteria_json,bf_fit_criteria_json,Operator Setup - Commercial Fit & Terms,bf_fit_criteria_json,/api/third-party-operator-intake,bf_fit_criteria_json,"recordId, fields.companyName, fields.email",Yes/Partial,Needs runtime validation,Needs runtime validation,No/Unclear,Needs Review,Low/Medium,,Current UI + writer/build-sheet scan,operator-explorer-dna-ui-field-registry.csv,,Partially Confirmed
Profile & Positioning / Best-Fit Owner / Project Profile (overview),"bestFitGeographies, priorityMarkets",—,Needs Review,—,/api/third-party-operator-intake,—,"recordId, fields.companyName, fields.email",No/Unclear,Needs runtime validation,Needs runtime validation,No/Unclear,Needs Review,High,UI key not in new-base build-sheet mapping,Current UI + writer/build-sheet scan,operator-explorer-dna-ui-field-registry.csv,,Needs Review
Profile & Positioning / Best-Fit Owner / Project Profile (overview),bf_selected_asset_types,bf_selected_asset_types,Operator Setup - Commercial Fit & Terms,bf_selected_asset_types,/api/third-party-operator-intake,bf_selected_asset_types,"recordId, fields.companyName, fields.email",Yes/Partial,Needs runtime validation,Needs runtime validation,No/Unclear,Needs Review,Low/Medium,,Current UI + writer/build-sheet scan,operator-explorer-dna-ui-field-registry.csv,,Partially Confirmed
Profile & Positioning / Best-Fit Owner / Project Profile (overview),bestFitOwnerTypes,—,Needs Review,—,/api/third-party-operator-intake,—,"recordId, fields.companyName, fields.email",No/Unclear,Needs runtime validation,Needs runtime validation,No/Unclear,Needs Review,High,UI key not in new-base build-sheet mapping,Current UI + writer/build-sheet scan,operator-explorer-dna-ui-field-registry.csv,,Needs Review
Profile & Positioning / Best-Fit Owner / Project Profile (overview),bf_selected_situation_types,bf_selected_situation_types,Operator Setup - Commercial Fit & Terms,bf_selected_situation_types,/api/third-party-operator-intake,bf_selected_situation_types,"recordId, fields.companyName, fields.email",Yes/Partial,Needs runtime validation,Needs runtime validation,No/Unclear,Needs Review,Low/Medium,,Current UI + writer/build-sheet scan,operator-explorer-dna-ui-field-registry.csv,,Partially Confirmed
Profile & Positioning / Best-Fit Owner / Project Profile (overview),bf_not_ideal_for,bf_not_ideal_for,Operator Setup - Commercial Fit & Terms,bf_not_ideal_for,/api/third-party-operator-intake,bf_not_ideal_for,"recordId, fields.companyName, fields.email",Yes/Partial,Needs runtime validation,Needs runtime validation,No/Unclear,Needs Review,Low/Medium,,Current UI + writer/build-sheet scan,operator-explorer-dna-ui-field-registry.csv,,Partially Confirmed
Profile & Positioning / Leadership Snapshot,leadershipTeam[],—,Needs Review,—,/api/third-party-operator-intake,—,"recordId, fields.companyName, fields.email",No/Unclear,Needs runtime validation,Needs runtime validation,No/Unclear,Needs Review,High,UI key not in new-base build-sheet mapping,Current UI + writer/build-sheet scan,operator-explorer-dna-ui-field-registry.csv,Prior report says linked; current mapping not found,Needs Review
Profile & Positioning / Recognition,certifications,—,Needs Review,Certifications,/api/third-party-operator-intake,—,"recordId, fields.companyName, fields.email",No/Unclear,Needs runtime validation,Needs runtime validation,No/Unclear,Needs Review,High,UI key not in new-base build-sheet mapping,Current UI + writer/build-sheet scan,operator-explorer-dna-ui-field-registry.csv,Prior report says linked; current mapping not found,Needs Review
Profile & Positioning / Recognition,industryRecognition,—,Needs Review,—,/api/third-party-operator-intake,—,"recordId, fields.companyName, fields.email",No/Unclear,Needs runtime validation,Needs runtime validation,No/Unclear,Needs Review,High,UI key not in new-base build-sheet mapping,Current UI + writer/build-sheet scan,operator-explorer-dna-ui-field-registry.csv,Prior report says linked; current mapping not found,Needs Review
Profile & Positioning / Recognition,achievements / notableAchievements,—,Needs Review,—,/api/third-party-operator-intake,—,"recordId, fields.companyName, fields.email",No/Unclear,Needs runtime validation,Needs runtime validation,No/Unclear,Needs Review,High,UI key not in new-base build-sheet mapping,Current UI + writer/build-sheet scan,operator-explorer-dna-ui-field-registry.csv,Prior report says linked; current mapping not found,Needs Review
Operating Platform / Operating Platform (KPI snapshot),revenueManagementCapability,revenueManagementCapability,"Operator Setup - Governance, Delivery & Diligence",Revenue Management Capability,/api/third-party-operator-intake,revenueManagementCapability,"recordId, fields.companyName, fields.email",Yes/Partial,Needs runtime validation,Needs runtime validation,No/Unclear,Needs Review,Low/Medium,,Current UI + writer/build-sheet scan,operator-explorer-dna-ui-field-registry.csv,,Partially Confirmed
Operating Platform / Operating Platform (KPI snapshot),ownerReportingLevel,ownerReportingLevel,"Operator Setup - Governance, Delivery & Diligence",Owner Reporting Level,/api/third-party-operator-intake,ownerReportingLevel,"recordId, fields.companyName, fields.email",Yes/Partial,Needs runtime validation,Needs runtime validation,No/Unclear,Needs Review,Low/Medium,,Current UI + writer/build-sheet scan,operator-explorer-dna-ui-field-registry.csv,,Partially Confirmed
Operating Platform / Operating Platform (KPI snapshot),cap_kpi_reporting,cap_kpi_reporting,Operator Setup - Platform & Markets,cap_kpi_reporting,/api/third-party-operator-intake,cap_kpi_reporting,"recordId, fields.companyName, fields.email",Yes/Partial,Needs runtime validation,Needs runtime validation,No/Unclear,Needs Review,Low/Medium,,Current UI + writer/build-sheet scan,operator-explorer-dna-ui-field-registry.csv,,Partially Confirmed
Operating Platform / Operating Platform (KPI snapshot),preOpeningSupportCapability,preOpeningSupportCapability,Operator Setup - Commercial Fit & Terms,Pre-Opening Support Capability,/api/third-party-operator-intake,preOpeningSupportCapability,"recordId, fields.companyName, fields.email",Yes/Partial,Needs runtime validation,Needs runtime validation,No/Unclear,Needs Review,Low/Medium,,Current UI + writer/build-sheet scan,operator-explorer-dna-ui-field-registry.csv,,Partially Confirmed
Operating Platform / Operating Platform (KPI snapshot),cap_kpi_transition,cap_kpi_transition,Operator Setup - Platform & Markets,cap_kpi_transition,/api/third-party-operator-intake,cap_kpi_transition,"recordId, fields.companyName, fields.email",Yes/Partial,Needs runtime validation,Needs runtime validation,No/Unclear,Needs Review,Low/Medium,,Current UI + writer/build-sheet scan,operator-explorer-dna-ui-field-registry.csv,,Partially Confirmed
Operating Platform / Operating Platform (KPI snapshot),conversionReflagExperience,conversionReflagExperience,Operator Setup - Commercial Fit & Terms,Conversion / Reflag Experience,/api/third-party-operator-intake,conversionReflagExperience,"recordId, fields.companyName, fields.email",Yes/Partial,Needs runtime validation,Needs runtime validation,No/Unclear,Needs Review,Low/Medium,,Current UI + writer/build-sheet scan,operator-explorer-dna-ui-field-registry.csv,,Partially Confirmed
Operating Platform / Operating Platform (KPI snapshot),fbCapabilityLevel / fBCapabilityLevel,fbCapabilityLevel,"Operator Setup - Governance, Delivery & Diligence",F&B Capability Level,/api/third-party-operator-intake,fbCapabilityLevel,"recordId, fields.companyName, fields.email",Yes/Partial,Needs runtime validation,Needs runtime validation,No/Unclear,Needs Review,Low/Medium,,Current UI + writer/build-sheet scan,operator-explorer-dna-ui-field-registry.csv,,Partially Confirmed
Operating Platform / Commercial Engine (pillar tiles),op_commercial_engine_json,op_commercial_engine_json,Operator Setup - Platform & Markets,op_commercial_engine_json,/api/third-party-operator-intake,op_commercial_engine_json,"recordId, fields.companyName, fields.email",Yes/Partial,Needs runtime validation,Needs runtime validation,No/Unclear,Needs Review,Low/Medium,,Current UI + writer/build-sheet scan,operator-explorer-dna-ui-field-registry.csv,,Partially Confirmed
Operating Platform / Commercial Engine (pillar tiles),cap_profile_commercial,cap_profile_commercial,Operator Setup - Platform & Markets,cap_profile_commercial,/api/third-party-operator-intake,cap_profile_commercial,"recordId, fields.companyName, fields.email",Yes/Partial,Needs runtime validation,Needs runtime validation,No/Unclear,Needs Review,Low/Medium,,Current UI + writer/build-sheet scan,operator-explorer-dna-ui-field-registry.csv,,Partially Confirmed
Operating Platform / Commercial Engine (pillar tiles),offeredServices,offeredServices,"Operator Setup - Governance, Delivery & Diligence",Offered Services,/api/third-party-operator-intake,offeredServices,"recordId, fields.companyName, fields.email",Yes/Partial,Needs runtime validation,Needs runtime validation,No/Unclear,Needs Review,Low/Medium,,Current UI + writer/build-sheet scan,operator-explorer-dna-ui-field-registry.csv,,Partially Confirmed
Operating Platform / Owner Reporting & Communication,op_owner_reporting_json,op_owner_reporting_json,Operator Setup - Platform & Markets,op_owner_reporting_json,/api/third-party-operator-intake,op_owner_reporting_json,"recordId, fields.companyName, fields.email",Yes/Partial,Needs runtime validation,Needs runtime validation,No/Unclear,Needs Review,Low/Medium,,Current UI + writer/build-sheet scan,operator-explorer-dna-ui-field-registry.csv,,Partially Confirmed
Operating Platform / Owner Reporting & Communication,cap_card_governance,cap_card_governance,Operator Setup - Platform & Markets,cap_card_governance,/api/third-party-operator-intake,cap_card_governance,"recordId, fields.companyName, fields.email",Yes/Partial,Needs runtime validation,Needs runtime validation,No/Unclear,Needs Review,Low/Medium,,Current UI + writer/build-sheet scan,operator-explorer-dna-ui-field-registry.csv,,Partially Confirmed
Operating Platform / Pre-Opening & Transition Support,op_preopening_transition_json,op_preopening_transition_json,Operator Setup - Platform & Markets,op_preopening_transition_json,/api/third-party-operator-intake,op_preopening_transition_json,"recordId, fields.companyName, fields.email",Yes/Partial,Needs runtime validation,Needs runtime validation,No/Unclear,Needs Review,Low/Medium,,Current UI + writer/build-sheet scan,operator-explorer-dna-ui-field-registry.csv,,Partially Confirmed
Operating Platform / Pre-Opening & Transition Support,cap_profile_transition,cap_profile_transition,Operator Setup - Platform & Markets,cap_profile_transition,/api/third-party-operator-intake,cap_profile_transition,"recordId, fields.companyName, fields.email",Yes/Partial,Needs runtime validation,Needs runtime validation,No/Unclear,Needs Review,Low/Medium,,Current UI + writer/build-sheet scan,operator-explorer-dna-ui-field-registry.csv,,Partially Confirmed
Operating Platform / Conversion & Repositioning,op_conversion_repositioning_json,op_conversion_repositioning_json,Operator Setup - Platform & Markets,op_conversion_repositioning_json,/api/third-party-operator-intake,op_conversion_repositioning_json,"recordId, fields.companyName, fields.email",Yes/Partial,Needs runtime validation,Needs runtime validation,No/Unclear,Needs Review,Low/Medium,,Current UI + writer/build-sheet scan,operator-explorer-dna-ui-field-registry.csv,,Partially Confirmed
Operating Platform / Conversion & Repositioning,cap_deep_revenue_systems,cap_deep_revenue_systems,Operator Setup - Platform & Markets,cap_deep_revenue_systems,/api/third-party-operator-intake,cap_deep_revenue_systems,"recordId, fields.companyName, fields.email",Yes/Partial,Needs runtime validation,Needs runtime validation,No/Unclear,Needs Review,Low/Medium,,Current UI + writer/build-sheet scan,operator-explorer-dna-ui-field-registry.csv,,Partially Confirmed
"Operating Platform / F&B, Lifestyle & Resort Capability",op_fb_lifestyle_resort_json,op_fb_lifestyle_resort_json,Operator Setup - Platform & Markets,op_fb_lifestyle_resort_json,/api/third-party-operator-intake,op_fb_lifestyle_resort_json,"recordId, fields.companyName, fields.email",Yes/Partial,Needs runtime validation,Needs runtime validation,No/Unclear,Needs Review,Low/Medium,,Current UI + writer/build-sheet scan,operator-explorer-dna-ui-field-registry.csv,,Partially Confirmed
"Operating Platform / F&B, Lifestyle & Resort Capability",cap_card_service_diff,cap_card_service_diff,Operator Setup - Platform & Markets,cap_card_service_diff,/api/third-party-operator-intake,cap_card_service_diff,"recordId, fields.companyName, fields.email",Yes/Partial,Needs runtime validation,Needs runtime validation,No/Unclear,Needs Review,Low/Medium,,Current UI + writer/build-sheet scan,operator-explorer-dna-ui-field-registry.csv,,Partially Confirmed
Brand & Relationships / Brand & Relationship Snapshot (KPIs),"numberOfBrands, brands[]",—,Needs Review,—,/api/third-party-operator-intake,—,"recordId, fields.companyName, fields.email",No/Unclear,Needs runtime validation,Needs runtime validation,No/Unclear,Needs Review,High,UI key not in new-base build-sheet mapping,Current UI + writer/build-sheet scan,operator-explorer-dna-ui-field-registry.csv,,Needs Review
Brand & Relationships / Brand & Relationship Snapshot (KPIs),brand_portfolio_mix_json,brand_portfolio_mix_json,Operator Setup - Profile & Positioning,brand_portfolio_mix_json,/api/third-party-operator-intake,brand_portfolio_mix_json,"recordId, fields.companyName, fields.email",Yes/Partial,Needs runtime validation,Needs runtime validation,No/Unclear,Needs Review,Low/Medium,,Current UI + writer/build-sheet scan,operator-explorer-dna-ui-field-registry.csv,,Partially Confirmed
Brand & Relationships / Brand & Relationship Snapshot (KPIs),brandedVsIndependentMix,brandedVsIndependentMix,Operator Setup - Profile & Positioning,brandedVsIndependentMix,/api/third-party-operator-intake,brandedVsIndependentMix,"recordId, fields.companyName, fields.email",Yes/Partial,Needs runtime validation,Needs runtime validation,No/Unclear,Needs Review,Low/Medium,,Current UI + writer/build-sheet scan,operator-explorer-dna-ui-field-registry.csv,,Partially Confirmed
Brand & Relationships / Brand & Relationship Snapshot (KPIs),brand_conversion_project_count,—,Needs Review,—,/api/third-party-operator-intake,—,"recordId, fields.companyName, fields.email",No/Unclear,Needs runtime validation,Needs runtime validation,No/Unclear,Needs Review,High,UI key not in new-base build-sheet mapping,Current UI + writer/build-sheet scan,operator-explorer-dna-ui-field-registry.csv,,Needs Review
Brand & Relationships / Brand & Relationship Snapshot (KPIs),brand_signal_reflag,brand_signal_reflag,Operator Setup - Profile & Positioning,brand_signal_reflag,/api/third-party-operator-intake,brand_signal_reflag,"recordId, fields.companyName, fields.email",Yes/Partial,Needs runtime validation,Needs runtime validation,No/Unclear,Needs Review,Low/Medium,,Current UI + writer/build-sheet scan,operator-explorer-dna-ui-field-registry.csv,,Partially Confirmed
Brand & Relationships / Brand & Relationship Snapshot (KPIs),brand_relationship_depth_json,brand_relationship_depth_json,Operator Setup - Profile & Positioning,brand_relationship_depth_json,/api/third-party-operator-intake,brand_relationship_depth_json,"recordId, fields.companyName, fields.email",Yes/Partial,Needs runtime validation,Needs runtime validation,No/Unclear,Needs Review,Low/Medium,,Current UI + writer/build-sheet scan,operator-explorer-dna-ui-field-registry.csv,,Partially Confirmed
Brand & Relationships / Portfolio Mix by Brand / Flag Type,brand_portfolio_mix_json,brand_portfolio_mix_json,Operator Setup - Profile & Positioning,brand_portfolio_mix_json,/api/third-party-operator-intake,brand_portfolio_mix_json,"recordId, fields.companyName, fields.email",Yes/Partial,Needs runtime validation,Needs runtime validation,No/Unclear,Needs Review,Low/Medium,,Current UI + writer/build-sheet scan,operator-explorer-dna-ui-field-registry.csv,,Partially Confirmed
Brand & Relationships / Brands & Relationship Depth,brand_relationship_depth_json,brand_relationship_depth_json,Operator Setup - Profile & Positioning,brand_relationship_depth_json,/api/third-party-operator-intake,brand_relationship_depth_json,"recordId, fields.companyName, fields.email",Yes/Partial,Needs runtime validation,Needs runtime validation,No/Unclear,Needs Review,Low/Medium,,Current UI + writer/build-sheet scan,operator-explorer-dna-ui-field-registry.csv,,Partially Confirmed
Brand & Relationships / Brand Execution Capabilities,brand_execution_capabilities_json,brand_execution_capabilities_json,Operator Setup - Profile & Positioning,brand_execution_capabilities_json,/api/third-party-operator-intake,brand_execution_capabilities_json,"recordId, fields.companyName, fields.email",Yes/Partial,Needs runtime validation,Needs runtime validation,No/Unclear,Needs Review,Low/Medium,,Current UI + writer/build-sheet scan,operator-explorer-dna-ui-field-registry.csv,,Partially Confirmed
Brand & Relationships / Brand Governance & Compliance Support,brand_governance_compliance_json,brand_governance_compliance_json,Operator Setup - Profile & Positioning,brand_governance_compliance_json,/api/third-party-operator-intake,brand_governance_compliance_json,"recordId, fields.companyName, fields.email",Yes/Partial,Needs runtime validation,Needs runtime validation,No/Unclear,Needs Review,Low/Medium,,Current UI + writer/build-sheet scan,operator-explorer-dna-ui-field-registry.csv,,Partially Confirmed
Brand & Relationships / Soft Brand / Independent Experience,brand_soft_independent_narrative,—,Needs Review,—,/api/third-party-operator-intake,—,"recordId, fields.companyName, fields.email",No/Unclear,Needs runtime validation,Needs runtime validation,No/Unclear,Needs Review,High,UI key not in new-base build-sheet mapping,Current UI + writer/build-sheet scan,operator-explorer-dna-ui-field-registry.csv,,Needs Review
Markets & Footprint / Markets & Footprint (KPI snapshot),"regions, regionsSupported",regionsSupported,Needs Review,—,/api/third-party-operator-intake,regionsSupported,"recordId, fields.companyName, fields.email",No/Unclear,Needs runtime validation,Needs runtime validation,No/Unclear,Needs Review,High,,Current UI + writer/build-sheet scan,operator-explorer-dna-ui-field-registry.csv,,Needs Review
Markets & Footprint / Markets & Footprint (KPI snapshot),activeCountries,activeCountries,Operator Setup - Platform & Markets,Active Countries,/api/third-party-operator-intake,activeCountries,"recordId, fields.companyName, fields.email",Yes/Partial,Needs runtime validation,Needs runtime validation,No/Unclear,Needs Review,Low/Medium,,Current UI + writer/build-sheet scan,operator-explorer-dna-ui-field-registry.csv,,Partially Confirmed
Markets & Footprint / Markets & Footprint (KPI snapshot),activeMarkets,activeMarkets,Operator Setup - Platform & Markets,Active Markets / Cities,/api/third-party-operator-intake,activeMarkets,"recordId, fields.companyName, fields.email",Yes/Partial,Needs runtime validation,Needs runtime validation,No/Unclear,Needs Review,Low/Medium,,Current UI + writer/build-sheet scan,operator-explorer-dna-ui-field-registry.csv,,Partially Confirmed
Markets & Footprint / Markets & Footprint (KPI snapshot),numberOfMarkets,—,Needs Review,—,/api/third-party-operator-intake,—,"recordId, fields.companyName, fields.email",No/Unclear,Needs runtime validation,Needs runtime validation,No/Unclear,Needs Review,High,UI key not in new-base build-sheet mapping,Current UI + writer/build-sheet scan,operator-explorer-dna-ui-field-registry.csv,Prior report says linked; current mapping not found,Needs Review
Markets & Footprint / Markets & Footprint (KPI snapshot),mkt_signal_years,mkt_signal_years,Operator Setup - Platform & Markets,mkt_signal_years,/api/third-party-operator-intake,mkt_signal_years,"recordId, fields.companyName, fields.email",Yes/Partial,Needs runtime validation,Needs runtime validation,No/Unclear,Needs Review,Low/Medium,,Current UI + writer/build-sheet scan,operator-explorer-dna-ui-field-registry.csv,,Partially Confirmed
Markets & Footprint / Markets & Footprint (KPI snapshot),mkt_signal_gateway,mkt_signal_gateway,Operator Setup - Platform & Markets,mkt_signal_gateway,/api/third-party-operator-intake,mkt_signal_gateway,"recordId, fields.companyName, fields.email",Yes/Partial,Needs runtime validation,Needs runtime validation,No/Unclear,Needs Review,Low/Medium,,Current UI + writer/build-sheet scan,operator-explorer-dna-ui-field-registry.csv,,Partially Confirmed
Markets & Footprint / Markets & Footprint (KPI snapshot),mkt_signal_mix,mkt_signal_mix,Operator Setup - Platform & Markets,mkt_signal_mix,/api/third-party-operator-intake,mkt_signal_mix,"recordId, fields.companyName, fields.email",Yes/Partial,Needs runtime validation,Needs runtime validation,No/Unclear,Needs Review,Low/Medium,,Current UI + writer/build-sheet scan,operator-explorer-dna-ui-field-registry.csv,,Partially Confirmed
Markets & Footprint / Three-Layer Market Experience,"activeCountries, activeMarkets, teamExperienceMarkets, targetGrowthMarkets","activeCountries, activeMarkets",Needs Review,Active Countries,/api/third-party-operator-intake,"activeCountries, activeMarkets","recordId, fields.companyName, fields.email",No/Unclear,Needs runtime validation,Needs runtime validation,No/Unclear,Needs Review,High,,Current UI + writer/build-sheet scan,operator-explorer-dna-ui-field-registry.csv,Prior report says linked; current mapping not found,Needs Review
Markets & Footprint / Three-Layer Market Experience,marketExperience.*,—,Needs Review,—,/api/third-party-operator-intake,—,"recordId, fields.companyName, fields.email",No/Unclear,Needs runtime validation,Needs runtime validation,No/Unclear,Needs Review,High,UI key not in new-base build-sheet mapping,Current UI + writer/build-sheet scan,operator-explorer-dna-ui-field-registry.csv,,Needs Review
Markets & Footprint / Local / Regional Expertise,mkt_regional_expertise_json,mkt_regional_expertise_json,Operator Setup - Platform & Markets,mkt_regional_expertise_json,/api/third-party-operator-intake,mkt_regional_expertise_json,"recordId, fields.companyName, fields.email",Yes/Partial,Needs runtime validation,Needs runtime validation,No/Unclear,Needs Review,Low/Medium,,Current UI + writer/build-sheet scan,operator-explorer-dna-ui-field-registry.csv,,Partially Confirmed
Markets & Footprint / Market Fit Signals,mkt_market_fit_signals_json,mkt_market_fit_signals_json,Operator Setup - Platform & Markets,mkt_market_fit_signals_json,/api/third-party-operator-intake,mkt_market_fit_signals_json,"recordId, fields.companyName, fields.email",Yes/Partial,Needs runtime validation,Needs runtime validation,No/Unclear,Needs Review,Low/Medium,,Current UI + writer/build-sheet scan,operator-explorer-dna-ui-field-registry.csv,,Partially Confirmed
Markets & Footprint / Footprint Metrics,geo_*,—,Needs Review,—,/api/third-party-operator-intake,—,"recordId, fields.companyName, fields.email",No/Unclear,Needs runtime validation,Needs runtime validation,No/Unclear,Needs Review,High,UI key not in new-base build-sheet mapping,Current UI + writer/build-sheet scan,operator-explorer-dna-ui-field-registry.csv,,Needs Review
Markets & Footprint / Footprint Metrics,brandsPortfolioDetail,—,Needs Review,—,/api/third-party-operator-intake,—,"recordId, fields.companyName, fields.email",No/Unclear,Needs runtime validation,Needs runtime validation,No/Unclear,Needs Review,High,UI key not in new-base build-sheet mapping,Current UI + writer/build-sheet scan,operator-explorer-dna-ui-field-registry.csv,Prior report says linked; current mapping not found,Needs Review
Owner Engagement & Reporting / Engagement & Reporting (KPI snapshot),ownerReportingLevel,ownerReportingLevel,"Operator Setup - Governance, Delivery & Diligence",Owner Reporting Level,/api/third-party-operator-intake,ownerReportingLevel,"recordId, fields.companyName, fields.email",Yes/Partial,Needs runtime validation,Needs runtime validation,No/Unclear,Needs Review,Low/Medium,,Current UI + writer/build-sheet scan,operator-explorer-dna-ui-field-registry.csv,,Partially Confirmed
Owner Engagement & Reporting / Engagement & Reporting (KPI snapshot),reportingFrequency / ownerReportingCadence,—,Needs Review,—,/api/third-party-operator-intake,—,"recordId, fields.companyName, fields.email",No/Unclear,Needs runtime validation,Needs runtime validation,No/Unclear,Needs Review,High,UI key not in new-base build-sheet mapping,Current UI + writer/build-sheet scan,operator-explorer-dna-ui-field-registry.csv,Prior report says linked; current mapping not found,Needs Review
Owner Engagement & Reporting / Engagement & Reporting (KPI snapshot),ownerResponseTime,—,Needs Review,—,/api/third-party-operator-intake,—,"recordId, fields.companyName, fields.email",No/Unclear,Needs runtime validation,Needs runtime validation,No/Unclear,Needs Review,High,UI key not in new-base build-sheet mapping,Current UI + writer/build-sheet scan,operator-explorer-dna-ui-field-registry.csv,Prior report says linked; current mapping not found,Needs Review
Owner Engagement & Reporting / Engagement & Reporting (KPI snapshot),ov_q_touchpoints,ov_q_touchpoints,Operator Setup - Commercial Fit & Terms,ov_q_touchpoints,/api/third-party-operator-intake,ov_q_touchpoints,"recordId, fields.companyName, fields.email",Yes/Partial,Needs runtime validation,Needs runtime validation,No/Unclear,Needs Review,Low/Medium,,Current UI + writer/build-sheet scan,operator-explorer-dna-ui-field-registry.csv,,Partially Confirmed
Owner Engagement & Reporting / Engagement & Reporting (KPI snapshot),reportTypes,—,Needs Review,—,/api/third-party-operator-intake,—,"recordId, fields.companyName, fields.email",No/Unclear,Needs runtime validation,Needs runtime validation,No/Unclear,Needs Review,High,UI key not in new-base build-sheet mapping,Current UI + writer/build-sheet scan,operator-explorer-dna-ui-field-registry.csv,Prior report says linked; current mapping not found,Needs Review
Owner Engagement & Reporting / Engagement & Reporting (KPI snapshot),ownerPortalFeatures,—,Needs Review,—,/api/third-party-operator-intake,—,"recordId, fields.companyName, fields.email",No/Unclear,Needs runtime validation,Needs runtime validation,No/Unclear,Needs Review,High,UI key not in new-base build-sheet mapping,Current UI + writer/build-sheet scan,operator-explorer-dna-ui-field-registry.csv,Prior report says linked; current mapping not found,Needs Review
Owner Engagement & Reporting / Strategic Owner Value,ov_strategic_owner_value_json,ov_strategic_owner_value_json,Operator Setup - Commercial Fit & Terms,ov_strategic_owner_value_json,/api/third-party-operator-intake,ov_strategic_owner_value_json,"recordId, fields.companyName, fields.email",Yes/Partial,Needs runtime validation,Needs runtime validation,No/Unclear,Needs Review,Low/Medium,,Current UI + writer/build-sheet scan,operator-explorer-dna-ui-field-registry.csv,,Partially Confirmed
Owner Engagement & Reporting / Owner Engagement Cadence,ov_engagement_cadence_json,ov_engagement_cadence_json,Operator Setup - Commercial Fit & Terms,ov_engagement_cadence_json,/api/third-party-operator-intake,ov_engagement_cadence_json,"recordId, fields.companyName, fields.email",Yes/Partial,Needs runtime validation,Needs runtime validation,No/Unclear,Needs Review,Low/Medium,,Current UI + writer/build-sheet scan,operator-explorer-dna-ui-field-registry.csv,,Partially Confirmed
Owner Engagement & Reporting / Controls & Governance,ov_controls_governance_json,ov_controls_governance_json,Operator Setup - Commercial Fit & Terms,ov_controls_governance_json,/api/third-party-operator-intake,ov_controls_governance_json,"recordId, fields.companyName, fields.email",Yes/Partial,Needs runtime validation,Needs runtime validation,No/Unclear,Needs Review,Low/Medium,,Current UI + writer/build-sheet scan,operator-explorer-dna-ui-field-registry.csv,,Partially Confirmed
Owner Engagement & Reporting / Reports Owners Receive,ov_reports_received_json,ov_reports_received_json,Operator Setup - Commercial Fit & Terms,ov_reports_received_json,/api/third-party-operator-intake,ov_reports_received_json,"recordId, fields.companyName, fields.email",Yes/Partial,Needs runtime validation,Needs runtime validation,No/Unclear,Needs Review,Low/Medium,,Current UI + writer/build-sheet scan,operator-explorer-dna-ui-field-registry.csv,,Partially Confirmed
Owner Engagement & Reporting / Owner Tools & Support Channels,ov_owner_tools_json,ov_owner_tools_json,Operator Setup - Commercial Fit & Terms,ov_owner_tools_json,/api/third-party-operator-intake,ov_owner_tools_json,"recordId, fields.companyName, fields.email",Yes/Partial,Needs runtime validation,Needs runtime validation,No/Unclear,Needs Review,Low/Medium,,Current UI + writer/build-sheet scan,operator-explorer-dna-ui-field-registry.csv,,Partially Confirmed
Owner Engagement & Reporting / Owner Support Across the Asset Lifecycle,ov_lifecycle_support_json,ov_lifecycle_support_json,Operator Setup - Commercial Fit & Terms,ov_lifecycle_support_json,/api/third-party-operator-intake,ov_lifecycle_support_json,"recordId, fields.companyName, fields.email",Yes/Partial,Needs runtime validation,Needs runtime validation,No/Unclear,Needs Review,Low/Medium,,Current UI + writer/build-sheet scan,operator-explorer-dna-ui-field-registry.csv,,Partially Confirmed
Infrastructure & Data / Infrastructure & Data (KPI snapshot),infra_signal_uptime,infra_signal_uptime,"Operator Setup - Governance, Delivery & Diligence",infra_signal_uptime,/api/third-party-operator-intake,infra_signal_uptime,"recordId, fields.companyName, fields.email",Yes/Partial,Needs runtime validation,Needs runtime validation,No/Unclear,Needs Review,Low/Medium,,Current UI + writer/build-sheet scan,operator-explorer-dna-ui-field-registry.csv,,Partially Confirmed
Infrastructure & Data / Infrastructure & Data (KPI snapshot),infra_signal_incident,infra_signal_incident,"Operator Setup - Governance, Delivery & Diligence",infra_signal_incident,/api/third-party-operator-intake,infra_signal_incident,"recordId, fields.companyName, fields.email",Yes/Partial,Needs runtime validation,Needs runtime validation,No/Unclear,Needs Review,Low/Medium,,Current UI + writer/build-sheet scan,operator-explorer-dna-ui-field-registry.csv,,Partially Confirmed
Infrastructure & Data / Infrastructure & Data (KPI snapshot),infra_signal_adoption,infra_signal_adoption,"Operator Setup - Governance, Delivery & Diligence",infra_signal_adoption,/api/third-party-operator-intake,infra_signal_adoption,"recordId, fields.companyName, fields.email",Yes/Partial,Needs runtime validation,Needs runtime validation,No/Unclear,Needs Review,Low/Medium,,Current UI + writer/build-sheet scan,operator-explorer-dna-ui-field-registry.csv,,Partially Confirmed
Infrastructure & Data / Infrastructure & Data (KPI snapshot),infra_signal_refresh,infra_signal_refresh,"Operator Setup - Governance, Delivery & Diligence",infra_signal_refresh,/api/third-party-operator-intake,infra_signal_refresh,"recordId, fields.companyName, fields.email",Yes/Partial,Needs runtime validation,Needs runtime validation,No/Unclear,Needs Review,Low/Medium,,Current UI + writer/build-sheet scan,operator-explorer-dna-ui-field-registry.csv,,Partially Confirmed
Infrastructure & Data / Infrastructure & Data (KPI snapshot),risk_signal_audit,risk_signal_audit,"Operator Setup - Governance, Delivery & Diligence",risk_signal_audit,/api/third-party-operator-intake,risk_signal_audit,"recordId, fields.companyName, fields.email",Yes/Partial,Needs runtime validation,Needs runtime validation,No/Unclear,Needs Review,Low/Medium,,Current UI + writer/build-sheet scan,operator-explorer-dna-ui-field-registry.csv,,Partially Confirmed
Infrastructure & Data / Infrastructure & Data (KPI snapshot),risk_signal_bcp,risk_signal_bcp,"Operator Setup - Governance, Delivery & Diligence",risk_signal_bcp,/api/third-party-operator-intake,risk_signal_bcp,"recordId, fields.companyName, fields.email",Yes/Partial,Needs runtime validation,Needs runtime validation,No/Unclear,Needs Review,Low/Medium,,Current UI + writer/build-sheet scan,operator-explorer-dna-ui-field-registry.csv,,Partially Confirmed
Infrastructure & Data / Infrastructure & Data (KPI snapshot),risk_signal_control,risk_signal_control,"Operator Setup - Governance, Delivery & Diligence",risk_signal_control,/api/third-party-operator-intake,risk_signal_control,"recordId, fields.companyName, fields.email",Yes/Partial,Needs runtime validation,Needs runtime validation,No/Unclear,Needs Review,Low/Medium,,Current UI + writer/build-sheet scan,operator-explorer-dna-ui-field-registry.csv,,Partially Confirmed
Infrastructure & Data / Infrastructure & Data (KPI snapshot),risk_signal_insurance,risk_signal_insurance,"Operator Setup - Governance, Delivery & Diligence",risk_signal_insurance,/api/third-party-operator-intake,risk_signal_insurance,"recordId, fields.companyName, fields.email",Yes/Partial,Needs runtime validation,Needs runtime validation,No/Unclear,Needs Review,Low/Medium,,Current UI + writer/build-sheet scan,operator-explorer-dna-ui-field-registry.csv,,Partially Confirmed
Infrastructure & Data / Technology Platform Stack,infra_technology_stack_json,infra_technology_stack_json,"Operator Setup - Governance, Delivery & Diligence",infra_technology_stack_json,/api/third-party-operator-intake,infra_technology_stack_json,"recordId, fields.companyName, fields.email",Yes/Partial,Needs runtime validation,Needs runtime validation,No/Unclear,Needs Review,Low/Medium,,Current UI + writer/build-sheet scan,operator-explorer-dna-ui-field-registry.csv,,Partially Confirmed
Infrastructure & Data / Infrastructure Services Offered,infra_services_offered_json,infra_services_offered_json,"Operator Setup - Governance, Delivery & Diligence",infra_services_offered_json,/api/third-party-operator-intake,infra_services_offered_json,"recordId, fields.companyName, fields.email",Yes/Partial,Needs runtime validation,Needs runtime validation,No/Unclear,Needs Review,Low/Medium,,Current UI + writer/build-sheet scan,operator-explorer-dna-ui-field-registry.csv,,Partially Confirmed
Infrastructure & Data / Data Domains Captured,infra_data_domains_json,infra_data_domains_json,"Operator Setup - Governance, Delivery & Diligence",infra_data_domains_json,/api/third-party-operator-intake,infra_data_domains_json,"recordId, fields.companyName, fields.email",Yes/Partial,Needs runtime validation,Needs runtime validation,No/Unclear,Needs Review,Low/Medium,,Current UI + writer/build-sheet scan,operator-explorer-dna-ui-field-registry.csv,,Partially Confirmed
"Infrastructure & Data / Data Governance, Security & Controls",infra_data_governance_json,infra_data_governance_json,"Operator Setup - Governance, Delivery & Diligence",infra_data_governance_json,/api/third-party-operator-intake,infra_data_governance_json,"recordId, fields.companyName, fields.email",Yes/Partial,Needs runtime validation,Needs runtime validation,No/Unclear,Needs Review,Low/Medium,,Current UI + writer/build-sheet scan,operator-explorer-dna-ui-field-registry.csv,,Partially Confirmed
Infrastructure & Data / Analytics & Decision Support,infra_analytics_support_json,infra_analytics_support_json,"Operator Setup - Governance, Delivery & Diligence",infra_analytics_support_json,/api/third-party-operator-intake,infra_analytics_support_json,"recordId, fields.companyName, fields.email",Yes/Partial,Needs runtime validation,Needs runtime validation,No/Unclear,Needs Review,Low/Medium,,Current UI + writer/build-sheet scan,operator-explorer-dna-ui-field-registry.csv,,Partially Confirmed
Infrastructure & Data / Technology Maturity View,infra_technology_maturity_level,infra_technology_maturity_level,"Operator Setup - Governance, Delivery & Diligence",infra_technology_maturity_level,/api/third-party-operator-intake,infra_technology_maturity_level,"recordId, fields.companyName, fields.email",Yes/Partial,Needs runtime validation,Needs runtime validation,No/Unclear,Needs Review,Low/Medium,,Current UI + writer/build-sheet scan,operator-explorer-dna-ui-field-registry.csv,,Partially Confirmed
Infrastructure & Data / Technology Maturity View,infra_technology_maturity_json,—,Needs Review,—,/api/third-party-operator-intake,—,"recordId, fields.companyName, fields.email",No/Unclear,Needs runtime validation,Needs runtime validation,No/Unclear,Needs Review,High,UI key not in new-base build-sheet mapping,Current UI + writer/build-sheet scan,operator-explorer-dna-ui-field-registry.csv,,Needs Review
Leadership / Leadership Snapshot (KPIs),lead_avg_hospitality_experience,lead_avg_hospitality_experience,"Operator Setup - Governance, Delivery & Diligence",Leadership Avg Hospitality Experience,/api/third-party-operator-intake,lead_avg_hospitality_experience,"recordId, fields.companyName, fields.email",Yes/Partial,Needs runtime validation,Needs runtime validation,No/Unclear,Needs Review,Low/Medium,,Current UI + writer/build-sheet scan,operator-explorer-dna-ui-field-registry.csv,,Partially Confirmed
Leadership / Leadership Snapshot (KPIs),lead_signal_tenure,lead_signal_tenure,"Operator Setup - Governance, Delivery & Diligence",lead_signal_tenure,/api/third-party-operator-intake,lead_signal_tenure,"recordId, fields.companyName, fields.email",Yes/Partial,Needs runtime validation,Needs runtime validation,No/Unclear,Needs Review,Low/Medium,,Current UI + writer/build-sheet scan,operator-explorer-dna-ui-field-registry.csv,,Partially Confirmed
Leadership / Leadership Snapshot (KPIs),lead_signal_crossbrand,lead_signal_crossbrand,"Operator Setup - Governance, Delivery & Diligence",lead_signal_crossbrand,/api/third-party-operator-intake,lead_signal_crossbrand,"recordId, fields.companyName, fields.email",Yes/Partial,Needs runtime validation,Needs runtime validation,No/Unclear,Needs Review,Low/Medium,,Current UI + writer/build-sheet scan,operator-explorer-dna-ui-field-registry.csv,,Partially Confirmed
Leadership / Leadership Snapshot (KPIs),lead_language_capability_json,Leadership Languages (JSON),Needs Review,—,/api/third-party-operator-intake,Leadership Languages (JSON),"recordId, fields.companyName, fields.email",No/Unclear,Needs runtime validation,Needs runtime validation,No/Unclear,Needs Review,High,,Current UI + writer/build-sheet scan,operator-explorer-dna-ui-field-registry.csv,,Needs Review
Leadership / Leadership Profiles,leadershipTeam[],—,Needs Review,—,/api/third-party-operator-intake,—,"recordId, fields.companyName, fields.email",No/Unclear,Needs runtime validation,Needs runtime validation,No/Unclear,Needs Review,High,UI key not in new-base build-sheet mapping,Current UI + writer/build-sheet scan,operator-explorer-dna-ui-field-registry.csv,Prior report says linked; current mapping not found,Needs Review
Leadership / Organization Structure,lead_org_structure_json,Leadership Org Structure (JSON),Needs Review,—,/api/third-party-operator-intake,Leadership Org Structure (JSON),"recordId, fields.companyName, fields.email",No/Unclear,Needs runtime validation,Needs runtime validation,No/Unclear,Needs Review,High,,Current UI + writer/build-sheet scan,operator-explorer-dna-ui-field-registry.csv,,Needs Review
Leadership / Team Depth by Function,lead_team_depth_json,Leadership Team Depth (JSON),Needs Review,—,/api/third-party-operator-intake,Leadership Team Depth (JSON),"recordId, fields.companyName, fields.email",No/Unclear,Needs runtime validation,Needs runtime validation,No/Unclear,Needs Review,High,,Current UI + writer/build-sheet scan,operator-explorer-dna-ui-field-registry.csv,,Needs Review
Leadership / Language & Regional Capability,lead_language_capability_json,Leadership Languages (JSON),Needs Review,—,/api/third-party-operator-intake,Leadership Languages (JSON),"recordId, fields.companyName, fields.email",No/Unclear,Needs runtime validation,Needs runtime validation,No/Unclear,Needs Review,High,,Current UI + writer/build-sheet scan,operator-explorer-dna-ui-field-registry.csv,,Needs Review
Leadership / Governance & Communication Cadence,lead_governance_cadence_json,Leadership Governance Cadence (JSON),Needs Review,—,/api/third-party-operator-intake,Leadership Governance Cadence (JSON),"recordId, fields.companyName, fields.email",No/Unclear,Needs runtime validation,Needs runtime validation,No/Unclear,Needs Review,High,,Current UI + writer/build-sheet scan,operator-explorer-dna-ui-field-registry.csv,,Needs Review
Leadership / Team Experience Markets,lead_team_markets_json,Leadership Team Markets (JSON),Needs Review,—,/api/third-party-operator-intake,Leadership Team Markets (JSON),"recordId, fields.companyName, fields.email",No/Unclear,Needs runtime validation,Needs runtime validation,No/Unclear,Needs Review,High,,Current UI + writer/build-sheet scan,operator-explorer-dna-ui-field-registry.csv,,Needs Review
Leadership / Owner Relationship Model,lead_owner_relationship_json,Leadership Owner Relationship (JSON),Needs Review,—,/api/third-party-operator-intake,Leadership Owner Relationship (JSON),"recordId, fields.companyName, fields.email",No/Unclear,Needs runtime validation,Needs runtime validation,No/Unclear,Needs Review,High,,Current UI + writer/build-sheet scan,operator-explorer-dna-ui-field-registry.csv,,Needs Review
Project Fit & Deal Profile / Project Fit Snapshot (KPIs),"minPropertySize, maxPropertySize",—,Needs Review,—,/api/third-party-operator-intake,—,"recordId, fields.companyName, fields.email",No/Unclear,Needs runtime validation,Needs runtime validation,No/Unclear,Needs Review,High,UI key not in new-base build-sheet mapping,Current UI + writer/build-sheet scan,operator-explorer-dna-ui-field-registry.csv,Prior report says linked; current mapping not found,Needs Review
Project Fit & Deal Profile / Project Fit Snapshot (KPIs),bf_signal_dealsize,bf_signal_dealsize,Operator Setup - Commercial Fit & Terms,bf_signal_dealsize,/api/third-party-operator-intake,bf_signal_dealsize,"recordId, fields.companyName, fields.email",Yes/Partial,Needs runtime validation,Needs runtime validation,No/Unclear,Needs Review,Low/Medium,,Current UI + writer/build-sheet scan,operator-explorer-dna-ui-field-registry.csv,,Partially Confirmed
Project Fit & Deal Profile / Project Fit Snapshot (KPIs),bf_signal_transition,bf_signal_transition,Operator Setup - Commercial Fit & Terms,bf_signal_transition,/api/third-party-operator-intake,bf_signal_transition,"recordId, fields.companyName, fields.email",Yes/Partial,Needs runtime validation,Needs runtime validation,No/Unclear,Needs Review,Low/Medium,,Current UI + writer/build-sheet scan,operator-explorer-dna-ui-field-registry.csv,,Partially Confirmed
Project Fit & Deal Profile / Operator Fit Criteria,bf_fit_criteria_json,bf_fit_criteria_json,Operator Setup - Commercial Fit & Terms,bf_fit_criteria_json,/api/third-party-operator-intake,bf_fit_criteria_json,"recordId, fields.companyName, fields.email",Yes/Partial,Needs runtime validation,Needs runtime validation,No/Unclear,Needs Review,Low/Medium,,Current UI + writer/build-sheet scan,operator-explorer-dna-ui-field-registry.csv,,Partially Confirmed
Project Fit & Deal Profile / Best-Fit Project Types,bf_best_fit_project_types_json,bf_best_fit_project_types_json,Operator Setup - Commercial Fit & Terms,bf_best_fit_project_types_json,/api/third-party-operator-intake,bf_best_fit_project_types_json,"recordId, fields.companyName, fields.email",Yes/Partial,Needs runtime validation,Needs runtime validation,No/Unclear,Needs Review,Low/Medium,,Current UI + writer/build-sheet scan,operator-explorer-dna-ui-field-registry.csv,,Partially Confirmed
Project Fit & Deal Profile / Preferred Deal Profile,bf_preferred_deal_profile_json,bf_preferred_deal_profile_json,Operator Setup - Commercial Fit & Terms,bf_preferred_deal_profile_json,/api/third-party-operator-intake,bf_preferred_deal_profile_json,"recordId, fields.companyName, fields.email",Yes/Partial,Needs runtime validation,Needs runtime validation,No/Unclear,Needs Review,Low/Medium,,Current UI + writer/build-sheet scan,operator-explorer-dna-ui-field-registry.csv,,Partially Confirmed
Project Fit & Deal Profile / Evaluation Path,bf_evaluation_path_json,bf_evaluation_path_json,Operator Setup - Commercial Fit & Terms,bf_evaluation_path_json,/api/third-party-operator-intake,bf_evaluation_path_json,"recordId, fields.companyName, fields.email",Yes/Partial,Needs runtime validation,Needs runtime validation,No/Unclear,Needs Review,Low/Medium,,Current UI + writer/build-sheet scan,operator-explorer-dna-ui-field-registry.csv,,Partially Confirmed
Project Fit & Deal Profile / Potential Red Flags,bf_red_flags_json,bf_red_flags_json,Operator Setup - Commercial Fit & Terms,bf_red_flags_json,/api/third-party-operator-intake,bf_red_flags_json,"recordId, fields.companyName, fields.email",Yes/Partial,Needs runtime validation,Needs runtime validation,No/Unclear,Needs Review,Low/Medium,,Current UI + writer/build-sheet scan,operator-explorer-dna-ui-field-registry.csv,,Partially Confirmed
Proof & Track Record / Proof & Track Record (KPIs),totalProperties,—,Needs Review,—,/api/third-party-operator-intake,—,"recordId, fields.companyName, fields.email",No/Unclear,Needs runtime validation,Needs runtime validation,No/Unclear,Needs Review,High,UI key not in new-base build-sheet mapping,Current UI + writer/build-sheet scan,operator-explorer-dna-ui-field-registry.csv,Prior report says linked; current mapping not found,Needs Review
Proof & Track Record / Proof & Track Record (KPIs),numberOfMarkets,—,Needs Review,—,/api/third-party-operator-intake,—,"recordId, fields.companyName, fields.email",No/Unclear,Needs runtime validation,Needs runtime validation,No/Unclear,Needs Review,High,UI key not in new-base build-sheet mapping,Current UI + writer/build-sheet scan,operator-explorer-dna-ui-field-registry.csv,Prior report says linked; current mapping not found,Needs Review
Proof & Track Record / Proof & Track Record (KPIs),yearsInBusiness,—,Needs Review,—,/api/third-party-operator-intake,—,"recordId, fields.companyName, fields.email",No/Unclear,Needs runtime validation,Needs runtime validation,No/Unclear,Needs Review,High,UI key not in new-base build-sheet mapping,Current UI + writer/build-sheet scan,operator-explorer-dna-ui-field-registry.csv,Prior report says linked; current mapping not found,Needs Review
Proof & Track Record / Proof & Track Record (KPIs),ownerReferences,—,Needs Review,—,/api/third-party-operator-intake,—,"recordId, fields.companyName, fields.email",No/Unclear,Needs runtime validation,Needs runtime validation,No/Unclear,Needs Review,High,UI key not in new-base build-sheet mapping,Current UI + writer/build-sheet scan,operator-explorer-dna-ui-field-registry.csv,Prior report says linked; current mapping not found,Needs Review
Proof & Track Record / Proof & Track Record (KPIs),lenderReferences,—,Needs Review,—,/api/third-party-operator-intake,—,"recordId, fields.companyName, fields.email",No/Unclear,Needs runtime validation,Needs runtime validation,No/Unclear,Needs Review,High,UI key not in new-base build-sheet mapping,Current UI + writer/build-sheet scan,operator-explorer-dna-ui-field-registry.csv,Prior report says linked; current mapping not found,Needs Review
Proof & Track Record / Case Studies,caseStudiesDetail[],—,Needs Review,—,/api/third-party-operator-intake,—,"recordId, fields.companyName, fields.email",No/Unclear,Needs runtime validation,Needs runtime validation,No/Unclear,Needs Review,High,UI key not in new-base build-sheet mapping,Current UI + writer/build-sheet scan,operator-explorer-dna-ui-field-registry.csv,Prior report says linked; current mapping not found,Needs Review
Proof & Track Record / Owner Diligence Highlights,ownerDiligenceQa[],—,Needs Review,—,/api/third-party-operator-intake,—,"recordId, fields.companyName, fields.email",No/Unclear,Needs runtime validation,Needs runtime validation,No/Unclear,Needs Review,High,UI key not in new-base build-sheet mapping,Current UI + writer/build-sheet scan,operator-explorer-dna-ui-field-registry.csv,Prior report says linked; current mapping not found,Needs Review
Proof & Track Record / Decision Signals,tr_signal_revpar,tr_signal_revpar,"Operator Setup - Governance, Delivery & Diligence",tr_signal_revpar,/api/third-party-operator-intake,tr_signal_revpar,"recordId, fields.companyName, fields.email",Yes/Partial,Needs runtime validation,Needs runtime validation,No/Unclear,Needs Review,Low/Medium,,Current UI + writer/build-sheet scan,operator-explorer-dna-ui-field-registry.csv,,Partially Confirmed
Proof & Track Record / Decision Signals,tr_signal_occ,tr_signal_occ,"Operator Setup - Governance, Delivery & Diligence",tr_signal_occ,/api/third-party-operator-intake,tr_signal_occ,"recordId, fields.companyName, fields.email",Yes/Partial,Needs runtime validation,Needs runtime validation,No/Unclear,Needs Review,Low/Medium,,Current UI + writer/build-sheet scan,operator-explorer-dna-ui-field-registry.csv,,Partially Confirmed
Proof & Track Record / Decision Signals,tr_signal_adr,tr_signal_adr,"Operator Setup - Governance, Delivery & Diligence",tr_signal_adr,/api/third-party-operator-intake,tr_signal_adr,"recordId, fields.companyName, fields.email",Yes/Partial,Needs runtime validation,Needs runtime validation,No/Unclear,Needs Review,Low/Medium,,Current UI + writer/build-sheet scan,operator-explorer-dna-ui-field-registry.csv,,Partially Confirmed
Proof & Track Record / Decision Signals,tr_signal_repeat,tr_signal_repeat,"Operator Setup - Governance, Delivery & Diligence",tr_signal_repeat,/api/third-party-operator-intake,tr_signal_repeat,"recordId, fields.companyName, fields.email",Yes/Partial,Needs runtime validation,Needs runtime validation,No/Unclear,Needs Review,Low/Medium,,Current UI + writer/build-sheet scan,operator-explorer-dna-ui-field-registry.csv,,Partially Confirmed