table,tableKey,fieldName,fieldType,status,plannedCount,liveCount,matchStatus,plannedMissingFromLive,liveExtraNotPlanned,liveOptions
Deals,deals,F&B Complexity,singleSelect,ok,6,6,Exact,,,None / rooms-only | Limited F&B | Moderate F&B | Significant F&B | Lifestyle / experiential F&B | Unknown
Deals,deals,Opening Timeline,singleSelect,ok,7,7,Exact,,,Pre-development | Under construction | 0–6 months | 6–12 months | 12–24 months | 24+ months | Unknown
Strategic Intent - Operational - Key Challenges,si,Operator Review Status,singleSelect,ok,7,7,Exact,,,Not started | Exploring operator options | Operator review in scope | Ready for operator shortlist | Operator already selected | Not applicable | Unknown
Strategic Intent - Operational - Key Challenges,si,Preferred Management Structure,multipleSelects,ok,9,9,Exact,,,Full third-party management | Brand-managed | Franchise with third-party operator | Owner-operated | Owner-operated with commercial support | Commercial-only support | Pre-opening / transition support | Hybrid / project-specific | Undecided
Strategic Intent - Operational - Key Challenges,si,Required Operator Services,multipleSelects,ok,16,16,Exact,,,Full hotel management | Pre-opening planning | Opening / transition support | Revenue management | Sales | Distribution / channel management | Digital marketing | Accounting / finance | HR / staffing | Procurement | F&B operations | Brand compliance support | Owner reporting | Asset management support | Technical services coordination | Other
Strategic Intent - Operational - Key Challenges,si,Must-Have Operator Services,multipleSelects,ok,16,16,Exact,,,Full hotel management | Pre-opening planning | Opening / transition support | Revenue management | Sales | Distribution / channel management | Digital marketing | Accounting / finance | HR / staffing | Procurement | F&B operations | Brand compliance support | Owner reporting | Asset management support | Technical services coordination | Other
Strategic Intent - Operational - Key Challenges,si,Nice-to-Have Operator Services,multipleSelects,ok,16,16,Exact,,,Full hotel management | Pre-opening planning | Opening / transition support | Revenue management | Sales | Distribution / channel management | Digital marketing | Accounting / finance | HR / staffing | Procurement | F&B operations | Brand compliance support | Owner reporting | Asset management support | Technical services coordination | Other
Strategic Intent - Operational - Key Challenges,si,Market Presence Requirement,singleSelect,ok,6,6,Exact,,,Active local market operations required | Active country operations required | Regional experience acceptable | Prior similar-market experience acceptable | Open to new-market operator | Unknown
Strategic Intent - Operational - Key Challenges,si,Pre-Opening Support Needed,singleSelect,ok,4,4,Exact,,,Yes | No | Unknown | Not applicable
Strategic Intent - Operational - Key Challenges,si,Owner Reporting Expectations,singleSelect,ok,6,6,Exact,,,Basic owner reporting | Monthly operating review | Institutional reporting | Lender / investor-grade reporting | Custom / project-specific | Unknown
Strategic Intent - Operational - Key Challenges,si,Brand / Operator Responsibility Split,singleSelect,ok,7,7,Exact,,,Brand-managed | Brand standards with third-party operator | Franchise with owner/operator execution | Owner-operated with brand support | Operator-led with brand compliance support | Undecided | Not applicable
Strategic Intent - Operational - Key Challenges,si,Owner Control Preference,singleSelect,ok,6,6,Exact,,,Owner wants high control | Shared control | Operator-led operations | Institutional governance preferred | Undecided | Unknown
Strategic Intent - Operational - Key Challenges,si,Commercial Priority,multipleSelects,ok,9,9,Exact,,,Revenue management | Sales | Distribution | Digital marketing | Loyalty / brand channels | Group sales | Corporate accounts | None specified | Other
Strategic Intent - Operational - Key Challenges,si,Local Labor / HR Support Needed,singleSelect,ok,4,4,Exact,,,Yes | No | Unknown | Not applicable
Strategic Intent - Operational - Key Challenges,si,Procurement Support Needed,singleSelect,ok,4,4,Exact,,,Yes | No | Unknown | Not applicable
Strategic Intent - Operational - Key Challenges,si,Owner Internal Ops Capability,singleSelect,ok,5,5,Exact,,,Strong internal hotel operations team | Partial internal capability | Limited internal capability | No internal hotel operations team | Unknown
Strategic Intent - Operational - Key Challenges,si,Brand Agreement Structure,singleSelect,ok,7,7,Exact,,,Franchise | Management | License | Soft brand / collection affiliation | Brand-managed | Undecided | Not applicable
Strategic Intent - Operational - Key Challenges,si,Operating Model,singleSelect,ok,6,6,Exact,,,Owner-operated | Third-party managed | Brand-managed | Hybrid / project-specific | Undecided | Not applicable
Strategic Intent - Operational - Key Challenges,si,Operator Scope,multipleSelects,ok,9,9,Exact,,,Full management | Commercial support | Pre-opening support | Brand compliance support | Owner reporting | Asset management support | Technical services coordination | Not applicable | Other
Strategic Intent - Operational - Key Challenges,si,Services Required From Operator,multipleSelects,ok,0,11,Extra,,Full Management | HR & Training | Revenue Management | Accounting & Reporting | Sales & Marketing | Revenue management | Sales | Accounting | HR | Marketing | F&B management,Full Management | HR & Training | Revenue Management | Accounting & Reporting | Sales & Marketing | Revenue management | Sales | Accounting | HR | Marketing | F&B management
Strategic Intent - Operational - Key Challenges,si,Must-Haves From Brand/Operator,multipleSelects,ok,0,46,Extra,,Monthly or Frequent Reporting | Design Approval Rights | Key Money or TI Contribution | Experienced Operator (e.g. 10+ Years) | Strong Distribution and Marketing Support | Flexible Contract Terms | Owner-Friendly Exit Provisions | Transparent Fee Structure | ESG or Sustainability Standards | Other | Transparent fee schedule | Select-service F&B minimums | Revenue management support | Design approval collaboration | Flexible F&B standards | Experienced urban operator (e.g. 10+ years) | Proven all-inclusive operator | Phased PIP plan | Group/wedding sales support | Heritage-sensitive design process | Collection brand flexibility | Experienced boutique operator | Turnaround operator experience | Phased PIP | Monthly operating transparency | Mixed-use brand acceptance | Experienced full-service operator | Phased opening plan | Heritage approval coordination | Luxury operator track record | Strong F&B vision alignment | Lifestyle operator | Flexible design review | Wellness programming flexibility | Design-forward approval process | Experienced lifestyle operator | Loyalty system access | Corporate sales support | Clear PIP line items | Lifestyle F&B program support | Mixed-use marketing collaboration | Experienced operator | Airport-corridor distribution strength | Clear select-service F&B minimums | Monthly reporting and revenue management support | Experienced operator (e.g. 10+ years),Monthly or Frequent Reporting | Design Approval Rights | Key Money or TI Contribution | Experienced Operator (e.g. 10+ Years) | Strong Distribution and Marketing Support | Flexible Contract Terms | Owner-Friendly Exit Provisions | Transparent Fee Structure | ESG or Sustainability Standards | Other | Transparent fee schedule | Select-service F&B minimums | Revenue management support | Design approval collaboration | Flexible F&B standards | Experienced urban operator (e.g. 10+ years) | Proven all-inclusive operator | Phased PIP plan | Group/wedding sales support | Heritage-sensitive design process | Collection brand flexibility | Experienced boutique operator | Turnaround operator experience | Phased PIP | Monthly operating transparency | Mixed-use brand acceptance | Experienced full-service operator | Phased opening plan | Heritage approval coordination | Luxury operator track record | Strong F&B vision alignment | Lifestyle operator | Flexible design review | Wellness programming flexibility | Design-forward approval process | Experienced lifestyle operator | Loyalty system access | Corporate sales support | Clear PIP line items | Lifestyle F&B program support | Mixed-use marketing collaboration | Experienced operator | Airport-corridor distribution strength | Clear select-service F&B minimums | Monthly reporting and revenue management support | Experienced operator (e.g. 10+ years)
Market - Performance - Deal & Capital Structure,mp,Preferred Deal Structure,multipleSelects,ok,0,10,Extra,,Franchise Only | Brand-Managed | Third-Party Management Only | Lease | Joint Venture | Flexible/Open | Brand + Third-Party Management (Combined) | Franchise | Verify Preferred Deal Structure | Franchise + 3rd Party Mgmt.,Franchise Only | Brand-Managed | Third-Party Management Only | Lease | Joint Venture | Flexible/Open | Brand + Third-Party Management (Combined) | Franchise | Verify Preferred Deal Structure | Franchise + 3rd Party Mgmt.
Operator Setup - Platform & Markets,platform,Active Countries,multipleSelects,ok,17,17,Exact,,,Mexico | Dominican Republic | Costa Rica | Panama | Colombia | Peru | Chile | Argentina | Brazil | Jamaica | Puerto Rico | Curaçao | Trinidad & Tobago | Turks & Caicos | United States | Spain | Other
Operator Setup - Platform & Markets,platform,Active Markets / Cities,multipleSelects,ok,19,19,Exact,,,Cancún | Mexico City | Monterrey | Guadalajara | Riviera Maya | Punta Cana | Santo Domingo | San Juan | Panama City | Bogotá | Medellín | Lima | Santiago | Buenos Aires | São Paulo | Rio de Janeiro | San José | Montevideo | Other
Operator Setup - Platform & Markets,platform,Market Presence Type,multipleSelects,ok,6,6,Exact,,,Active operations | Prior experience | Pipeline / signed project | Target market | No known presence | Unknown
Operator Setup - Profile & Positioning,profile,Service Models Supported,multipleSelects,ok,11,11,Exact,,,Limited-service | Select-service | Focused-service | Full-service | Lifestyle | Boutique | Resort | All-inclusive | Extended stay | Branded residential / mixed-use | Other
Operator Setup - Profile & Positioning,profile,chainScalesSupported,multipleSelects,ok,8,7,Partial,Independent / Boutique | Other,Independent,Luxury | Upper Upscale | Upscale | Upper Midscale | Midscale | Economy | Independent
Operator Setup - Profile & Positioning,profile,Brand Families Operated,multipleSelects,ok,12,12,Exact,,,Marriott | Hilton | Hyatt | IHG | Choice | Wyndham | Accor | Sonesta | Radisson / Choice | Independent | Soft brands / collections | Other
Operator Setup - Profile & Positioning,profile,Soft Brand / Lifestyle Experience,singleSelect,ok,5,5,Exact,,,Strong | Moderate | Limited | None documented | Unknown
Operator Setup - Commercial Fit & Terms,commercial,Management Structures Supported,multipleSelects,ok,8,8,Exact,,,Full third-party management | Brand-managed | Franchise support | Commercial-only support | Pre-opening / transition support | Asset management support | Hybrid / project-specific | Other
Operator Setup - Commercial Fit & Terms,commercial,New-Build Opening Experience,singleSelect,ok,5,5,Exact,,,Strong | Moderate | Limited | None documented | Unknown
Operator Setup - Commercial Fit & Terms,commercial,Pre-Opening Support Capability,singleSelect,ok,5,5,Exact,,,Advanced | Standard | Limited | None documented | Unknown
Operator Setup - Commercial Fit & Terms,commercial,Conversion / Reflag Experience,singleSelect,ok,5,5,Exact,,,Strong | Moderate | Limited | None documented | Unknown
"Operator Setup - Governance, Delivery & Diligence",governance,Offered Services,multipleSelects,ok,16,16,Exact,,,Full hotel management | Pre-opening planning | Opening / transition support | Revenue management | Sales | Distribution / channel management | Digital marketing | Accounting / finance | HR / staffing | Procurement | F&B operations | Brand compliance support | Owner reporting | Asset management support | Technical services coordination | Other
"Operator Setup - Governance, Delivery & Diligence",governance,Owner Reporting Level,singleSelect,ok,6,6,Exact,,,Basic owner reporting | Monthly operating review | Institutional reporting | Lender / investor-grade reporting | Custom / project-specific | Unknown
"Operator Setup - Governance, Delivery & Diligence",governance,F&B Capability Level,singleSelect,ok,6,6,Exact,,,None / rooms-only | Limited F&B | Moderate F&B | Significant F&B | Lifestyle / experiential F&B | Unknown
"Operator Setup - Governance, Delivery & Diligence",governance,Revenue Management Capability,singleSelect,ok,6,6,Exact,,,Property-level only | Centralized support | Advanced centralized platform | Third-party partner | None documented | Unknown
"Operator Setup - Governance, Delivery & Diligence",governance,Sales Platform,multipleSelects,ok,7,7,Exact,,,Local sales | Regional sales | Global sales support | Group sales | Digital / e-commerce | None documented | Unknown
"Operator Setup - Governance, Delivery & Diligence",governance,Governance Cadence,singleSelect,ok,6,6,Exact,,,Monthly | Quarterly | Asset-management style | Board / investor reporting | Custom / project-specific | Unknown
Operator Setup - Master,master,Data Confidence Level,singleSelect,ok,5,5,Exact,,,Verified | Operator-provided | Public-source | Inferred | Incomplete
Operator Setup - Master,master,Source Type,multipleSelects,ok,7,7,Exact,,,Operator-provided | Internal research | Public website | Brand / owner conversation | Prior project knowledge | Imported sample data | Unknown