identity_key,official_property_id,property_name,brand,parent_company,city,state_region,country,address,official_property_url,source_family,source_confidence,identity_confidence,classification,match_method,census_record_id
ind_marriott_mx_cunek,CUNEK,The Riviera Maya EDITION at Kanai,EDITION,Marriott,Riviera Maya,,Mexico,,https://www.marriott.com/en-us/hotels/cunek-the-riviera-maya-edition-at-kanai/overview,Marriott,High,High,existing_exact_match,official_property_id,rec8ohO9PFpp5FWmC
ind_marriott_mx_cunpb,CUNPB,"Paraiso de la Bonita, a Luxury Collection Resort, Riviera Maya, Adult All-Inclusive",The Luxury Collection,Marriott,Riviera Maya,,Mexico,,https://www.marriott.com/en-us/hotels/cunpb-paraiso-de-la-bonita-a-luxury-collection-resort-riviera-maya-adult-all-inclusive/overview,Marriott,High,High,existing_exact_match,official_property_id,reccZpp6H0IP8HNHn
ind_marriott_mx_cunim,CUNIM,"Almare, a Luxury Collection Resort, Isla Mujeres Cancun, Adult All-Inclusive",The Luxury Collection,Marriott,Cancun,,Mexico,,https://www.marriott.com/en-us/hotels/cunim-almare-a-luxury-collection-resort-isla-mujeres-cancun-adult-all-inclusive/overview,Marriott,High,High,existing_exact_match,official_property_id,reckxqiwM0Qj7jxsK
ind_marriott_mx_mexlc,MEXLC,"Las Alcobas, a Luxury Collection Hotel, Mexico City",The Luxury Collection,Marriott,Mexico City,,Mexico,,https://www.marriott.com/en-us/hotels/mexlc-las-alcobas-a-luxury-collection-hotel-mexico-city/overview,Marriott,High,High,existing_exact_match,official_property_id,recyIdMi9Equvy2Xj
ind_marriott_mx_sjdlc,SJDLC,"Solaz, a Luxury Collection Resort, Los Cabos",The Luxury Collection,Marriott,Los Cabos,,Mexico,,https://www.marriott.com/en-us/hotels/sjdlc-solaz-a-luxury-collection-resort-los-cabos/overview,Marriott,High,High,existing_exact_match,official_property_id,recToWdOyS1vyUup0
ind_marriott_mx_sjdls,SJDLS,"The Residences at Solaz, a Luxury Collection Resort, Los Cabos",The Luxury Collection,Marriott,Los Cabos,,Mexico,,https://www.marriott.com/en-us/hotels/sjdls-the-residences-at-solaz-a-luxury-collection-resort-los-cabos/overview,Marriott,High,High,existing_exact_match,official_property_id,recSRhwcEroHYtWke
ind_marriott_mx_cunjw,CUNJW,JW Marriott Cancun Resort & Spa,JW Marriott,Marriott,Cancun,,Mexico,,https://www.marriott.com/en-us/hotels/cunjw-jw-marriott-cancun-resort-and-spa/overview,Marriott,High,High,existing_exact_match,official_property_id,rec6qICeecQM6fOT9
ind_marriott_mx_gdljw,GDLJW,JW Marriott Hotel Guadalajara,JW Marriott,Marriott,Guadalajara,,Mexico,,https://www.marriott.com/en-us/hotels/gdljw-jw-marriott-hotel-guadalajara/overview,Marriott,High,High,existing_exact_match,official_property_id,recKnyjj5DWTvNkcq
ind_marriott_mx_mtyjw,MTYJW,JW Marriott Hotel Monterrey Valle,JW Marriott,Marriott,Monterrey,,Mexico,,https://www.marriott.com/en-us/hotels/mtyjw-jw-marriott-hotel-monterrey-valle/overview,Marriott,High,High,existing_exact_match,official_property_id,recsn3BUKJ9PNfeZW
ind_marriott_mx_mexjw,MEXJW,JW Marriott Hotel Mexico City Polanco,JW Marriott,Marriott,Mexico City,,Mexico,,https://www.marriott.com/en-us/hotels/mexjw-jw-marriott-hotel-mexico-city-polanco/overview,Marriott,High,High,existing_exact_match,official_property_id,rechuggwcEfzxdHyH
ind_marriott_mx_mexsf,MEXSF,JW Marriott Hotel Mexico City Santa Fe,JW Marriott,Marriott,Mexico City,,Mexico,,https://www.marriott.com/en-us/hotels/mexsf-jw-marriott-hotel-mexico-city-santa-fe/overview,Marriott,High,High,existing_exact_match,official_property_id,recqf6OcQ45RPFWaD
ind_marriott_mx_sjdjw,SJDJW,JW Marriott Los Cabos Beach Resort & Spa,JW Marriott,Marriott,Los Cabos,,Mexico,,https://www.marriott.com/en-us/hotels/sjdjw-jw-marriott-los-cabos-beach-resort-and-spa/overview,Marriott,High,High,existing_exact_match,official_property_id,recDYNWvwxXi2hNE7
ind_marriott_mx_sjdjc,SJDJC,Casa Maat at JW Marriott Los Cabos Beach Resort & Spa,JW Marriott,Marriott,Los Cabos,,Mexico,,https://www.marriott.com/en-us/hotels/sjdjc-casa-maat-at-jw-marriott-los-cabos-beach-resort-and-spa/overview,Marriott,High,High,existing_exact_match,official_property_id,recHOhkkJT4CrXqls
ind_marriott_mx_cunxr,CUNXR,"The St. Regis Kanai Resort, Riviera Maya",St. Regis,Marriott,Riviera Maya,,Mexico,,https://www.marriott.com/en-us/hotels/cunxr-the-st-regis-kanai-resort-riviera-maya/overview,Marriott,High,High,existing_exact_match,official_property_id,recGoEqj8e4DSRayC
ind_marriott_mx_cuncm,CUNCM,"The St. Regis Costa Mujeres Resort, Cancun",St. Regis,Marriott,Cancun,,Mexico,,https://www.marriott.com/en-us/hotels/cuncm-the-st-regis-costa-mujeres-resort-cancun/overview,Marriott,High,High,existing_exact_match,official_property_id,rec0VkbM7Cbvim1uc
ind_marriott_mx_mexxr,MEXXR,The St. Regis Mexico City,St. Regis,Marriott,Mexico City,,Mexico,,https://www.marriott.com/en-us/hotels/mexxr-the-st-regis-mexico-city/overview,Marriott,High,High,existing_exact_match,official_property_id,recRXmrakhSAuctwz
ind_marriott_mx_pvrxr,PVRXR,The St. Regis Punta Mita Resort,St. Regis,Marriott,,,Mexico,,https://www.marriott.com/en-us/hotels/pvrxr-the-st-regis-punta-mita-resort/overview,Marriott,High,High,existing_exact_match,official_property_id,rec7Z9d1HeCnfobLW
ind_marriott_mx_mexwm,MEXWM,W Mexico City,W Hotels,Marriott,Mexico City,,Mexico,,https://www.marriott.com/en-us/hotels/mexwm-w-mexico-city/overview,Marriott,High,High,existing_exact_match,official_property_id,recxgRzp7syFpzwrw
ind_marriott_mx_pvrwh,PVRWH,W Punta de Mita,W Hotels,Marriott,Punta de Mita,,Mexico,,https://www.marriott.com/en-us/hotels/pvrwh-w-punta-de-mita/overview,Marriott,High,High,existing_exact_match,official_property_id,recNpKOfuwmLpFy7Q
ind_marriott_mx_bjxak,BJXAK,"Cleviá, San Miguel de Allende, Autograph Collection",Autograph Collection,Marriott,San Miguel de Allende,,Mexico,,https://www.marriott.com/en-us/hotels/bjxak-clevia-san-miguel-de-allende-autograph-collection/overview,Marriott,High,High,existing_exact_match,official_property_id,rec55rqVTckL1tlN7
ind_marriott_mx_cunhv,CUNHV,"Royalton Hideaway Riviera Cancun, An Autograph Collection All-Inclusive Resort - Adults Only",Autograph Collection,Marriott,An - Adults Only,,Mexico,,https://www.marriott.com/en-us/hotels/cunhv-royalton-hideaway-riviera-cancun-an-autograph-collection-all-inclusive-resort-adults-only/overview,Marriott,High,High,existing_exact_match,official_property_id,reciuu1Klz5yU7KKh
ind_marriott_mx_cunrc,CUNRC,"Royalton CHIC Cancun, An Autograph Collection All-Inclusive Resort - Adults Only",Autograph Collection,Marriott,An - Adults Only,,Mexico,,https://www.marriott.com/en-us/hotels/cunrc-royalton-chic-cancun-an-autograph-collection-all-inclusive-resort-adults-only/overview,Marriott,High,High,existing_exact_match,official_property_id,recVm7ttVPoJl3U3D
ind_marriott_mx_cunrv,CUNRV,"Royalton Riviera Cancun, An Autograph Collection All-Inclusive Resort & Casino",Autograph Collection,Marriott,An & Casino,,Mexico,,https://www.marriott.com/en-us/hotels/cunrv-royalton-riviera-cancun-an-autograph-collection-all-inclusive-resort-and-casino/overview,Marriott,High,High,existing_exact_match,official_property_id,recYnE4TtIWq5bmiX
ind_marriott_mx_cunsr,CUNSR,"Royalton Splash Riviera Cancun, An Autograph Collection All-Inclusive Resort",Autograph Collection,Marriott,Cancun,,Mexico,,https://www.marriott.com/en-us/hotels/cunsr-royalton-splash-riviera-cancun-an-autograph-collection-all-inclusive-resort/overview,Marriott,High,High,existing_exact_match,official_property_id,recXl7yWKG1aCHX8l
ind_marriott_mx_cuuak,CUUAK,"VETTA Distrito Uno, Autograph Collection",Autograph Collection,Marriott,,,Mexico,,https://www.marriott.com/en-us/hotels/cuuak-vetta-distrito-uno-autograph-collection/overview,Marriott,High,High,existing_exact_match,official_property_id,recGMbJPpx5y8bANX
ind_marriott_mx_cunpa,CUNPA,"Planet Hollywood Cancun Adult Scene by Royalton, Autograph Collection All-Inclusive Resort - Adults",Autograph Collection,Marriott,- Adults,,Mexico,,https://www.marriott.com/en-us/hotels/cunpa-planet-hollywood-cancun-adult-scene-by-royalton-autograph-collection-all-inclusive-resort-adults/overview,Marriott,High,High,existing_exact_match,official_property_id,rec8aCl84KcJdhl9k
ind_marriott_mx_cunpc,CUNPC,"Planet Hollywood Cancun by Royalton, An Autograph Collection All-Inclusive Resort",Autograph Collection,Marriott,Cancun,,Mexico,,https://www.marriott.com/en-us/hotels/cunpc-planet-hollywood-cancun-by-royalton-an-autograph-collection-all-inclusive-resort/overview,Marriott,High,High,existing_exact_match,official_property_id,recmIZ2mVMguAWa0x
ind_marriott_mx_mexba,MEXBA,"Boca Alameda Hotel, Mexico City, Autograph Collection",Autograph Collection,Marriott,Mexico City,,Mexico,,https://www.marriott.com/en-us/hotels/mexba-boca-alameda-hotel-mexico-city-autograph-collection/overview,Marriott,High,High,existing_exact_match,official_property_id,recYVs9TKi6kvB2Tm
ind_marriott_mx_slwak,SLWAK,"CASA MAYOR Saltillo, Hotel Hacienda",Marriott Bonvoy — Brand Unconfirmed,Marriott,Hacienda,,Mexico,,https://www.marriott.com/en-us/hotels/slwak-casa-mayor-saltillo-hotel-hacienda/overview,Marriott,High,Medium,existing_exact_match,official_property_id,recR1YUsKDkIs7iks
ind_marriott_mx_sjdha,SJDHA,"Hacienda del Mar Los Cabos, An Autograph Collection All-Inclusive Resort",Autograph Collection,Marriott,Los Cabos,,Mexico,,https://www.marriott.com/en-us/hotels/sjdha-hacienda-del-mar-los-cabos-an-autograph-collection-all-inclusive-resort/overview,Marriott,High,High,existing_exact_match,official_property_id,recX3BwgA6hn5qFAs
ind_marriott_mx_cuudc,CUUDC,Delta Hotels by Marriott Chihuahua,Delta Hotels,Marriott,Chihuahua,,Mexico,,https://www.marriott.com/en-us/hotels/cuudc-delta-hotels-chihuahua/overview,Marriott,High,High,existing_exact_match,official_property_id,rec8qIZ2IPpBQ6wsF
ind_marriott_mx_mtyjd,MTYJD,SJ Grand Hotel Monterrey,Marriott Bonvoy — Brand Unconfirmed,Marriott,Monterrey,,Mexico,,https://www.marriott.com/en-us/hotels/mtyjd-sj-grand-hotel-monterrey/overview,Marriott,High,Medium,existing_exact_match,official_property_id,recX4vzUp7AeGkmci
ind_marriott_mx_pbcde,PBCDE,Gran Hotel de Puebla by HNF,Marriott Bonvoy — Brand Unconfirmed,Marriott,Puebla,,Mexico,,https://www.marriott.com/en-us/hotels/pbcde-gran-hotel-de-puebla-by-hnf/overview,Marriott,High,Medium,existing_exact_match,official_property_id,rec9SQXzPOOsjPTqc
ind_marriott_mx_pvrde,PVRDE,"Delta Hotels Riviera Nayarit, An All-Inclusive Resort",Delta Hotels,Marriott,Riviera Nayarit,,Mexico,,https://www.marriott.com/en-us/hotels/pvrde-delta-hotels-riviera-nayarit-an-all-inclusive-resort/overview,Marriott,High,High,existing_exact_match,official_property_id,recV9xHQOy8Kqkhro
ind_marriott_mx_verde,VERDE,Delta Hotels by Marriott Riviera Veracruz,Delta Hotels,Marriott,Veracruz,,Mexico,,https://www.marriott.com/en-us/hotels/verde-delta-hotels-riviera-veracruz/overview,Marriott,High,High,existing_exact_match,official_property_id,recNXl5cMUgnGOri7
ind_marriott_mx_bjxds,BJXDS,"Elena de Cobre, a Member of Design Hotels™",Design Hotels,Marriott,,,Mexico,,https://www.marriott.com/en-us/hotels/bjxds-elena-de-cobre-a-member-of-design-hotels/overview,Marriott,High,High,existing_exact_match,official_property_id,rec02wJ8dk7HtjPjx
ind_marriott_mx_bjxhm,BJXHM,"Hotel Matilda, a Member of Design Hotels™",Design Hotels,Marriott,,,Mexico,,https://www.marriott.com/en-us/hotels/bjxhm-hotel-matilda-a-member-of-design-hotels/overview,Marriott,High,High,existing_exact_match,official_property_id,recWY3fHxShu6xFLv
ind_marriott_mx_czmde,CZMDE,"Papaya Playa Project, Tulum, a Member of Design Hotels™",Design Hotels,Marriott,Tulum,,Mexico,,https://www.marriott.com/en-us/hotels/czmde-papaya-playa-project-tulum-a-member-of-design-hotels/overview,Marriott,High,High,existing_exact_match,official_property_id,recJHwImimVQ5yOf4
ind_marriott_mx_czmds,CZMDS,"Hotel La Semilla, Playa del Carmen, a Member of Design Hotels™",Design Hotels,Marriott,Playa del Carmen,,Mexico,,https://www.marriott.com/en-us/hotels/czmds-hotel-la-semilla-playa-del-carmen-a-member-of-design-hotels/overview,Marriott,High,High,existing_exact_match,official_property_id,recrJCf3qwho6h7PS
ind_marriott_mx_gdlds,GDLDS,"Casa Habita, Guadalajara, a Member of Design Hotels™",Design Hotels,Marriott,Guadalajara,,Mexico,,https://www.marriott.com/en-us/hotels/gdlds-casa-habita-guadalajara-a-member-of-design-hotels/overview,Marriott,High,High,existing_exact_match,official_property_id,recYCJLcB7FYCmcB4
ind_marriott_mx_lapbc,LAPBC,"Baja Club Hotel, La Paz, Baja California Sur, a Member of Design Hotels™",Design Hotels,Marriott,La Paz,,Mexico,,https://www.marriott.com/en-us/hotels/lapbc-baja-club-hotel-la-paz-baja-california-sur-a-member-of-design-hotels/overview,Marriott,High,High,existing_exact_match,official_property_id,rec3QgXCAUGHlVw6c
ind_marriott_mx_mexds,MEXDS,"CONDESA df, Mexico City, a Member of Design Hotels™",Design Hotels,Marriott,Mexico City,,Mexico,,https://www.marriott.com/en-us/hotels/mexds-condesa-df-mexico-city-a-member-of-design-hotels/overview,Marriott,High,High,existing_exact_match,official_property_id,rec80isZs41AC5dqE
ind_marriott_mx_mexhd,MEXHD,"Habita, Mexico City, a Member of Design Hotels™",Design Hotels,Marriott,Mexico City,,Mexico,,https://www.marriott.com/en-us/hotels/mexhd-habita-mexico-city-a-member-of-design-hotels/overview,Marriott,High,High,existing_exact_match,official_property_id,recSXXbWhcNcsSyHc
ind_marriott_mx_midds,MIDDS,"Rosas & Xocolate, Mérida, a Member of Design Hotels™",Design Hotels,Marriott,Mérida,,Mexico,,https://www.marriott.com/en-us/hotels/midds-rosas-and-xocolate-merida-a-member-of-design-hotels/overview,Marriott,High,High,existing_exact_match,official_property_id,rec5HytFhKHHeQ8Kj
ind_marriott_mx_mtyds,MTYDS,"Habita Monterrey, a Member of Design Hotels™",Design Hotels,Marriott,Monterrey,,Mexico,,https://www.marriott.com/en-us/hotels/mtyds-habita-monterrey-a-member-of-design-hotels/overview,Marriott,High,High,existing_exact_match,official_property_id,recW7sPeknxZ04GBg
ind_marriott_mx_mexul,MEXUL,"Circulo Mexicano, Mexico, a Member of Design Hotels™",Design Hotels,Marriott,Mexico,,Mexico,,https://www.marriott.com/en-us/hotels/mexul-circulo-mexicano-mexico-a-member-of-design-hotels/overview,Marriott,High,High,existing_exact_match,official_property_id,recdA09CjsCpegQl8
ind_marriott_mx_mexdd,MEXDD,"Downtown Mexico, a Member of Design Hotels",Design Hotels,Marriott,,,Mexico,,https://www.marriott.com/en-us/hotels/mexdd-downtown-mexico-a-member-of-design-hotels/overview,Marriott,High,High,existing_exact_match,official_property_id,recJR1Kh1s4pkAenT
ind_marriott_mx_midhs,MIDHS,"Hotel Sevilla, a Member of Design Hotels™",Design Hotels,Marriott,,,Mexico,,https://www.marriott.com/en-us/hotels/midhs-hotel-sevilla-a-member-of-design-hotels/overview,Marriott,High,High,existing_exact_match,official_property_id,recy1nDBZaZvZFksB
ind_marriott_mx_oaxoo,OAXOO,"Otro Oaxaca, a Member of Design Hotels™",Design Hotels,Marriott,Oaxaca,,Mexico,,https://www.marriott.com/en-us/hotels/oaxoo-otro-oaxaca-a-member-of-design-hotels/overview,Marriott,High,High,existing_exact_match,official_property_id,recSdv3q472kmlSlA
ind_marriott_mx_pazdr,PAZDR,"Maison Couturier, San Rafael, a Member of Design Hotels™",Design Hotels,Marriott,San Rafael,,Mexico,,https://www.marriott.com/en-us/hotels/pazdr-maison-couturier-san-rafael-a-member-of-design-hotels/overview,Marriott,High,High,existing_exact_match,official_property_id,recd8C3YOCYvk5uib
ind_marriott_mx_pazds,PAZDS,"Azucar, Monte Gordo, a Member of Design Hotels™",Design Hotels,Marriott,Monte Gordo,,Mexico,,https://www.marriott.com/en-us/hotels/pazds-azucar-monte-gordo-a-member-of-design-hotels/overview,Marriott,High,High,existing_exact_match,official_property_id,recW36Mc2SfxCdbuC
ind_marriott_mx_pbcds,PBCDS,"La Purificadora, Puebla, a Member of Design Hotels™",Design Hotels,Marriott,Puebla,,Mexico,,https://www.marriott.com/en-us/hotels/pbcds-la-purificadora-puebla-a-member-of-design-hotels/overview,Marriott,High,High,existing_exact_match,official_property_id,rec1f0W6zwB9lA50p
ind_marriott_mx_pxmds,PXMDS,"Hotel Escondido, Puerto Escondido, a Member of Design Hotels™",Design Hotels,Marriott,Puerto Escondido,,Mexico,,https://www.marriott.com/en-us/hotels/pxmds-hotel-escondido-puerto-escondido-a-member-of-design-hotels/overview,Marriott,High,High,existing_exact_match,official_property_id,recV47DDYGTqvSLAK
ind_marriott_mx_pxmhe,PXMHE,"Hotel Escondido Oaxaca , Oaxaca, a Member of Design Hotels™",Design Hotels,Marriott,Oaxaca,,Mexico,,https://www.marriott.com/en-us/hotels/pxmhe-hotel-escondido-oaxaca-oaxaca-a-member-of-design-hotels/overview,Marriott,High,High,existing_exact_match,official_property_id,recu03WyEkh3gnlQR
ind_marriott_mx_pxmtr,PXMTR,"Terrestre, a Member of Design Hotels™",Design Hotels,Marriott,,,Mexico,,https://www.marriott.com/en-us/hotels/pxmtr-terrestre-a-member-of-design-hotels/overview,Marriott,High,High,existing_exact_match,official_property_id,rec30eORcGKDSQKhJ
ind_marriott_mx_pxmhh,PXMHH,"Hotel Humano, a Member of Design Hotels",Design Hotels,Marriott,,,Mexico,,https://www.marriott.com/en-us/hotels/pxmhh-hotel-humano-a-member-of-design-hotels/overview,Marriott,High,High,existing_exact_match,official_property_id,recSbz3vsbjS4Mw04
ind_marriott_mx_sjddh,SJDDH,"Drift San Jose del Cabo, a Member of Design Hotels™",Design Hotels,Marriott,San Jose del Cabo,,Mexico,,https://www.marriott.com/en-us/hotels/sjddh-drift-san-jose-del-cabo-a-member-of-design-hotels/overview,Marriott,High,High,existing_exact_match,official_property_id,recgMcYTKJG8N5QAa
ind_marriott_mx_sjdnb,SJDNB,"NEST Baja, a Member of Design Hotels",Design Hotels,Marriott,,,Mexico,,https://www.marriott.com/en-us/hotels/sjdnb-nest-baja-a-member-of-design-hotels/overview,Marriott,High,High,existing_exact_match,official_property_id,recrNPNLZ8rZds5F9
ind_marriott_mx_tqoxt,TQOXT,"XELA Tulum, a Member of Design Hotels™",Design Hotels,Marriott,Tulum,,Mexico,,https://www.marriott.com/en-us/hotels/tqoxt-xela-tulum-a-member-of-design-hotels/overview,Marriott,High,High,existing_exact_match,official_property_id,recf0a8MEj0IgvGDu
ind_marriott_mx_tijme,TIJME,"MIRA Earth Studios Valle de Guadalupe, a Member of Design Hotels",Design Hotels,Marriott,,,Mexico,,https://www.marriott.com/en-us/hotels/tijme-mira-earth-studios-valle-de-guadalupe-a-member-of-design-hotels/overview,Marriott,High,High,existing_exact_match,official_property_id,rectpyNDGNelhWeZx
ind_marriott_mx_mexdm,MEXDM,Le Méridien Mexico City Reforma,Le Méridien,Marriott,Mexico City,,Mexico,,https://www.marriott.com/en-us/hotels/mexdm-le-meridien-mexico-city-reforma/overview,Marriott,High,High,existing_exact_match,official_property_id,rec2FW7EDhNaZzQkk
ind_marriott_mx_agumc,AGUMC,Aguascalientes Marriott Hotel,Marriott Hotels,Marriott,Aguascalientes,,Mexico,,https://www.marriott.com/en-us/hotels/agumc-aguascalientes-marriott-hotel/overview,Marriott,High,High,existing_exact_match,official_property_id,recZINw7OCwSTozfP
ind_marriott_mx_cunmx,CUNMX,"Marriott Cancun, An All-Inclusive Resort",Marriott Hotels,Marriott,Cancun,,Mexico,,https://www.marriott.com/en-us/hotels/cunmx-marriott-cancun-an-all-inclusive-resort/overview,Marriott,High,High,existing_exact_match,official_property_id,recbckFp4Y3n4ZfAK
ind_marriott_mx_culmc,CULMC,Culiacan Marriott Hotel,Marriott Hotels,Marriott,Culiacan,,Mexico,,https://www.marriott.com/en-us/hotels/culmc-culiacan-marriott-hotel/overview,Marriott,High,High,existing_exact_match,official_property_id,recrMhsgoHifqDBjf
ind_marriott_mx_mexmc,MEXMC,Mexico City Marriott Reforma Hotel,Marriott Bonvoy — Brand Unconfirmed,Marriott,Mexico City,,Mexico,,https://www.marriott.com/en-us/hotels/mexmc-mexico-city-marriott-reforma-hotel/overview,Marriott,High,Medium,existing_exact_match,official_property_id,recf5IJsGuvGyyQ6U
ind_marriott_mx_pbcmc,PBCMC,Marriott Puebla Hotel Meson del Angel,Marriott Hotels,Marriott,Puebla,,Mexico,,https://www.marriott.com/en-us/hotels/pbcmc-marriott-puebla-hotel-meson-del-angel/overview,Marriott,High,High,existing_exact_match,official_property_id,recpaZHxX5vqm9qla
ind_marriott_mx_pvrmx,PVRMX,Marriott Puerto Vallarta Resort & Spa,Marriott Hotels,Marriott,Puerto Vallarta,,Mexico,,https://www.marriott.com/en-us/hotels/pvrmx-marriott-puerto-vallarta-resort-and-spa/overview,Marriott,High,High,existing_exact_match,official_property_id,reczW8rMYZ7T1zPxA
ind_marriott_mx_pvrmi,PVRMI,"Marriott Playa Vallarta, an All-Inclusive Resort",Marriott Hotels,Marriott,Playa Vallarta,,Mexico,,https://www.marriott.com/en-us/hotels/pvrmi-marriott-playa-vallarta-an-all-inclusive-resort/overview,Marriott,High,High,existing_exact_match,official_property_id,recUHhhlyD6EjvX1d
ind_marriott_mx_tgzmc,TGZMC,Marriott Tuxtla Gutierrez Hotel,Marriott Hotels,Marriott,Tuxtla Gutierrez,,Mexico,,https://www.marriott.com/en-us/hotels/tgzmc-marriott-tuxtla-gutierrez-hotel/overview,Marriott,High,High,existing_exact_match,official_property_id,recfjajDPQv8KNEYm
ind_marriott_mx_tijmc,TIJMC,Tijuana Marriott Hotel,Marriott Hotels,Marriott,Tijuana,,Mexico,,https://www.marriott.com/en-us/hotels/tijmc-tijuana-marriott-hotel/overview,Marriott,High,High,existing_exact_match,official_property_id,rec9V9iejQ9R21xuq
ind_marriott_mx_trcmc,TRCMC,Torreon Marriott Hotel,Marriott Hotels,Marriott,Torreon,,Mexico,,https://www.marriott.com/en-us/hotels/trcmc-torreon-marriott-hotel/overview,Marriott,High,High,existing_exact_match,official_property_id,rec94q89aYYmF6y9l
ind_marriott_mx_vsamc,VSAMC,Villahermosa Marriott Hotel,Marriott Hotels,Marriott,Villahermosa,,Mexico,,https://www.marriott.com/en-us/hotels/vsamc-villahermosa-marriott-hotel/overview,Marriott,High,High,existing_exact_match,official_property_id,recQ2WbUKBf7Napto
ind_marriott_mx_cunwl,CUNWL,"The Westin Lagunamar Ocean Resort Villas & Spa, Cancun",Westin,Marriott,Cancun,,Mexico,,https://www.marriott.com/en-us/hotels/cunwl-the-westin-lagunamar-ocean-resort-villas-and-spa-cancun/overview,Marriott,High,High,existing_exact_match,official_property_id,rechSkhr2ywccXYtZ
ind_marriott_mx_sjdwv,SJDWV,The Westin Los Cabos Resort Villas,Westin,Marriott,Los Cabos,,Mexico,,https://www.marriott.com/en-us/hotels/sjdwv-the-westin-los-cabos-resort-villas/overview,Marriott,High,High,existing_exact_match,official_property_id,rec70lgDfrGrhRk3X
ind_marriott_mx_sjdwb,SJDWB,The Westin Los Cabos Resort Villas - Baja Point,Westin,Marriott,Los Cabos,,Mexico,,https://www.marriott.com/en-us/hotels/sjdwb-the-westin-los-cabos-resort-villas-baja-point/overview,Marriott,High,High,existing_exact_match,official_property_id,recSsRIUm4iL9mj2G
ind_marriott_mx_cunbr,CUNBR,Renaissance Cancun Resort & Marina,Renaissance Hotels,Marriott,Cancun,,Mexico,,https://www.marriott.com/en-us/hotels/cunbr-renaissance-cancun-resort-and-marina/overview,Marriott,High,High,existing_exact_match,official_property_id,rec98FHprdZcY16Dn
ind_marriott_mx_bjxls,BJXLS,Sheraton León,Sheraton,Marriott,León,,Mexico,,https://www.marriott.com/en-us/hotels/bjxls-sheraton-leon/overview,Marriott,High,High,existing_exact_match,official_property_id,recviaWvg6YlYrQAh
ind_marriott_mx_cuusi,CUUSI,Sheraton Chihuahua Soberano,Sheraton,Marriott,Chihuahua,,Mexico,,https://www.marriott.com/en-us/hotels/cuusi-sheraton-chihuahua-soberano/overview,Marriott,High,High,existing_exact_match,official_property_id,recXbV5pYjRVSNuMt
ind_marriott_mx_gdlse,GDLSE,Sheraton Guadalajara Expo,Sheraton,Marriott,Guadalajara,,Mexico,,https://www.marriott.com/en-us/hotels/gdlse-sheraton-guadalajara-expo/overview,Marriott,High,High,existing_exact_match,official_property_id,recCAGqkERSXgiku4
ind_marriott_mx_mexis,MEXIS,Sheraton Maria Isabel Mexico City Reforma,Sheraton,Marriott,Mexico City,,Mexico,,https://www.marriott.com/en-us/hotels/mexis-sheraton-maria-isabel-mexico-city-reforma/overview,Marriott,High,High,existing_exact_match,official_property_id,recjODxR6MpO9BnuE
ind_marriott_mx_pvrsi,PVRSI,Sheraton Buganvilias Puerto Vallarta,Sheraton,Marriott,Puerto Vallarta,,Mexico,,https://www.marriott.com/en-us/hotels/pvrsi-sheraton-buganvilias-puerto-vallarta/overview,Marriott,High,High,existing_exact_match,official_property_id,recp3HVbTMHKqJ4UE
ind_marriott_mx_cunmh,CUNMH,"Mystique Holbox by Royalton, A Tribute Portfolio Resort",Tribute Portfolio,Marriott,,,Mexico,,https://www.marriott.com/en-us/hotels/cunmh-mystique-holbox-by-royalton-a-tribute-portfolio-resort/overview,Marriott,High,High,existing_exact_match,official_property_id,recmAoyQUdmTZ1QK1
ind_marriott_mx_cunan,CUNAN,"Casa Nizuc, a Tribute Portfolio Resort",Tribute Portfolio,Marriott,,,Mexico,,https://www.marriott.com/en-us/hotels/cunan-casa-nizuc-a-tribute-portfolio-resort/overview,Marriott,High,High,existing_exact_match,official_property_id,rec4327YEwJT59CAv
ind_marriott_mx_czmwi,CZMWI,The Westin Cozumel,Westin,Marriott,Cozumel,,Mexico,,https://www.marriott.com/en-us/hotels/czmwi-the-westin-cozumel/overview,Marriott,High,High,existing_exact_match,official_property_id,recnCOg5au4pVJqdH
ind_marriott_mx_cunwa,CUNWA,The Westin Cancun Resort & Spa,Westin,Marriott,Cancun,,Mexico,,https://www.marriott.com/en-us/hotels/cunwa-the-westin-cancun-resort-and-spa/overview,Marriott,High,High,existing_exact_match,official_property_id,rec8bRbZd0RSbG80l
ind_marriott_mx_gdlwi,GDLWI,The Westin Guadalajara,Westin,Marriott,Guadalajara,,Mexico,,https://www.marriott.com/en-us/hotels/gdlwi-the-westin-guadalajara/overview,Marriott,High,High,existing_exact_match,official_property_id,recIuyyTvHguZ0hAs
ind_marriott_mx_mexws,MEXWS,"The Westin Santa Fe, Mexico City",Westin,Marriott,Mexico City,,Mexico,,https://www.marriott.com/en-us/hotels/mexws-the-westin-santa-fe-mexico-city/overview,Marriott,High,High,existing_exact_match,official_property_id,recpgyJfJa8yVkYQH
ind_marriott_mx_mtywi,MTYWI,The Westin Monterrey Valle,Westin,Marriott,Monterrey,,Mexico,,https://www.marriott.com/en-us/hotels/mtywi-the-westin-monterrey-valle/overview,Marriott,High,High,existing_exact_match,official_property_id,recD17Kxn6BcJjGFh
ind_marriott_mx_pvrwa,PVRWA,"The Westin Playa Vallarta, an All-Inclusive Resort",Westin,Marriott,Playa Vallarta,,Mexico,,https://www.marriott.com/en-us/hotels/pvrwa-the-westin-playa-vallarta-an-all-inclusive-resort/overview,Marriott,High,High,existing_exact_match,official_property_id,recLP9eNGT4Di05Du
ind_marriott_mx_gdlac,GDLAC,"AC Hotel Guadalajara, Mexico",AC Hotels by Marriott,Marriott,Mexico,,Mexico,,https://www.marriott.com/en-us/hotels/gdlac-ac-hotel-guadalajara-mexico/overview,Marriott,High,High,existing_exact_match,official_property_id,recw9NuxB2qBmTzeg
ind_marriott_mx_gdlar,GDLAR,"AC Hotel Guadalajara Expo, Mexico",AC Hotels by Marriott,Marriott,Mexico,,Mexico,,https://www.marriott.com/en-us/hotels/gdlar-ac-hotel-guadalajara-expo-mexico/overview,Marriott,High,High,existing_exact_match,official_property_id,rec1Snj6DNXcKzOfR
ind_marriott_mx_mexac,MEXAC,AC Hotel by Marriott Santa Fe,AC Hotels by Marriott,Marriott,,,Mexico,,https://www.marriott.com/en-us/hotels/mexac-ac-hotel-santa-fe/overview,Marriott,High,High,existing_exact_match,official_property_id,recXcTfcO3jn6yjaY
ind_marriott_mx_mtyac,MTYAC,AC Hotel by Marriott Monterrey Valle,AC Hotels by Marriott,Marriott,Monterrey,,Mexico,,https://www.marriott.com/en-us/hotels/mtyac-ac-hotel-monterrey-valle/overview,Marriott,High,High,existing_exact_match,official_property_id,recYnFoM2L1WZ2K96
ind_marriott_mx_mtyas,MTYAS,AC Hotel Saltillo,AC Hotels by Marriott,Marriott,Saltillo,,Mexico,,https://www.marriott.com/en-us/hotels/mtyas-ac-hotel-saltillo/overview,Marriott,High,High,existing_exact_match,official_property_id,recb3WRBQRW1Kk2Qc
ind_marriott_mx_qroqa,QROQA,AC Hotel Queretaro Antea,AC Hotels by Marriott,Marriott,Queretaro,,Mexico,,https://www.marriott.com/en-us/hotels/qroqa-ac-hotel-queretaro-antea/overview,Marriott,High,High,existing_exact_match,official_property_id,rec4IMzkVGwajIHAu
ind_marriott_mx_slpac,SLPAC,AC Hotel By Marriott San Luis Potosi,AC Hotels by Marriott,Marriott,San Luis Potosi,,Mexico,,https://www.marriott.com/en-us/hotels/slpac-ac-hotel-san-luis-potosi/overview,Marriott,High,High,existing_exact_match,official_property_id,rec2XQE5MC0pvAPEn
ind_marriott_mx_verac,VERAC,AC Hotel Veracruz,AC Hotels by Marriott,Marriott,Veracruz,,Mexico,,https://www.marriott.com/en-us/hotels/verac-ac-hotel-veracruz/overview,Marriott,High,High,existing_exact_match,official_property_id,recb25CyL7TFHqsHt
ind_marriott_mx_cunal,CUNAL,Aloft by Marriott Cancun,Aloft Hotels,Marriott,Cancun,,Mexico,,https://www.marriott.com/en-us/hotels/cunal-aloft-cancun/overview,Marriott,High,High,existing_exact_match,official_property_id,recdRPHXF8JnSOgmx
ind_marriott_mx_cunla,CUNLA,Aloft by Marriott Playa del Carmen,Aloft Hotels,Marriott,Playa del Carmen,,Mexico,,https://www.marriott.com/en-us/hotels/cunla-aloft-playa-del-carmen/overview,Marriott,High,High,existing_exact_match,official_property_id,rechvzIMs3TVnb7c8
ind_marriott_mx_gdlag,GDLAG,Aloft by Marriott Guadalajara Sur,Aloft Hotels,Marriott,Guadalajara,,Mexico,,https://www.marriott.com/en-us/hotels/gdlag-aloft-guadalajara-sur/overview,Marriott,High,High,existing_exact_match,official_property_id,recFQftCuCTqjpQ0m
ind_marriott_mx_gdlcc,GDLCC,Hotel Guadalajara Country Club by HNF,Marriott Bonvoy — Brand Unconfirmed,Marriott,Guadalajara,,Mexico,,https://www.marriott.com/en-us/hotels/gdlcc-hotel-guadalajara-country-club-by-hnf/overview,Marriott,High,Medium,existing_exact_match,official_property_id,recxUDNWzT62SWpXr
ind_marriott_mx_qroaq,QROAQ,Aloft by Marriott Queretaro,Aloft Hotels,Marriott,Queretaro,,Mexico,,https://www.marriott.com/en-us/hotels/qroaq-aloft-queretaro/overview,Marriott,High,High,existing_exact_match,official_property_id,recmDfTGhrtx6cKSm
ind_marriott_mx_agujc,AGUJC,City Express Junior by Marriott Aguascalientes Centro,City Express Junior by Marriott,Marriott,Aguascalientes,,Mexico,,https://www.marriott.com/en-us/hotels/agujc-city-express-junior-aguascalientes-centro/overview,Marriott,High,High,existing_exact_match,official_property_id,recTRp7zOP9c4lfZD
ind_marriott_mx_aguxs,AGUXS,City Express by Marriott Aguascalientes Sur,City Express by Marriott,Marriott,Aguascalientes,,Mexico,,https://www.marriott.com/en-us/hotels/aguxs-city-express-aguascalientes-sur/overview,Marriott,High,High,existing_exact_match,official_property_id,recwAn3gqPCoEct9M
ind_marriott_mx_bjxxl,BJXXL,City Express by Marriott Leon,City Express by Marriott,Marriott,Leon,,Mexico,,https://www.marriott.com/en-us/hotels/bjxxl-city-express-leon/overview,Marriott,High,High,existing_exact_match,official_property_id,rec22IdeWa0u2bWAS
ind_marriott_mx_bjxpl,BJXPL,City Express Plus by Marriott Leon Centro de Convenciones,City Express Plus by Marriott,Marriott,Leon,,Mexico,,https://www.marriott.com/en-us/hotels/bjxpl-city-express-plus-leon-centro-de-convenciones/overview,Marriott,High,High,existing_exact_match,official_property_id,recznVUPjxTf3v8UU
ind_marriott_mx_bjxxi,BJXXI,City Express by Marriott Irapuato,City Express by Marriott,Marriott,,,Mexico,,https://www.marriott.com/en-us/hotels/bjxxi-city-express-irapuato/overview,Marriott,High,High,existing_exact_match,official_property_id,reca7O435HoQiCQcS
ind_marriott_mx_bjxxo,BJXXO,City Express by Marriott Silao Aeropuerto,City Express by Marriott,Marriott,,,Mexico,,https://www.marriott.com/en-us/hotels/bjxxo-city-express-silao-aeropuerto/overview,Marriott,High,High,existing_exact_match,official_property_id,recX47Z9bpDVG03ns
ind_marriott_mx_bjxxg,BJXXG,City Express by Marriott Celaya Galerias,City Express by Marriott,Marriott,,,Mexico,,https://www.marriott.com/en-us/hotels/bjxxg-city-express-celaya-galerias/overview,Marriott,High,High,existing_exact_match,official_property_id,recnUes3FsA8AzgMK
ind_marriott_mx_bjxjl,BJXJL,City Express Junior by Marriott León Centro De Convenciones,City Express Junior by Marriott,Marriott,León,,Mexico,,https://www.marriott.com/en-us/hotels/bjxjl-city-express-junior-leon-centro-de-convenciones/overview,Marriott,High,High,existing_exact_match,official_property_id,rec0kWb1pecfDy0J4
ind_marriott_mx_bjxxm,BJXXM,City Express by Marriott Lagos De Moreno,City Express by Marriott,Marriott,,,Mexico,,https://www.marriott.com/en-us/hotels/bjxxm-city-express-lagos-de-moreno/overview,Marriott,High,High,existing_exact_match,official_property_id,recSnHLnbp0iOUTfP
ind_marriott_mx_bjxxn,BJXXN,City Express by Marriott Irapuato Norte,City Express by Marriott,Marriott,,,Mexico,,https://www.marriott.com/en-us/hotels/bjxxn-city-express-irapuato-norte/overview,Marriott,High,High,existing_exact_match,official_property_id,rec2UDDnM7al6Dwq9
ind_marriott_mx_bjxxc,BJXXC,City Express by Marriott Celaya Parque,City Express by Marriott,Marriott,,,Mexico,,https://www.marriott.com/en-us/hotels/bjxxc-city-express-celaya-parque/overview,Marriott,High,High,existing_exact_match,official_property_id,reciajBWBjruxhteH
ind_marriott_mx_bjxxs,BJXXS,City Express by Marriott Salamanca,City Express by Marriott,Marriott,,,Mexico,,https://www.marriott.com/en-us/hotels/bjxxs-city-express-salamanca/overview,Marriott,High,High,existing_exact_match,official_property_id,recBQWBWy34egojZS
ind_marriott_mx_cunjc,CUNJC,City Express Junior by Marriott Cancun,City Express Junior by Marriott,Marriott,Cancun,,Mexico,,https://www.marriott.com/en-us/hotels/cunjc-city-express-junior-cancun/overview,Marriott,High,High,existing_exact_match,official_property_id,recBKGidcenzjCYZ2
ind_marriott_mx_cjsjj,CJSJJ,City Express Junior by Marriott Ciudad Juárez Consulado,City Express Junior by Marriott,Marriott,Ciudad Juárez,,Mexico,,https://www.marriott.com/en-us/hotels/cjsjj-city-express-junior-ciudad-juarez-consulado/overview,Marriott,High,High,existing_exact_match,official_property_id,recIocOf503ALtbiQ
ind_marriott_mx_cvmxv,CVMXV,City Express by Marriott Ciudad Victoria,City Express by Marriott,Marriott,,,Mexico,,https://www.marriott.com/en-us/hotels/cvmxv-city-express-ciudad-victoria/overview,Marriott,High,High,existing_exact_match,official_property_id,recZ7WZxG0HKjQFBk
ind_marriott_mx_cmejc,CMEJC,City Express Junior by Marriott Ciudad Del Carmen,City Express Junior by Marriott,Marriott,,,Mexico,,https://www.marriott.com/en-us/hotels/cmejc-city-express-junior-ciudad-del-carmen/overview,Marriott,High,High,existing_exact_match,official_property_id,recZ7Im0FHhwQoQrz
ind_marriott_mx_cunxc,CUNXC,City Express by Marriott Cancun,City Express by Marriott,Marriott,Cancun,,Mexico,,https://www.marriott.com/en-us/hotels/cunxc-city-express-cancun/overview,Marriott,High,High,existing_exact_match,official_property_id,recjbXtme9sZCM0vi
ind_marriott_mx_cenxo,CENXO,City Express by Marriott Ciudad Obregón,City Express by Marriott,Marriott,,,Mexico,,https://www.marriott.com/en-us/hotels/cenxo-city-express-ciudad-obregon/overview,Marriott,High,High,existing_exact_match,official_property_id,rec0H65Zl2xa0St9L
ind_marriott_mx_cpexp,CPEXP,City Express by Marriott Campeche,City Express by Marriott,Marriott,,,Mexico,,https://www.marriott.com/en-us/hotels/cpexp-city-express-campeche/overview,Marriott,High,High,existing_exact_match,official_property_id,recPdsBVkUDSG6Sfc
ind_marriott_mx_cmejo,CMEJO,City Express Junior by Marriott Ciudad Del Carmen Aeropuerto,City Express Junior by Marriott,Marriott,,,Mexico,,https://www.marriott.com/en-us/hotels/cmejo-city-express-junior-ciudad-del-carmen-aeropuerto/overview,Marriott,High,High,existing_exact_match,official_property_id,rectDVWAOCbpJNuCj
ind_marriott_mx_cmexc,CMEXC,City Express by Marriott Ciudad del Carmen,City Express by Marriott,Marriott,,,Mexico,,https://www.marriott.com/en-us/hotels/cmexc-city-express-ciudad-del-carmen/overview,Marriott,High,High,existing_exact_match,official_property_id,recHwf9euNdF3ah4U
ind_marriott_mx_cuuxc,CUUXC,City Express by Marriott Chihuahua,City Express by Marriott,Marriott,Chihuahua,,Mexico,,https://www.marriott.com/en-us/hotels/cuuxc-city-express-chihuahua/overview,Marriott,High,High,existing_exact_match,official_property_id,recNGvMiiFnIkxtiR
ind_marriott_mx_cunpo,CUNPO,City Express Plus by Marriott Cancún Aeropuerto Riviera,City Express Plus by Marriott,Marriott,Cancún,,Mexico,,https://www.marriott.com/en-us/hotels/cunpo-city-express-plus-cancun-aeropuerto-riviera/overview,Marriott,High,High,existing_exact_match,official_property_id,recpsYGVpvXIWERAh
ind_marriott_mx_cunxp,CUNXP,City Express by Marriott Playa Del Carmen,City Express by Marriott,Marriott,Playa del Carmen,,Mexico,,https://www.marriott.com/en-us/hotels/cunxp-city-express-playa-del-carmen/overview,Marriott,High,High,existing_exact_match,official_property_id,recZ6HWUNkq7tQSzP
ind_marriott_mx_ctmxc,CTMXC,City Express by Marriott Chetumal,City Express by Marriott,Marriott,,,Mexico,,https://www.marriott.com/en-us/hotels/ctmxc-city-express-chetumal/overview,Marriott,High,High,existing_exact_match,official_property_id,reczj0jqTPCZzZSG5
ind_marriott_mx_culxc,CULXC,City Express by Marriott Culiacán,City Express by Marriott,Marriott,Culiacán,,Mexico,,https://www.marriott.com/en-us/hotels/culxc-city-express-culiacan/overview,Marriott,High,High,existing_exact_match,official_property_id,recGko2dsW0qhznR5
ind_marriott_mx_cjsxj,CJSXJ,City Express by Marriott Ciudad Juárez,City Express by Marriott,Marriott,Ciudad Juárez,,Mexico,,https://www.marriott.com/en-us/hotels/cjsxj-city-express-ciudad-juarez/overview,Marriott,High,High,existing_exact_match,official_property_id,rec9cakTLbbjzpmWM
ind_marriott_mx_cunxa,CUNXA,City Express by Marriott Cancun Aeropuerto,City Express by Marriott,Marriott,Cancun,,Mexico,,https://www.marriott.com/en-us/hotels/cunxa-city-express-cancun-aeropuerto/overview,Marriott,High,High,existing_exact_match,official_property_id,recLhzVOydx61ko0j
ind_marriott_mx_dgoxd,DGOXD,City Express by Marriott Durango,City Express by Marriott,Marriott,,,Mexico,,https://www.marriott.com/en-us/hotels/dgoxd-city-express-durango/overview,Marriott,High,High,existing_exact_match,official_property_id,recR5RPN1liHxACjG
ind_marriott_mx_gdlpr,GDLPR,City Express Plus by Marriott Guadalajara Providencia,City Express Plus by Marriott,Marriott,Guadalajara,,Mexico,,https://www.marriott.com/en-us/hotels/gdlpr-city-express-plus-guadalajara-providencia/overview,Marriott,High,High,existing_exact_match,official_property_id,recZFuiOYGy8xWdsI
ind_marriott_mx_gdljp,GDLJP,City Express Junior by Marriott Guadalajara Periférico Sur,City Express Junior by Marriott,Marriott,Guadalajara,,Mexico,,https://www.marriott.com/en-us/hotels/gdljp-city-express-junior-guadalajara-periferico-sur/overview,Marriott,High,High,existing_exact_match,official_property_id,reckOMs7ywxxKRUhX
ind_marriott_mx_gdlpp,GDLPP,City Express Plus by Marriott Guadalajara Palomar,City Express Plus by Marriott,Marriott,Guadalajara,,Mexico,,https://www.marriott.com/en-us/hotels/gdlpp-city-express-plus-guadalajara-palomar/overview,Marriott,High,High,existing_exact_match,official_property_id,rec73qy1BXBWT4bYI
ind_marriott_mx_gdlpe,GDLPE,City Express Plus by Marriott Guadalajara Expo,City Express Plus by Marriott,Marriott,Guadalajara,,Mexico,,https://www.marriott.com/en-us/hotels/gdlpe-city-express-plus-guadalajara-expo/overview,Marriott,High,High,existing_exact_match,official_property_id,recJuRQk3uIfVKTHN
ind_marriott_mx_gdlxo,GDLXO,City Express by Marriott Guadalajara Aeropuerto,City Express by Marriott,Marriott,Guadalajara,,Mexico,,https://www.marriott.com/en-us/hotels/gdlxo-city-express-guadalajara-aeropuerto/overview,Marriott,High,High,existing_exact_match,official_property_id,recX816NRPUJ4xeZp
ind_marriott_mx_hmoxh,HMOXH,City Express by Marriott Hermosillo,City Express by Marriott,Marriott,Hermosillo,,Mexico,,https://www.marriott.com/en-us/hotels/hmoxh-city-express-hermosillo/overview,Marriott,High,High,existing_exact_match,official_property_id,recq2T4TEIag1HL3O
ind_marriott_mx_hmoxg,HMOXG,City Express by Marriott Guaymas,City Express by Marriott,Marriott,,,Mexico,,https://www.marriott.com/en-us/hotels/hmoxg-city-express-guaymas/overview,Marriott,High,High,existing_exact_match,official_property_id,recbLJgmkLLilCSNG
ind_marriott_mx_hmoxe,HMOXE,City Express by Marriott Hermosillo Expo,City Express by Marriott,Marriott,Hermosillo,,Mexico,,https://www.marriott.com/en-us/hotels/hmoxe-city-express-hermosillo-expo/overview,Marriott,High,High,existing_exact_match,official_property_id,recE32CUORVYCCxEC
ind_marriott_mx_iztxs,IZTXS,City Express by Marriott Salina Cruz,City Express by Marriott,Marriott,,,Mexico,,https://www.marriott.com/en-us/hotels/iztxs-city-express-salina-cruz/overview,Marriott,High,High,existing_exact_match,official_property_id,recR7nNaWM1T2mgDh
ind_marriott_mx_lmmxl,LMMXL,City Express by Marriott Los Mochis,City Express by Marriott,Marriott,,,Mexico,,https://www.marriott.com/en-us/hotels/lmmxl-city-express-los-mochis/overview,Marriott,High,High,existing_exact_match,official_property_id,recvOciBsbJMAB5PO
ind_marriott_mx_lapxl,LAPXL,City Express by Marriott La Paz,City Express by Marriott,Marriott,La Paz,,Mexico,,https://www.marriott.com/en-us/hotels/lapxl-city-express-la-paz/overview,Marriott,High,High,existing_exact_match,official_property_id,recs2VFrtnbHEQD5X
ind_marriott_mx_midxm,MIDXM,City Express by Marriott Merida,City Express by Marriott,Marriott,Merida,,Mexico,,https://www.marriott.com/en-us/hotels/midxm-city-express-merida/overview,Marriott,High,High,existing_exact_match,official_property_id,recVfxTwvTO0jvvwf
ind_marriott_mx_mexpe,MEXPE,City Express Plus by Marriott Ciudad de México Santa Fe,City Express Plus by Marriott,Marriott,Ciudad de México,,Mexico,,https://www.marriott.com/en-us/hotels/mexpe-city-express-plus-ciudad-de-mexico-santa-fe/overview,Marriott,High,High,existing_exact_match,official_property_id,recjnQUAuLYYub0ia
ind_marriott_mx_mexpg,MEXPG,City Express Plus by Marriott Ciudad de México Reforma El Ángel,City Express Plus by Marriott,Marriott,Ciudad de México,,Mexico,,https://www.marriott.com/en-us/hotels/mexpg-city-express-plus-ciudad-de-mexico-reforma-el-angel/overview,Marriott,High,High,existing_exact_match,official_property_id,rec3lq6HNkA6e7vGu
ind_marriott_mx_mtyxl,MTYXL,City Express by Marriott Saltillo Norte,City Express by Marriott,Marriott,Saltillo,,Mexico,,https://www.marriott.com/en-us/hotels/mtyxl-city-express-saltillo-norte/overview,Marriott,High,High,existing_exact_match,official_property_id,recVZyI1enAGY0tTo
ind_marriott_mx_mexpu,MEXPU,City Express Plus by Marriott Ciudad de México Patio Universidad,City Express Plus by Marriott,Marriott,Ciudad de México,,Mexico,,https://www.marriott.com/en-us/hotels/mexpu-city-express-plus-ciudad-de-mexico-patio-universidad/overview,Marriott,High,High,existing_exact_match,official_property_id,recOlAnG812WcP7Eg
ind_marriott_mx_mexxv,MEXXV,City Express by Marriott Ciudad de México La Villa,City Express by Marriott,Marriott,Ciudad de México,,Mexico,,https://www.marriott.com/en-us/hotels/mexxv-city-express-ciudad-de-mexico-la-villa/overview,Marriott,High,High,existing_exact_match,official_property_id,recwQL75O9hszKttd
ind_marriott_mx_mexpp,MEXPP,City Express Plus by Marriott Ciudad de México Periférico Sur Tlalpan,City Express Plus by Marriott,Marriott,Ciudad de México,,Mexico,,https://www.marriott.com/en-us/hotels/mexpp-city-express-plus-ciudad-de-mexico-periferico-sur-tlalpan/overview,Marriott,High,High,existing_exact_match,official_property_id,recWza0GzQIUiXVmV
ind_marriott_mx_mexpm,MEXPM,City Express Plus by Marriott Ciudad de México Mundo E,City Express Plus by Marriott,Marriott,Ciudad de México,,Mexico,,https://www.marriott.com/en-us/hotels/mexpm-city-express-plus-ciudad-de-mexico-mundo-e/overview,Marriott,High,High,existing_exact_match,official_property_id,recE0g4M6IQ8XJphu
ind_marriott_mx_mamxm,MAMXM,City Express by Marriott Matamoros,City Express by Marriott,Marriott,,,Mexico,,https://www.marriott.com/en-us/hotels/mamxm-city-express-matamoros/overview,Marriott,High,High,existing_exact_match,official_property_id,recce3XdV9NeUTrjI
ind_marriott_mx_mtyps,MTYPS,City Express Plus by Marriott Monterrey Nuevo Sur,City Express Plus by Marriott,Marriott,Monterrey,,Mexico,,https://www.marriott.com/en-us/hotels/mtyps-city-express-plus-monterrey-nuevo-sur/overview,Marriott,High,High,existing_exact_match,official_property_id,recQtNmkpaXut7DdD
ind_marriott_mx_mexxd,MEXXD,City Express by Marriott Ciudad De Mexico Alameda,City Express by Marriott,Marriott,,,Mexico,,https://www.marriott.com/en-us/hotels/mexxd-city-express-ciudad-de-mexico-alameda/overview,Marriott,High,High,existing_exact_match,official_property_id,rec7J2JVuPaZTT3I5
ind_marriott_mx_mtypg,MTYPG,City Express Plus by Marriott Monterrey Galerias,City Express Plus by Marriott,Marriott,Monterrey,,Mexico,,https://www.marriott.com/en-us/hotels/mtypg-city-express-plus-monterrey-galerias/overview,Marriott,High,High,existing_exact_match,official_property_id,recJE5e7bxnmPuEd1
ind_marriott_mx_mxljm,MXLJM,City Express Junior by Marriott Mexicali,City Express Junior by Marriott,Marriott,Mexicali,,Mexico,,https://www.marriott.com/en-us/hotels/mxljm-city-express-junior-mexicali/overview,Marriott,High,High,existing_exact_match,official_property_id,recrDsnPokjb2XwNF
ind_marriott_mx_midpm,MIDPM,City Express Plus by Marriott Mérida,City Express Plus by Marriott,Marriott,Mérida,,Mexico,,https://www.marriott.com/en-us/hotels/midpm-city-express-plus-merida/overview,Marriott,High,High,existing_exact_match,official_property_id,recbeiufJ8OsEkwNg
ind_marriott_mx_mtyxn,MTYXN,City Express by Marriott Monterrey Norte,City Express by Marriott,Marriott,Monterrey,,Mexico,,https://www.marriott.com/en-us/hotels/mtyxn-city-express-monterrey-norte/overview,Marriott,High,High,existing_exact_match,official_property_id,recmz5eA5I4M8PA7Q
ind_marriott_mx_mtyxu,MTYXU,City Express by Marriott Monterrey Universidad,City Express by Marriott,Marriott,Monterrey,,Mexico,,https://www.marriott.com/en-us/hotels/mtyxu-city-express-monterrey-universidad/overview,Marriott,High,High,existing_exact_match,official_property_id,recHARtKuSzYMFHEc
ind_marriott_mx_midja,MIDJA,City Express Junior by Marriott Merida Altabrisa,City Express Junior by Marriott,Marriott,Merida,,Mexico,,https://www.marriott.com/en-us/hotels/midja-city-express-junior-merida-altabrisa/overview,Marriott,High,High,existing_exact_match,official_property_id,recGotj1TjlbYnyXd
ind_marriott_mx_mztpm,MZTPM,City Express Plus by Marriott Mazatlán,City Express Plus by Marriott,Marriott,Mazatlán,,Mexico,,https://www.marriott.com/en-us/hotels/mztpm-city-express-plus-mazatlan/overview,Marriott,High,High,existing_exact_match,official_property_id,recAD5N0LJeT2Qbh8
ind_marriott_mx_mexxl,MEXXL,City Express by Marriott Ciudad de México Tlalpan,City Express by Marriott,Marriott,Ciudad de México,,Mexico,,https://www.marriott.com/en-us/hotels/mexxl-city-express-ciudad-de-mexico-tlalpan/overview,Marriott,High,High,existing_exact_match,official_property_id,recbSDS3uEj2663co
ind_marriott_mx_mztxm,MZTXM,City Express by Marriott Mazatlán,City Express by Marriott,Marriott,Mazatlán,,Mexico,,https://www.marriott.com/en-us/hotels/mztxm-city-express-mazatlan/overview,Marriott,High,High,existing_exact_match,official_property_id,reczL5wQcARk5bMkl
ind_marriott_mx_mexxb,MEXXB,City Express by Marriott Ciudad de México Tlalnepantla,City Express by Marriott,Marriott,Ciudad de México,,Mexico,,https://www.marriott.com/en-us/hotels/mexxb-city-express-ciudad-de-mexico-tlalnepantla/overview,Marriott,High,High,existing_exact_match,official_property_id,recsB6uTaqDwQ36Dt
ind_marriott_mx_mexpi,MEXPI,City Express Plus by Marriott Ciudad de México Insurgentes Sur,City Express Plus by Marriott,Marriott,Ciudad de México,,Mexico,,https://www.marriott.com/en-us/hotels/mexpi-city-express-plus-ciudad-de-mexico-insurgentes-sur/overview,Marriott,High,High,existing_exact_match,official_property_id,recB2NjRGptbJ7FXn
ind_marriott_mx_mtyxo,MTYXO,City Express by Marriott Monterrey Aeropuerto,City Express by Marriott,Marriott,Monterrey,,Mexico,,https://www.marriott.com/en-us/hotels/mtyxo-city-express-monterrey-aeropuerto/overview,Marriott,High,High,existing_exact_match,official_property_id,recOgEKoCxUrPE7uh
ind_marriott_mx_mexjs,MEXJS,City Express Junior by Marriott Ciudad de México Sullivan,City Express Junior by Marriott,Marriott,Ciudad de México,,Mexico,,https://www.marriott.com/en-us/hotels/mexjs-city-express-junior-ciudad-de-mexico-sullivan/overview,Marriott,High,High,existing_exact_match,official_property_id,recT1YVE99eiKqnRY
ind_marriott_mx_mxlxm,MXLXM,City Express by Marriott Mexicali,City Express by Marriott,Marriott,Mexicali,,Mexico,,https://www.marriott.com/en-us/hotels/mxlxm-city-express-mexicali/overview,Marriott,High,High,existing_exact_match,official_property_id,reclHgkQPfYuiXh7C
ind_marriott_mx_mexpt,MEXPT,City Express Plus by Marriott Ciudad de Mexico Interlomas,City Express Plus by Marriott,Marriott,,,Mexico,,https://www.marriott.com/en-us/hotels/mexpt-city-express-plus-ciudad-de-mexico-interlomas/overview,Marriott,High,High,existing_exact_match,official_property_id,rec904TNVosisCHEm
ind_marriott_mx_mexxp,MEXXP,City Express by Marriott Tepotzotlan,City Express by Marriott,Marriott,,,Mexico,,https://www.marriott.com/en-us/hotels/mexxp-city-express-tepotzotlan/overview,Marriott,High,High,existing_exact_match,official_property_id,recLkKYwYe65p19F3
ind_marriott_mx_mexxe,MEXXE,City Express by Marriott Ciudad de México EBC Reforma,City Express by Marriott,Marriott,Ciudad de México,,Mexico,,https://www.marriott.com/en-us/hotels/mexxe-city-express-ciudad-de-mexico-ebc-reforma/overview,Marriott,High,High,existing_exact_match,official_property_id,recBMeEWLRl8FjkSo
ind_marriott_mx_mexxu,MEXXU,City Express by Marriott Tula,City Express by Marriott,Marriott,,,Mexico,,https://www.marriott.com/en-us/hotels/mexxu-city-express-tula/overview,Marriott,High,High,existing_exact_match,official_property_id,reclnzxL3lORDX9nv
ind_marriott_mx_mexcm,MEXCM,City Centro by Marriott Ciudad De México,City Centro by Marriott,Marriott,Ciudad de México,,Mexico,,https://www.marriott.com/en-us/hotels/mexcm-city-centro-ciudad-de-mexico/overview,Marriott,High,High,existing_exact_match,official_property_id,recdlG6uYmJhrReyp
ind_marriott_mx_mexsa,MEXSA,City Express Suites by Marriott Ciudad de México Anzures,City Express Suites by Marriott,Marriott,Ciudad de México,,Mexico,,https://www.marriott.com/en-us/hotels/mexsa-city-express-suites-ciudad-de-mexico-anzures/overview,Marriott,High,High,existing_exact_match,official_property_id,recPiSKyVpJIqSBsW
ind_marriott_mx_mxlpm,MXLPM,City Express Plus by Marriott Mexicali,City Express Plus by Marriott,Marriott,Mexicali,,Mexico,,https://www.marriott.com/en-us/hotels/mxlpm-city-express-plus-mexicali/overview,Marriott,High,High,existing_exact_match,official_property_id,recaQD64oN3ETygVq
ind_marriott_mx_mtyxw,MTYXW,City Express by Marriott Saltillo Sur,City Express by Marriott,Marriott,Saltillo,,Mexico,,https://www.marriott.com/en-us/hotels/mtyxw-city-express-saltillo-sur/overview,Marriott,High,High,existing_exact_match,official_property_id,reczFL2BzDb6GNxTr
ind_marriott_mx_mexxa,MEXXA,City Express by Marriott Ciudad De México La Raza,City Express by Marriott,Marriott,Ciudad de México,,Mexico,,https://www.marriott.com/en-us/hotels/mexxa-city-express-ciudad-de-mexico-la-raza/overview,Marriott,High,High,existing_exact_match,official_property_id,recTkwmo5Ce0EUlQt
ind_marriott_mx_mexxo,MEXXO,City Express by Marriott Ciudad de México Aeropuerto,City Express by Marriott,Marriott,Ciudad de México,,Mexico,,https://www.marriott.com/en-us/hotels/mexxo-city-express-ciudad-de-mexico-aeropuerto/overview,Marriott,High,High,existing_exact_match,official_property_id,recOqiMwMw2wc4sNY
ind_marriott_mx_mtyxt,MTYXT,City Express by Marriott Monterrey Lindavista,City Express by Marriott,Marriott,Monterrey,,Mexico,,https://www.marriott.com/en-us/hotels/mtyxt-city-express-monterrey-lindavista/overview,Marriott,High,High,existing_exact_match,official_property_id,rec2uaPcoXJFQ2cuA
ind_marriott_mx_mtyxc,MTYXC,City Express by Marriott Monterrey Santa Catarina,City Express by Marriott,Marriott,Monterrey,,Mexico,,https://www.marriott.com/en-us/hotels/mtyxc-city-express-monterrey-santa-catarina/overview,Marriott,High,High,existing_exact_match,official_property_id,recQTMIsWmOXaJQ08
ind_marriott_mx_mttxt,MTTXT,City Express by Marriott Minatitlan,City Express by Marriott,Marriott,,,Mexico,,https://www.marriott.com/en-us/hotels/mttxt-city-express-minatitlan/overview,Marriott,High,High,existing_exact_match,official_property_id,recCksMSQt8WapQAP
ind_marriott_mx_mexxz,MEXXZ,City Express by Marriott Ciudad de México Plaza Central,City Express by Marriott,Marriott,Ciudad de México,,Mexico,,https://www.marriott.com/en-us/hotels/mexxz-city-express-ciudad-de-mexico-plaza-central/overview,Marriott,High,High,existing_exact_match,official_property_id,rec7f3cYiXjssNxjf
ind_marriott_mx_mtypc,MTYPC,City Express Plus by Marriott Monterrey Centro,City Express Plus by Marriott,Marriott,Monterrey,,Mexico,,https://www.marriott.com/en-us/hotels/mtypc-city-express-plus-monterrey-centro/overview,Marriott,High,High,existing_exact_match,official_property_id,recn9PAERpTSzwG4g
ind_marriott_mx_nogxn,NOGXN,City Express by Marriott Nogales,City Express by Marriott,Marriott,,,Mexico,,https://www.marriott.com/en-us/hotels/nogxn-city-express-nogales/overview,Marriott,High,High,existing_exact_match,official_property_id,rec0dxxcwt79FO1nZ
ind_marriott_mx_nldxn,NLDXN,City Express by Marriott Nuevo Laredo,City Express by Marriott,Marriott,,,Mexico,,https://www.marriott.com/en-us/hotels/nldxn-city-express-nuevo-laredo/overview,Marriott,High,High,existing_exact_match,official_property_id,recXLBKImvRJGcjh0
ind_marriott_mx_nogxc,NOGXC,City Express by Marriott Cananea,City Express by Marriott,Marriott,,,Mexico,,https://www.marriott.com/en-us/hotels/nogxc-city-express-cananea/overview,Marriott,High,High,existing_exact_match,official_property_id,recWjd17bZYNk0mQZ
ind_marriott_mx_oaxco,OAXCO,City Centro by Marriott Oaxaca,City Centro by Marriott,Marriott,Oaxaca,,Mexico,,https://www.marriott.com/en-us/hotels/oaxco-city-centro-oaxaca/overview,Marriott,High,High,existing_exact_match,official_property_id,rec94JxJjq67Db1QN
ind_marriott_mx_oaxxo,OAXXO,City Express by Marriott Oaxaca,City Express by Marriott,Marriott,Oaxaca,,Mexico,,https://www.marriott.com/en-us/hotels/oaxxo-city-express-oaxaca/overview,Marriott,High,High,existing_exact_match,official_property_id,recOssG2yAVsMV1TA
ind_marriott_mx_pazxt,PAZXT,City Express by Marriott Tuxpan,City Express by Marriott,Marriott,,,Mexico,,https://www.marriott.com/en-us/hotels/pazxt-city-express-tuxpan/overview,Marriott,High,High,existing_exact_match,official_property_id,rec4UM5tor3ZMOvpp
ind_marriott_mx_pbcxc,PBCXC,City Express by Marriott Puebla Centro,City Express by Marriott,Marriott,Puebla,,Mexico,,https://www.marriott.com/en-us/hotels/pbcxc-city-express-puebla-centro/overview,Marriott,High,High,existing_exact_match,official_property_id,rec3WviVlaGvOHk7A
ind_marriott_mx_pbcxt,PBCXT,City Express by Marriott Tehuacan,City Express by Marriott,Marriott,,,Mexico,,https://www.marriott.com/en-us/hotels/pbcxt-city-express-tehuacan/overview,Marriott,High,High,existing_exact_match,official_property_id,rectbSfPRogz54ibw
ind_marriott_mx_pbcjf,PBCJF,City Express Junior by Marriott Puebla Finsa,City Express Junior by Marriott,Marriott,Puebla,,Mexico,,https://www.marriott.com/en-us/hotels/pbcjf-city-express-junior-puebla-finsa/overview,Marriott,High,High,existing_exact_match,official_property_id,reczoX8TBZHqfQnFM
ind_marriott_mx_pdsxp,PDSXP,City Express by Marriott Piedras Negras,City Express by Marriott,Marriott,,,Mexico,,https://www.marriott.com/en-us/hotels/pdsxp-city-express-piedras-negras/overview,Marriott,High,High,existing_exact_match,official_property_id,recoi3GR3P76j3Hf8
ind_marriott_mx_ppexc,PPEXC,City Express by Marriott Caborca,City Express by Marriott,Marriott,,,Mexico,,https://www.marriott.com/en-us/hotels/ppexc-city-express-caborca/overview,Marriott,High,High,existing_exact_match,official_property_id,recFbSKBRvO96aJhc
ind_marriott_mx_pbcxa,PBCXA,City Express by Marriott Puebla Angelopolis,City Express by Marriott,Marriott,Puebla,,Mexico,,https://www.marriott.com/en-us/hotels/pbcxa-city-express-puebla-angelopolis/overview,Marriott,High,High,existing_exact_match,official_property_id,reciyDYQxZKUaBzei
ind_marriott_mx_pbcxp,PBCXP,City Express by Marriott Puebla Finsa,City Express by Marriott,Marriott,Puebla,,Mexico,,https://www.marriott.com/en-us/hotels/pbcxp-city-express-puebla-finsa/overview,Marriott,High,High,existing_exact_match,official_property_id,recmPaj9MTnVrHe7f
ind_marriott_mx_pbcja,PBCJA,City Express Junior by Marriott Puebla Angelopolis,City Express Junior by Marriott,Marriott,Puebla,,Mexico,,https://www.marriott.com/en-us/hotels/pbcja-city-express-junior-puebla-angelopolis/overview,Marriott,High,High,existing_exact_match,official_property_id,recUJLq5wd12DGP3j
ind_marriott_mx_pbcxx,PBCXX,City Express by Marriott Apizaco,City Express by Marriott,Marriott,,,Mexico,,https://www.marriott.com/en-us/hotels/pbcxx-city-express-apizaco/overview,Marriott,High,High,existing_exact_match,official_property_id,recbu6LO2IU35IHGK
ind_marriott_mx_pvrpp,PVRPP,City Express Plus by Marriott Puerto Vallarta,City Express Plus by Marriott,Marriott,Puerto Vallarta,,Mexico,,https://www.marriott.com/en-us/hotels/pvrpp-city-express-plus-puerto-vallarta/overview,Marriott,High,High,existing_exact_match,official_property_id,recDXIUCxfDirI89P
ind_marriott_mx_pbcsf,PBCSF,City Express Suites Puebla Finsa,City Express Suites by Marriott,Marriott,Puebla,,Mexico,,https://www.marriott.com/en-us/hotels/pbcsf-city-express-suites-puebla-finsa/overview,Marriott,High,High,existing_exact_match,official_property_id,recW9pwrwze84NzIt
ind_marriott_mx_qroxj,QROXJ,City Express by Marriott Querétaro Juríca,City Express by Marriott,Marriott,Querétaro,,Mexico,,https://www.marriott.com/en-us/hotels/qroxj-city-express-queretaro-jurica/overview,Marriott,High,High,existing_exact_match,official_property_id,recZXDc6CVanWN7nx
ind_marriott_mx_qrosq,QROSQ,City Express Suites by Marriott Querétaro,City Express Suites by Marriott,Marriott,Querétaro,,Mexico,,https://www.marriott.com/en-us/hotels/qrosq-city-express-suites-queretaro/overview,Marriott,High,High,existing_exact_match,official_property_id,recb2YTGoBMJbqivz
ind_marriott_mx_qroxq,QROXQ,City Express by Marriott Queretaro,City Express by Marriott,Marriott,Queretaro,,Mexico,,https://www.marriott.com/en-us/hotels/qroxq-city-express-queretaro/overview,Marriott,High,High,existing_exact_match,official_property_id,recY1Kptcu6NaxIUW
ind_marriott_mx_rexxo,REXXO,City Express by Marriott Reynosa Aeropuerto,City Express by Marriott,Marriott,,,Mexico,,https://www.marriott.com/en-us/hotels/rexxo-city-express-reynosa-aeropuerto/overview,Marriott,High,High,existing_exact_match,official_property_id,recSyACHw1xXSYBMp
ind_marriott_mx_rexxr,REXXR,City Express by Marriott Reynosa,City Express by Marriott,Marriott,,,Mexico,,https://www.marriott.com/en-us/hotels/rexxr-city-express-reynosa/overview,Marriott,High,High,existing_exact_match,official_property_id,recI9rkOyGPHCdWvF
ind_marriott_mx_slpjc,SLPJC,City Express Junior by Marriott San Luis Potosi Carranza,City Express Junior by Marriott,Marriott,San Luis Potosi,,Mexico,,https://www.marriott.com/en-us/hotels/slpjc-city-express-junior-san-luis-potosi-carranza/overview,Marriott,High,High,existing_exact_match,official_property_id,recZi6swadKHpn79i
ind_marriott_mx_slpps,SLPPS,City Express Plus by Marriott San Luis Potosí,City Express Plus by Marriott,Marriott,,,Mexico,,https://www.marriott.com/en-us/hotels/slpps-city-express-plus-san-luis-potosi/overview,Marriott,High,High,existing_exact_match,official_property_id,recEERnZ9OmFS0Ihq
ind_marriott_mx_slpji,SLPJI,City Express Junior by Marriott San Luis Potosí Zona Industrial,City Express Junior by Marriott,Marriott,,,Mexico,,https://www.marriott.com/en-us/hotels/slpji-city-express-junior-san-luis-potosi-zona-industrial/overview,Marriott,High,High,existing_exact_match,official_property_id,recXC5BfXlRdAZs8J
ind_marriott_mx_slpcl,SLPCL,City Centro by Marriott San Luis Potosi,City Centro by Marriott,Marriott,San Luis Potosi,,Mexico,,https://www.marriott.com/en-us/hotels/slpcl-city-centro-san-luis-potosi/overview,Marriott,High,High,existing_exact_match,official_property_id,recdpQOUdorYCIiuW
ind_marriott_mx_slpxi,SLPXI,City Express by Marriott San Luis Potosí Zona Industrial,City Express by Marriott,Marriott,,,Mexico,,https://www.marriott.com/en-us/hotels/slpxi-city-express-san-luis-potosi-zona-industrial/overview,Marriott,High,High,existing_exact_match,official_property_id,rec3TjoFBXiolr2lz
ind_marriott_mx_slpxu,SLPXU,City Express by Marriott San Luis Potosi Zona Universitaria,City Express by Marriott,Marriott,San Luis Potosi,,Mexico,,https://www.marriott.com/en-us/hotels/slpxu-city-express-san-luis-potosi-zona-universitaria/overview,Marriott,High,High,existing_exact_match,official_property_id,recBfyKMpVB89NP7v
ind_marriott_mx_sjdpc,SJDPC,City Express Plus by Marriott Cabo San Lucas,City Express Plus by Marriott,Marriott,Cabo San Lucas,,Mexico,,https://www.marriott.com/en-us/hotels/sjdpc-city-express-plus-cabo-san-lucas/overview,Marriott,High,High,existing_exact_match,official_property_id,recgPzQ65o2vdKHw1
ind_marriott_mx_tijpt,TIJPT,City Express Plus by Marriott Tijuana,City Express Plus by Marriott,Marriott,Tijuana,,Mexico,,https://www.marriott.com/en-us/hotels/tijpt-city-express-plus-tijuana/overview,Marriott,High,High,existing_exact_match,official_property_id,recWA9YM1J5qwhAuX
ind_marriott_mx_tampt,TAMPT,City Express Plus by Marriott Tampico,City Express Plus by Marriott,Marriott,Tampico,,Mexico,,https://www.marriott.com/en-us/hotels/tampt-city-express-plus-tampico/overview,Marriott,High,High,existing_exact_match,official_property_id,recSMoCDn3aWB9GiU
ind_marriott_mx_tijxe,TIJXE,City Express by Marriott Ensenada,City Express by Marriott,Marriott,Ensenada,,Mexico,,https://www.marriott.com/en-us/hotels/tijxe-city-express-ensenada/overview,Marriott,High,High,existing_exact_match,official_property_id,recNp03GUMx632gms
ind_marriott_mx_tgzjp,TGZJP,City Express Junior by Marriott Tuxtla Gutiérrez Poliforum,City Express Junior by Marriott,Marriott,Tuxtla Gutiérrez,,Mexico,,https://www.marriott.com/en-us/hotels/tgzjp-city-express-junior-tuxtla-gutierrez-poliforum/overview,Marriott,High,High,existing_exact_match,official_property_id,recgsWRc9zSJuQFZI
ind_marriott_mx_tamxt,TAMXT,City Express by Marriott Tampico,City Express by Marriott,Marriott,Tampico,,Mexico,,https://www.marriott.com/en-us/hotels/tamxt-city-express-tampico/overview,Marriott,High,High,existing_exact_match,official_property_id,recFHjOKxoMyG0XIK
ind_marriott_mx_tijpe,TIJPE,City Express Plus by Marriott Ensenada,City Express Plus by Marriott,Marriott,Ensenada,,Mexico,,https://www.marriott.com/en-us/hotels/tijpe-city-express-plus-ensenada/overview,Marriott,High,High,existing_exact_match,official_property_id,recKSmg9mMbMY1wtp
ind_marriott_mx_tpqxt,TPQXT,City Express by Marriott Tepic,City Express by Marriott,Marriott,,,Mexico,,https://www.marriott.com/en-us/hotels/tpqxt-city-express-tepic/overview,Marriott,High,High,existing_exact_match,official_property_id,recMSlR5wm8H3sq22
ind_marriott_mx_tlcxt,TLCXT,City Express by Marriott Toluca,City Express by Marriott,Marriott,Toluca,,Mexico,,https://www.marriott.com/en-us/hotels/tlcxt-city-express-toluca/overview,Marriott,High,High,existing_exact_match,official_property_id,rec3r0RkkJwwD30uk
ind_marriott_mx_tijxo,TIJXO,City Express by Marriott Tijuana Otay,City Express by Marriott,Marriott,Tijuana,,Mexico,,https://www.marriott.com/en-us/hotels/tijxo-city-express-tijuana-otay/overview,Marriott,High,High,existing_exact_match,official_property_id,recqdJthjwPWWXXFh
ind_marriott_mx_tamxa,TAMXA,City Express by Marriott Tampico Altamira,City Express by Marriott,Marriott,Tampico,,Mexico,,https://www.marriott.com/en-us/hotels/tamxa-city-express-tampico-altamira/overview,Marriott,High,High,existing_exact_match,official_property_id,recKRCToclpJh1Pi8
ind_marriott_mx_tijxs,TIJXS,City Express by Marriott Rosarito,City Express by Marriott,Marriott,,,Mexico,,https://www.marriott.com/en-us/hotels/tijxs-city-express-rosarito/overview,Marriott,High,High,existing_exact_match,official_property_id,rec9fNNwBiJXgLuFS
ind_marriott_mx_tgzxt,TGZXT,City Express by Marriott Tuxtla Gutierrez,City Express by Marriott,Marriott,Tuxtla Gutierrez,,Mexico,,https://www.marriott.com/en-us/hotels/tgzxt-city-express-tuxtla-gutierrez/overview,Marriott,High,High,existing_exact_match,official_property_id,recZqcwBkSMyxQ1Jq
ind_marriott_mx_tapxt,TAPXT,City Express by Marriott Tapachula,City Express by Marriott,Marriott,,,Mexico,,https://www.marriott.com/en-us/hotels/tapxt-city-express-tapachula/overview,Marriott,High,High,existing_exact_match,official_property_id,rec6Zn0N2vUDkRvk5
ind_marriott_mx_tgzxc,TGZXC,City Express by Marriott Comitan,City Express by Marriott,Marriott,,,Mexico,,https://www.marriott.com/en-us/hotels/tgzxc-city-express-comitan/overview,Marriott,High,High,existing_exact_match,official_property_id,rechwUNPEg0gVnalw
ind_marriott_mx_tijxr,TIJXR,City Express by Marriott Tijuana Río,City Express by Marriott,Marriott,Tijuana,,Mexico,,https://www.marriott.com/en-us/hotels/tijxr-city-express-tijuana-rio/overview,Marriott,High,High,existing_exact_match,official_property_id,recNoviJYWbkoFKIm
ind_marriott_mx_tijsr,TIJSR,City Express Suites by Marriott Tijuana Rio,City Express Suites by Marriott,Marriott,Tijuana,,Mexico,,https://www.marriott.com/en-us/hotels/tijsr-city-express-suites-tijuana-rio/overview,Marriott,High,High,existing_exact_match,official_property_id,recZZ4Cf7WIUTkhgF
ind_marriott_mx_tijxi,TIJXI,City Express by Marriott Tijuana Insurgentes,City Express by Marriott,Marriott,Tijuana,,Mexico,,https://www.marriott.com/en-us/hotels/tijxi-city-express-tijuana-insurgentes/overview,Marriott,High,High,existing_exact_match,official_property_id,recnJKz9nemQl9bwz
ind_marriott_mx_tijjo,TIJJO,City Express Junior by Marriott Tijuana Otay,City Express Junior by Marriott,Marriott,Tijuana,,Mexico,,https://www.marriott.com/en-us/hotels/tijjo-city-express-junior-tijuana-otay/overview,Marriott,High,High,existing_exact_match,official_property_id,rececf1L711v2K9it
ind_marriott_mx_tlcjo,TLCJO,City Express Junior by Marriott Toluca Aeropuerto,City Express Junior by Marriott,Marriott,Toluca,,Mexico,,https://www.marriott.com/en-us/hotels/tlcjo-city-express-junior-toluca-aeropuerto/overview,Marriott,High,High,existing_exact_match,official_property_id,rectNxY0LS8V7tKMJ
ind_marriott_mx_tlcji,TLCJI,City Express Junior by Marriott Toluca Zona Industrial,City Express Junior by Marriott,Marriott,Toluca,,Mexico,,https://www.marriott.com/en-us/hotels/tlcji-city-express-junior-toluca-zona-industrial/overview,Marriott,High,High,existing_exact_match,official_property_id,recW8F0Kg0Y4bA6L5
ind_marriott_mx_trcxt,TRCXT,City Express by Marriott Torreón,City Express by Marriott,Marriott,Torreón,,Mexico,,https://www.marriott.com/en-us/hotels/trcxt-city-express-torreon/overview,Marriott,High,High,existing_exact_match,official_property_id,reczH0BI0Ll1UqzGr
ind_marriott_mx_tijxf,TIJXF,City Express by Marriott Tijuana El Florido,City Express by Marriott,Marriott,Tijuana,,Mexico,,https://www.marriott.com/en-us/hotels/tijxf-city-express-tijuana-el-florido/overview,Marriott,High,High,existing_exact_match,official_property_id,rec6E4PDkrMHpPIY8
ind_marriott_mx_vsajv,VSAJV,City Express Junior by Marriott Villahermosa,City Express Junior by Marriott,Marriott,Villahermosa,,Mexico,,https://www.marriott.com/en-us/hotels/vsajv-city-express-junior-villahermosa/overview,Marriott,High,High,existing_exact_match,official_property_id,recxmiJIcD4ZjElfi
ind_marriott_mx_verjt,VERJT,City Express Junior by Marriott Tuxtepec,City Express Junior by Marriott,Marriott,,,Mexico,,https://www.marriott.com/en-us/hotels/verjt-city-express-junior-tuxtepec/overview,Marriott,High,High,existing_exact_match,official_property_id,recAymC67NGyq50tR
ind_marriott_mx_verjo,VERJO,City Express Junior by Marriott Veracruz Aeropuerto,City Express Junior by Marriott,Marriott,Veracruz,,Mexico,,https://www.marriott.com/en-us/hotels/verjo-city-express-junior-veracruz-aeropuerto/overview,Marriott,High,High,existing_exact_match,official_property_id,recTS1zpCp5NEa7QQ
ind_marriott_mx_verxx,VERXX,City Express by Marriott Xalapa,City Express by Marriott,Marriott,,,Mexico,,https://www.marriott.com/en-us/hotels/verxx-city-express-xalapa/overview,Marriott,High,High,existing_exact_match,official_property_id,recHlobHjcA75VtcJ
ind_marriott_mx_vsaxv,VSAXV,City Express by Marriott Villahermosa,City Express by Marriott,Marriott,Villahermosa,,Mexico,,https://www.marriott.com/en-us/hotels/vsaxv-city-express-villahermosa/overview,Marriott,High,High,existing_exact_match,official_property_id,recVL68T0NFcZDu6s
ind_marriott_mx_verxv,VERXV,City Express by Marriott Veracruz,City Express by Marriott,Marriott,Veracruz,,Mexico,,https://www.marriott.com/en-us/hotels/verxv-city-express-veracruz/overview,Marriott,High,High,existing_exact_match,official_property_id,rec5gAba1YRnpFGDT
ind_marriott_mx_vsaxp,VSAXP,City Express by Marriott Paraiso,City Express by Marriott,Marriott,,,Mexico,,https://www.marriott.com/en-us/hotels/vsaxp-city-express-paraiso/overview,Marriott,High,High,existing_exact_match,official_property_id,recmj86qMvoIUFTWB
ind_marriott_mx_zloxm,ZLOXM,City Express by Marriott Manzanillo,City Express by Marriott,Marriott,,,Mexico,,https://www.marriott.com/en-us/hotels/zloxm-city-express-manzanillo/overview,Marriott,High,High,existing_exact_match,official_property_id,recl8iYOJFZer6mV4
ind_marriott_mx_zihxl,ZIHXL,City Express by Marriott Lazaro Cardenas,City Express by Marriott,Marriott,,,Mexico,,https://www.marriott.com/en-us/hotels/zihxl-city-express-lazaro-cardenas/overview,Marriott,High,High,existing_exact_match,official_property_id,recQtB5qNgfx3ae8C
ind_marriott_mx_zclxz,ZCLXZ,City Express by Marriott Zacatecas,City Express by Marriott,Marriott,,,Mexico,,https://www.marriott.com/en-us/hotels/zclxz-city-express-zacatecas/overview,Marriott,High,High,existing_exact_match,official_property_id,recsEzHhhjBaEkAfS
ind_marriott_mx_bjxcy,BJXCY,Courtyard by Marriott Leon at The Poliforum,Courtyard by Marriott,Marriott,Leon,,Mexico,,https://www.marriott.com/en-us/hotels/bjxcy-courtyard-leon-at-the-poliforum/overview,Marriott,High,High,existing_exact_match,official_property_id,rec5qfpj2IeCVyNhk
ind_marriott_mx_cjscy,CJSCY,Courtyard by Marriott Ciudad Juarez,Courtyard by Marriott,Marriott,Ciudad Juarez,,Mexico,,https://www.marriott.com/en-us/hotels/cjscy-courtyard-ciudad-juarez/overview,Marriott,High,High,existing_exact_match,official_property_id,rec6MrduixRY9kW5b
ind_marriott_mx_cuncy,CUNCY,Courtyard by Marriott Cancun Airport,Courtyard by Marriott,Marriott,Cancun,,Mexico,,https://www.marriott.com/en-us/hotels/cuncy-courtyard-cancun-airport/overview,Marriott,High,High,existing_exact_match,official_property_id,recTBVIDbsQX7bW3J
ind_marriott_mx_cuucy,CUUCY,Courtyard by Marriott Chihuahua,Courtyard by Marriott,Marriott,Chihuahua,,Mexico,,https://www.marriott.com/en-us/hotels/cuucy-courtyard-chihuahua/overview,Marriott,High,High,existing_exact_match,official_property_id,recMObl4hqQQPBTnf
ind_marriott_mx_cmeyc,CMEYC,Courtyard by Marriott Ciudad del Carmen Campeche,Courtyard by Marriott,Marriott,,,Mexico,,https://www.marriott.com/en-us/hotels/cmeyc-courtyard-ciudad-del-carmen-campeche/overview,Marriott,High,High,existing_exact_match,official_property_id,recmjnqTRjRzZ8zfV
ind_marriott_mx_cunpy,CUNPY,Courtyard By Marriott Playa del Carmen Quintana Roo,Courtyard by Marriott,Marriott,Playa del Carmen,,Mexico,,https://www.marriott.com/en-us/hotels/cunpy-courtyard-playa-del-carmen-quintana-roo/overview,Marriott,High,High,existing_exact_match,official_property_id,rechcqksn3VfFD3c6
ind_marriott_mx_gdlca,GDLCA,Courtyard by Marriott Guadalajara Andares,Courtyard by Marriott,Marriott,Guadalajara,,Mexico,,https://www.marriott.com/en-us/hotels/gdlca-courtyard-guadalajara-andares/overview,Marriott,High,High,existing_exact_match,official_property_id,recuDYCryHD3kk2LN
ind_marriott_mx_hmocy,HMOCY,Courtyard by Marriott Hermosillo,Courtyard by Marriott,Marriott,Hermosillo,,Mexico,,https://www.marriott.com/en-us/hotels/hmocy-courtyard-hermosillo/overview,Marriott,High,High,existing_exact_match,official_property_id,rec51OYDolLSytqZy
ind_marriott_mx_lapcy,LAPCY,Courtyard by Marriott La Paz Baja California Sur,Courtyard by Marriott,Marriott,La Paz,,Mexico,,https://www.marriott.com/en-us/hotels/lapcy-courtyard-la-paz-baja-california-sur/overview,Marriott,High,High,existing_exact_match,official_property_id,reck5RHpj6sCkCQGy
ind_marriott_mx_mexcy,MEXCY,Courtyard by Marriott Mexico City Airport,Courtyard by Marriott,Marriott,Mexico City,,Mexico,,https://www.marriott.com/en-us/hotels/mexcy-courtyard-mexico-city-airport/overview,Marriott,High,High,existing_exact_match,official_property_id,recCabd9yzDW6ldAR
ind_marriott_mx_mexna,MEXNA,Courtyard by Marriott Mexico City Toreo,Courtyard by Marriott,Marriott,Mexico City,,Mexico,,https://www.marriott.com/en-us/hotels/mexna-courtyard-mexico-city-toreo/overview,Marriott,High,High,existing_exact_match,official_property_id,rec8p6hfmDomxInK1
ind_marriott_mx_mexrv,MEXRV,Courtyard by Marriott Mexico City Revolucion,Courtyard by Marriott,Marriott,Mexico City,,Mexico,,https://www.marriott.com/en-us/hotels/mexrv-courtyard-mexico-city-revolucion/overview,Marriott,High,High,existing_exact_match,official_property_id,rectFA8RUjbUrLjYe
ind_marriott_mx_mexvj,MEXVJ,Courtyard by Marriott Mexico City Vallejo,Courtyard by Marriott,Marriott,Mexico City,,Mexico,,https://www.marriott.com/en-us/hotels/mexvj-courtyard-mexico-city-vallejo/overview,Marriott,High,High,existing_exact_match,official_property_id,recSSJtvfY2l3LVPS
ind_marriott_mx_midcy,MIDCY,Courtyard by Marriott Merida Downtown,Courtyard by Marriott,Marriott,Merida,,Mexico,,https://www.marriott.com/en-us/hotels/midcy-courtyard-merida-downtown/overview,Marriott,High,High,existing_exact_match,official_property_id,recdW3YRb7tr8hI8H
ind_marriott_mx_mtycy,MTYCY,Courtyard by Marriott Monterrey Airport,Courtyard by Marriott,Marriott,Monterrey,,Mexico,,https://www.marriott.com/en-us/hotels/mtycy-courtyard-monterrey-airport/overview,Marriott,High,High,existing_exact_match,official_property_id,rec430gH4YkpNylLe
ind_marriott_mx_mtysj,MTYSJ,Courtyard by Marriott Monterrey San Jeronimo/Valle,Courtyard by Marriott,Marriott,Monterrey,,Mexico,,https://www.marriott.com/en-us/hotels/mtysj-courtyard-monterrey-san-jeronimo-valle/overview,Marriott,High,High,existing_exact_match,official_property_id,reckiw3Wpk9ymCNAJ
ind_marriott_mx_mxlcy,MXLCY,Courtyard by Marriott Mexicali,Courtyard by Marriott,Marriott,Mexicali,,Mexico,,https://www.marriott.com/en-us/hotels/mxlcy-courtyard-mexicali/overview,Marriott,High,High,existing_exact_match,official_property_id,rec1o8iZswZ7NeEFe
ind_marriott_mx_mztcy,MZTCY,Courtyard by Marriott Mazatlan Beach Resort,Courtyard by Marriott,Marriott,Mazatlan,,Mexico,,https://www.marriott.com/en-us/hotels/mztcy-courtyard-mazatlan-beach-resort/overview,Marriott,High,High,existing_exact_match,official_property_id,recUGsZ3A0uUb5rUY
ind_marriott_mx_pbccy,PBCCY,Courtyard by Marriott Puebla Las Animas,Courtyard by Marriott,Marriott,Puebla,,Mexico,,https://www.marriott.com/en-us/hotels/pbccy-courtyard-puebla-las-animas/overview,Marriott,High,High,existing_exact_match,official_property_id,recBfgJB4MLv3aKUF
ind_marriott_mx_pazcy,PAZCY,Courtyard by Marriott Tuxpan Veracruz,Courtyard by Marriott,Marriott,Veracruz,,Mexico,,https://www.marriott.com/en-us/hotels/pazcy-courtyard-tuxpan-veracruz/overview,Marriott,High,High,existing_exact_match,official_property_id,recGrewvjrF4FS2Gq
ind_marriott_mx_qrocy,QROCY,Courtyard by Marriott Queretaro,Courtyard by Marriott,Marriott,Queretaro,,Mexico,,https://www.marriott.com/en-us/hotels/qrocy-courtyard-queretaro/overview,Marriott,High,High,existing_exact_match,official_property_id,recIM8FkmHH8xStmh
ind_marriott_mx_slpcs,SLPCS,"Courtyard by Marriott San Luis Potosi, Los Lagos",Courtyard by Marriott,Marriott,Los Lagos,,Mexico,,https://www.marriott.com/en-us/hotels/slpcs-courtyard-san-luis-potosi-los-lagos/overview,Marriott,High,High,existing_exact_match,official_property_id,recAVVYEbtuOwoRXW
ind_marriott_mx_slpcy,SLPCY,Courtyard by Marriott San Luis Potosi,Courtyard by Marriott,Marriott,San Luis Potosi,,Mexico,,https://www.marriott.com/en-us/hotels/slpcy-courtyard-san-luis-potosi/overview,Marriott,High,High,existing_exact_match,official_property_id,reczyEg5wF9IzbDkE
ind_marriott_mx_slwcs,SLWCS,Courtyard by Marriott Saltillo,Courtyard by Marriott,Marriott,Saltillo,,Mexico,,https://www.marriott.com/en-us/hotels/slwcs-courtyard-saltillo/overview,Marriott,High,High,existing_exact_match,official_property_id,recJk0SjLzpypx9BV
ind_marriott_mx_tlccy,TLCCY,Courtyard by Marriott Toluca Airport,Courtyard by Marriott,Marriott,Toluca,,Mexico,,https://www.marriott.com/en-us/hotels/tlccy-courtyard-toluca-airport/overview,Marriott,High,High,existing_exact_match,official_property_id,recSCWcvLnVptedDn
ind_marriott_mx_tlctm,TLCTM,Courtyard by Marriott Toluca Tollocan,Courtyard by Marriott,Marriott,Toluca,,Mexico,,https://www.marriott.com/en-us/hotels/tlctm-courtyard-toluca-tollocan/overview,Marriott,High,High,existing_exact_match,official_property_id,recGllXxmJ417HnOI
ind_marriott_mx_trcct,TRCCT,Courtyard by Marriott Torreón,Courtyard by Marriott,Marriott,Torreón,,Mexico,,https://www.marriott.com/en-us/hotels/trcct-courtyard-torreon/overview,Marriott,High,High,existing_exact_match,official_property_id,recN7QtfDxpcFajlp
ind_marriott_mx_tijpc,TIJPC,"Courtyard by Marriott Tijuana, Plaza Toreo",Courtyard by Marriott,Marriott,Plaza Toreo,,Mexico,,https://www.marriott.com/en-us/hotels/tijpc-courtyard-tijuana-plaza-toreo/overview,Marriott,High,High,existing_exact_match,official_property_id,recMy5X6ZhHH9uckB
ind_marriott_mx_vsacy,VSACY,Courtyard by Marriott Villahermosa Tabasco,Courtyard by Marriott,Marriott,Villahermosa,,Mexico,,https://www.marriott.com/en-us/hotels/vsacy-courtyard-villahermosa-tabasco/overview,Marriott,High,High,existing_exact_match,official_property_id,rec0RcSXXANhkrrqD
ind_marriott_mx_agufi,AGUFI,Fairfield by Marriott Inn & Suites Aguascalientes,Fairfield by Marriott,Marriott,Aguascalientes,,Mexico,,https://www.marriott.com/en-us/hotels/agufi-fairfield-inn-and-suites-aguascalientes/overview,Marriott,High,High,existing_exact_match,official_property_id,recUegJ4DWlgu1QBJ
ind_marriott_mx_bjxfi,BJXFI,Fairfield by Marriott Inn & Suites Silao Guanajuato Airport,Fairfield by Marriott,Marriott,,,Mexico,,https://www.marriott.com/en-us/hotels/bjxfi-fairfield-inn-and-suites-silao-guanajuato-airport/overview,Marriott,High,High,existing_exact_match,official_property_id,recyXUYz8L6Ew3scl
ind_marriott_mx_cunfd,CUNFD,Fairfield by Marriott Inn & Suites Cancun Downtown,Fairfield by Marriott,Marriott,Cancun,,Mexico,,https://www.marriott.com/en-us/hotels/cunfd-fairfield-inn-and-suites-cancun-downtown/overview,Marriott,High,High,existing_exact_match,official_property_id,recc9KPpZKnffD7qw
ind_marriott_mx_cunfi,CUNFI,Fairfield by Marriott Inn & Suites Cancun Airport,Fairfield by Marriott,Marriott,Cancun,,Mexico,,https://www.marriott.com/en-us/hotels/cunfi-fairfield-inn-and-suites-cancun-airport/overview,Marriott,High,High,existing_exact_match,official_property_id,recn43EWIqHWm3Vk9
ind_marriott_mx_mexfi,MEXFI,Fairfield by Marriott Inn & Suites Mexico City Vallejo,Fairfield by Marriott,Marriott,Mexico City,,Mexico,,https://www.marriott.com/en-us/hotels/mexfi-fairfield-inn-and-suites-mexico-city-vallejo/overview,Marriott,High,High,existing_exact_match,official_property_id,recZ55ldrLtm4QUpY
ind_marriott_mx_mxlfi,MXLFI,Fairfield by Marriott Inn & Suites Mexicali,Fairfield by Marriott,Marriott,Mexicali,,Mexico,,https://www.marriott.com/en-us/hotels/mxlfi-fairfield-inn-and-suites-mexicali/overview,Marriott,High,High,existing_exact_match,official_property_id,recWBinLsSRLIEiyx
ind_marriott_mx_nogfi,NOGFI,Fairfield by Marriott Inn & Suites Nogales,Fairfield by Marriott,Marriott,,,Mexico,,https://www.marriott.com/en-us/hotels/nogfi-fairfield-inn-and-suites-nogales/overview,Marriott,High,High,existing_exact_match,official_property_id,reckkBXjDTYHlm3T6
ind_marriott_mx_qropt,QROPT,Fairfield by Marriott Inn & Suites Queretaro Juriquilla,Fairfield by Marriott,Marriott,Queretaro,,Mexico,,https://www.marriott.com/en-us/hotels/qropt-fairfield-inn-and-suites-queretaro-juriquilla/overview,Marriott,High,High,existing_exact_match,official_property_id,rec5sfe6f4FvnY26s
ind_marriott_mx_sjdfi,SJDFI,Fairfield by Marriott Los Cabos,Fairfield by Marriott,Marriott,Los Cabos,,Mexico,,https://www.marriott.com/en-us/hotels/sjdfi-fairfield-los-cabos/overview,Marriott,High,High,existing_exact_match,official_property_id,rec4TCkTfWQN60yfs
ind_marriott_mx_slpfi,SLPFI,Fairfield by Marriott Inn & Suites San Luis Potosi,Fairfield by Marriott,Marriott,San Luis Potosi,,Mexico,,https://www.marriott.com/en-us/hotels/slpfi-fairfield-inn-and-suites-san-luis-potosi/overview,Marriott,High,High,existing_exact_match,official_property_id,recjjRzKOgvEIHanr
ind_marriott_mx_slplf,SLPLF,Fairfield by Marriott San Luis Potosí Los Lagos,Fairfield by Marriott,Marriott,,,Mexico,,https://www.marriott.com/en-us/hotels/slplf-fairfield-san-luis-potosi-los-lagos/overview,Marriott,High,High,existing_exact_match,official_property_id,rechhusCkbg0PDVxE
ind_marriott_mx_tijfi,TIJFI,Fairfield by Marriott Inn & Suites Tijuana,Fairfield by Marriott,Marriott,Tijuana,,Mexico,,https://www.marriott.com/en-us/hotels/tijfi-fairfield-inn-and-suites-tijuana/overview,Marriott,High,High,existing_exact_match,official_property_id,recIU4MXYb13xaVer
ind_marriott_mx_cjsfp,CJSFP,Four Points by Sheraton Ciudad Juarez,Four Points by Sheraton,Marriott,Ciudad Juarez,,Mexico,,https://www.marriott.com/en-us/hotels/cjsfp-four-points-ciudad-juarez/overview,Marriott,High,High,existing_exact_match,official_property_id,recNt8UPKprVt3l16
ind_marriott_mx_cunfp,CUNFP,Four Points by Sheraton Cancun Centro,Four Points by Sheraton,Marriott,Cancun,,Mexico,,https://www.marriott.com/en-us/hotels/cunfp-four-points-cancun-centro/overview,Marriott,High,High,existing_exact_match,official_property_id,recySPniSwEyH4VNf
ind_marriott_mx_cuufp,CUUFP,Four Points by Sheraton Distrito Uno Chihuahua,Four Points by Sheraton,Marriott,Chihuahua,,Mexico,,https://www.marriott.com/en-us/hotels/cuufp-four-points-distrito-uno-chihuahua/overview,Marriott,High,High,existing_exact_match,official_property_id,reco4kXJWEpjWKDpk
ind_marriott_mx_mexfp,MEXFP,"Four Points by Sheraton Mexico City, Colonia Roma",Four Points by Sheraton,Marriott,Colonia Roma,,Mexico,,https://www.marriott.com/en-us/hotels/mexfp-four-points-mexico-city-colonia-roma/overview,Marriott,High,High,existing_exact_match,official_property_id,rec6pPaRLOnkHYLI9
ind_marriott_mx_mtyfa,MTYFA,Four Points by Sheraton Monterrey Airport,Four Points by Sheraton,Marriott,Monterrey,,Mexico,,https://www.marriott.com/en-us/hotels/mtyfa-four-points-monterrey-airport/overview,Marriott,High,High,existing_exact_match,official_property_id,recnWY3v8avlAsxBY
ind_marriott_mx_mtyfl,MTYFL,Four Points by Sheraton Monterrey Linda Vista,Four Points by Sheraton,Marriott,Monterrey,,Mexico,,https://www.marriott.com/en-us/hotels/mtyfl-four-points-monterrey-linda-vista/overview,Marriott,High,High,existing_exact_match,official_property_id,recjaNkF4lFCtSPeK
ind_marriott_mx_mtyfp,MTYFP,Four Points by Sheraton Galerias Monterrey,Four Points by Sheraton,Marriott,Monterrey,,Mexico,,https://www.marriott.com/en-us/hotels/mtyfp-four-points-galerias-monterrey/overview,Marriott,High,High,existing_exact_match,official_property_id,recnQNqtY6EgOUlMZ
ind_marriott_mx_pbcfp,PBCFP,Four Points by Sheraton Puebla,Four Points by Sheraton,Marriott,Puebla,,Mexico,,https://www.marriott.com/en-us/hotels/pbcfp-four-points-puebla/overview,Marriott,High,High,existing_exact_match,official_property_id,recQUP9rZXJMGFfHk
ind_marriott_mx_qroqf,QROQF,Four Points by Sheraton Queretaro Norte,Four Points by Sheraton,Marriott,Queretaro,,Mexico,,https://www.marriott.com/en-us/hotels/qroqf-four-points-queretaro-norte/overview,Marriott,High,High,existing_exact_match,official_property_id,receH25V0G073mdAp
ind_marriott_mx_slwfp,SLWFP,Four Points by Sheraton Saltillo,Four Points by Sheraton,Marriott,Saltillo,,Mexico,,https://www.marriott.com/en-us/hotels/slwfp-four-points-saltillo/overview,Marriott,High,High,existing_exact_match,official_property_id,recLhrnzdQ7fUdXGc
ind_marriott_mx_verfp,VERFP,Four Points by Sheraton Veracruz,Four Points by Sheraton,Marriott,Veracruz,,Mexico,,https://www.marriott.com/en-us/hotels/verfp-four-points-veracruz/overview,Marriott,High,High,existing_exact_match,official_property_id,rec9QAAmWm0I22Lxn
ind_marriott_mx_tqoox,TQOOX,Moxy Tulum,Moxy Hotels,Marriott,Tulum,,Mexico,,https://www.marriott.com/en-us/hotels/tqoox-moxy-tulum/overview,Marriott,High,High,existing_exact_match,official_property_id,recgOz8PiG8e6gmaE
ind_marriott_mx_tqoba,TQOBA,"Bloom Tulum, Apartments by Marriott Bonvoy",Apartments by Marriott Bonvoy,Marriott,Tulum,,Mexico,,https://www.marriott.com/en-us/hotels/tqoba-bloom-tulum-apartments-bonvoy/overview,Marriott,High,High,existing_exact_match,official_property_id,recYJmBcx8NGFGrB4
ind_marriott_mx_cunrp,CUNRP,Residence Inn by Marriott Playa del Carmen,Residence Inn by Marriott,Marriott,Playa del Carmen,,Mexico,,https://www.marriott.com/en-us/hotels/cunrp-residence-inn-playa-del-carmen/overview,Marriott,High,High,existing_exact_match,official_property_id,recUx1PzHfwOfOxJN
ind_marriott_mx_cunri,CUNRI,Residence Inn by Marriott Cancun Hotel Zone,Residence Inn by Marriott,Marriott,Cancun,,Mexico,,https://www.marriott.com/en-us/hotels/cunri-residence-inn-cancun-hotel-zone/overview,Marriott,High,High,existing_exact_match,official_property_id,recDj7ovXKgbWOzmX
ind_marriott_mx_gdlcr,GDLCR,Residence Inn by Marriott Guadalajara Country Club,Residence Inn by Marriott,Marriott,Guadalajara,,Mexico,,https://www.marriott.com/en-us/hotels/gdlcr-residence-inn-guadalajara-country-club/overview,Marriott,High,High,existing_exact_match,official_property_id,rec7aI3HNSKi8UwQu
ind_marriott_mx_midri,MIDRI,Residence Inn by Marriott Merida,Residence Inn by Marriott,Marriott,Merida,,Mexico,,https://www.marriott.com/en-us/hotels/midri-residence-inn-merida/overview,Marriott,High,High,existing_exact_match,official_property_id,recO4HNmT1OieR57j